keyword_a,keyword_b,weight
"air velocity","livestock",1
"air velocity","poultry",1
"livestock","poultry",2
"animal feed","animals",28
"animal feed","cattle/metabolism",3
"animal feed","fatty acids/analysis",3
"animal feed","lactation/physiology",2
"animal feed","milk/chemistry",4
"animal feed","taste",1
"animals","cattle/metabolism",15
"animals","fatty acids/analysis",5
"animals","lactation/physiology",27
"animals","milk/chemistry",41
"animals","taste",5
"cattle/metabolism","fatty acids/analysis",2
"cattle/metabolism","lactation/physiology",5
"cattle/metabolism","milk/chemistry",3
"cattle/metabolism","taste",1
"fatty acids/analysis","lactation/physiology",1
"fatty acids/analysis","milk/chemistry",3
"fatty acids/analysis","taste",1
"lactation/physiology","milk/chemistry",5
"lactation/physiology","taste",1
"milk/chemistry","taste",1
"algorithms","animals",16
"algorithms","cattle",6
"algorithms","dairy cow",1
"algorithms","lactation",1
"algorithms","logistic models",1
"algorithms","machine learning",10
"algorithms","milk",1
"algorithms","random forest",2
"algorithms","resilience",1
"algorithms","sensors",2
"animals","cattle",235
"animals","dairy cow",36
"animals","lactation",75
"animals","logistic models",7
"animals","machine learning",50
"animals","milk",51
"animals","random forest",7
"animals","resilience",14
"animals","sensors",5
"cattle","dairy cow",20
"cattle","lactation",47
"cattle","logistic models",3
"cattle","machine learning",20
"cattle","milk",32
"cattle","random forest",3
"cattle","resilience",3
"cattle","sensors",2
"dairy cow","lactation",17
"dairy cow","logistic models",1
"dairy cow","machine learning",3
"dairy cow","milk",6
"dairy cow","random forest",1
"dairy cow","resilience",2
"dairy cow","sensors",2
"lactation","logistic models",2
"lactation","machine learning",6
"lactation","milk",21
"lactation","random forest",2
"lactation","resilience",6
"lactation","sensors",1
"logistic models","machine learning",1
"logistic models","milk",2
"logistic models","random forest",1
"logistic models","resilience",1
"logistic models","sensors",1
"machine learning","milk",5
"machine learning","random forest",9
"machine learning","resilience",1
"machine learning","sensors",4
"milk","random forest",2
"milk","resilience",4
"milk","sensors",1
"random forest","resilience",2
"random forest","sensors",1
"resilience","sensors",2
"animals","population density",6
"animals","rural population",2
"animals","wood",2
"population density","rural population",1
"population density","wood",1
"rural population","wood",1
"plf","poultry",7
"ecosystem","environmental monitoring",7
"ecosystem","grassland",9
"ecosystem","india",1
"ecosystem","ndvi",2
"ecosystem","remote sensing technology",5
"environmental monitoring","grassland",2
"environmental monitoring","india",1
"environmental monitoring","ndvi",1
"environmental monitoring","remote sensing technology",1
"grassland","india",1
"grassland","ndvi",1
"grassland","remote sensing technology",3
"india","ndvi",1
"india","remote sensing technology",1
"ndvi","remote sensing technology",1
"animals","behavior",12
"animals","behavior, animal",21
"animals","cattle diseases/diagnosis",20
"animals","lameness",7
"animals","lameness, animal/diagnosis",9
"animals","time factors",28
"behavior","behavior, animal",5
"behavior","cattle",6
"behavior","cattle diseases/diagnosis",1
"behavior","dairy cow",3
"behavior","lameness",2
"behavior","lameness, animal/diagnosis",1
"behavior","time factors",2
"behavior, animal","cattle",9
"behavior, animal","cattle diseases/diagnosis",2
"behavior, animal","dairy cow",5
"behavior, animal","lameness",2
"behavior, animal","lameness, animal/diagnosis",2
"behavior, animal","time factors",2
"cattle","cattle diseases/diagnosis",17
"cattle","lameness",7
"cattle","lameness, animal/diagnosis",8
"cattle","time factors",8
"cattle diseases/diagnosis","dairy cow",3
"cattle diseases/diagnosis","lameness",4
"cattle diseases/diagnosis","lameness, animal/diagnosis",9
"cattle diseases/diagnosis","time factors",2
"dairy cow","lameness",4
"dairy cow","lameness, animal/diagnosis",1
"dairy cow","time factors",3
"lameness","lameness, animal/diagnosis",4
"lameness","time factors",1
"lameness, animal/diagnosis","time factors",1
"animals","dairying",51
"animals","escherichia coli",3
"animals","genetic selection",3
"animals","mastitis",7
"animals","milk/microbiology",9
"animals","somatic cell count",3
"cattle","dairying",27
"cattle","escherichia coli",1
"cattle","genetic selection",2
"cattle","mastitis",5
"cattle","milk/microbiology",8
"cattle","somatic cell count",1
"dairying","escherichia coli",1
"dairying","genetic selection",1
"dairying","mastitis",2
"dairying","milk/microbiology",5
"dairying","somatic cell count",3
"escherichia coli","genetic selection",1
"escherichia coli","mastitis",1
"escherichia coli","milk/microbiology",1
"escherichia coli","somatic cell count",1
"genetic selection","mastitis",1
"genetic selection","milk/microbiology",1
"genetic selection","somatic cell count",1
"mastitis","milk/microbiology",2
"mastitis","somatic cell count",1
"milk/microbiology","somatic cell count",2
"dairy cow","environmental sustainability",1
"air pollutants/metabolism","animals",5
"air pollutants/metabolism","cattle/metabolism",2
"air pollutants/metabolism","dairying/methods",2
"air pollutants/metabolism","environmental monitoring/methods",4
"air pollutants/metabolism","methane",5
"air pollutants/metabolism","methane/metabolism",6
"air pollutants/metabolism","ruminants",2
"animals","dairying/methods",58
"animals","environmental monitoring/methods",12
"animals","methane",31
"animals","methane/metabolism",26
"animals","ruminants",19
"cattle/metabolism","dairying/methods",4
"cattle/metabolism","environmental monitoring/methods",2
"cattle/metabolism","methane",5
"cattle/metabolism","methane/metabolism",5
"cattle/metabolism","ruminants",1
"dairying/methods","environmental monitoring/methods",1
"dairying/methods","methane",3
"dairying/methods","methane/metabolism",3
"dairying/methods","ruminants",1
"environmental monitoring/methods","methane",4
"environmental monitoring/methods","methane/metabolism",4
"environmental monitoring/methods","ruminants",1
"methane","methane/metabolism",13
"methane","ruminants",1
"methane/metabolism","ruminants",2
"animals","cattle diseases/metabolism",5
"animals","dairying/economics",15
"animals","herbivory",14
"animals","milk production",7
"animals","reproduction",17
"animals","seasons",30
"cattle","cattle diseases/metabolism",5
"cattle","dairying/economics",9
"cattle","herbivory",7
"cattle","milk production",6
"cattle","reproduction",6
"cattle","seasons",11
"cattle diseases/metabolism","dairying/economics",1
"cattle diseases/metabolism","herbivory",1
"cattle diseases/metabolism","lactation",3
"cattle diseases/metabolism","lameness",1
"cattle diseases/metabolism","logistic models",1
"cattle diseases/metabolism","milk",1
"cattle diseases/metabolism","milk production",1
"cattle diseases/metabolism","reproduction",1
"cattle diseases/metabolism","seasons",1
"dairying/economics","herbivory",1
"dairying/economics","lactation",4
"dairying/economics","lameness",2
"dairying/economics","logistic models",1
"dairying/economics","milk",4
"dairying/economics","milk production",2
"dairying/economics","reproduction",2
"dairying/economics","seasons",2
"herbivory","lactation",1
"herbivory","lameness",1
"herbivory","logistic models",1
"herbivory","milk",2
"herbivory","milk production",1
"herbivory","reproduction",2
"herbivory","seasons",3
"lactation","lameness",4
"lactation","milk production",3
"lactation","reproduction",5
"lactation","seasons",4
"lameness","logistic models",1
"lameness","milk",2
"lameness","milk production",1
"lameness","reproduction",1
"lameness","seasons",1
"logistic models","milk production",2
"logistic models","reproduction",1
"logistic models","seasons",1
"milk","milk production",4
"milk","reproduction",4
"milk","seasons",1
"milk production","reproduction",1
"milk production","seasons",1
"reproduction","seasons",1
"animal feed","biofuels",1
"animal feed","biomass",1
"animal feed","reproduction/physiology",2
"animal feed","temperature",1
"animals","biofuels",2
"animals","biomass",3
"animals","reproduction/physiology",10
"animals","temperature",36
"biofuels","biomass",2
"biofuels","reproduction/physiology",1
"biofuels","temperature",1
"biomass","reproduction/physiology",1
"biomass","temperature",2
"reproduction/physiology","temperature",1
"animals","mice",6
"animals","sheep",58
"mice","sheep",1
"food quality","food safety",1
"food quality","meat",2
"food safety","meat",1
"digital livestock transformation","precision dairy farming",1
"animal husbandry/economics","animal welfare/standards",1
"animal husbandry/economics","animals",8
"animal husbandry/economics","farmers",1
"animal husbandry/economics","farms/economics",2
"animal husbandry/economics","livestock",3
"animal husbandry/economics","livestock production",1
"animal husbandry/economics","technology",1
"animal welfare/standards","animals",6
"animal welfare/standards","farmers",1
"animal welfare/standards","farms/economics",1
"animal welfare/standards","livestock",2
"animal welfare/standards","livestock production",1
"animal welfare/standards","technology",1
"animals","farmers",17
"animals","farms/economics",5
"animals","livestock",77
"animals","livestock production",3
"animals","technology",14
"farmers","farms/economics",1
"farmers","livestock",8
"farmers","livestock production",1
"farmers","technology",4
"farms/economics","livestock",1
"farms/economics","livestock production",1
"farms/economics","technology",3
"livestock","livestock production",2
"livestock","technology",7
"livestock production","technology",1
"animal distribution","animals",7
"animal distribution","cattle",2
"animal distribution","conservation of natural resources",1
"animal distribution","grassland",1
"animal distribution","herbivory",2
"animal distribution","mexico",2
"animal distribution","population dynamics",2
"animals","conservation of natural resources",28
"animals","grassland",14
"animals","mexico",5
"animals","population dynamics",11
"cattle","conservation of natural resources",2
"cattle","grassland",4
"cattle","mexico",2
"cattle","population dynamics",3
"conservation of natural resources","grassland",6
"conservation of natural resources","herbivory",1
"conservation of natural resources","mexico",2
"conservation of natural resources","population dynamics",1
"grassland","herbivory",4
"grassland","mexico",1
"grassland","population dynamics",3
"herbivory","mexico",1
"herbivory","population dynamics",2
"mexico","population dynamics",2
"agriculture","biodiversity",7
"agriculture","cluster analysis",2
"agriculture","hydrogen-ion concentration",1
"agriculture","microbiota",1
"agriculture","nitrates/analysis",1
"agriculture","nitrogen/analysis",1
"agriculture","phylogeny",1
"agriculture","rain",3
"agriculture","seasons",3
"agriculture","soil microbiology",2
"agriculture","soil/chemistry",7
"agriculture","species specificity",3
"agriculture","time factors",1
"biodiversity","cluster analysis",1
"biodiversity","hydrogen-ion concentration",1
"biodiversity","microbiota",1
"biodiversity","nitrates/analysis",1
"biodiversity","nitrogen/analysis",2
"biodiversity","phylogeny",1
"biodiversity","rain",1
"biodiversity","seasons",4
"biodiversity","soil microbiology",1
"biodiversity","soil/chemistry",3
"biodiversity","species specificity",2
"biodiversity","time factors",3
"cluster analysis","hydrogen-ion concentration",1
"cluster analysis","microbiota",1
"cluster analysis","nitrates/analysis",1
"cluster analysis","nitrogen/analysis",1
"cluster analysis","phylogeny",1
"cluster analysis","rain",1
"cluster analysis","seasons",2
"cluster analysis","soil microbiology",1
"cluster analysis","soil/chemistry",1
"cluster analysis","species specificity",1
"cluster analysis","time factors",2
"hydrogen-ion concentration","microbiota",1
"hydrogen-ion concentration","nitrates/analysis",1
"hydrogen-ion concentration","nitrogen/analysis",1
"hydrogen-ion concentration","phylogeny",1
"hydrogen-ion concentration","rain",1
"hydrogen-ion concentration","seasons",1
"hydrogen-ion concentration","soil microbiology",1
"hydrogen-ion concentration","soil/chemistry",1
"hydrogen-ion concentration","species specificity",1
"hydrogen-ion concentration","time factors",2
"microbiota","nitrates/analysis",1
"microbiota","nitrogen/analysis",1
"microbiota","phylogeny",1
"microbiota","rain",1
"microbiota","seasons",1
"microbiota","soil microbiology",2
"microbiota","soil/chemistry",2
"microbiota","species specificity",1
"microbiota","time factors",1
"nitrates/analysis","nitrogen/analysis",1
"nitrates/analysis","phylogeny",1
"nitrates/analysis","rain",1
"nitrates/analysis","seasons",2
"nitrates/analysis","soil microbiology",1
"nitrates/analysis","soil/chemistry",1
"nitrates/analysis","species specificity",1
"nitrates/analysis","time factors",1
"nitrogen/analysis","phylogeny",1
"nitrogen/analysis","rain",1
"nitrogen/analysis","seasons",2
"nitrogen/analysis","soil microbiology",1
"nitrogen/analysis","soil/chemistry",3
"nitrogen/analysis","species specificity",1
"nitrogen/analysis","time factors",1
"phylogeny","rain",1
"phylogeny","seasons",1
"phylogeny","soil microbiology",1
"phylogeny","soil/chemistry",1
"phylogeny","species specificity",2
"phylogeny","time factors",1
"rain","seasons",3
"rain","soil microbiology",1
"rain","soil/chemistry",2
"rain","species specificity",1
"rain","time factors",1
"seasons","soil microbiology",1
"seasons","soil/chemistry",2
"seasons","species specificity",2
"seasons","time factors",5
"soil microbiology","soil/chemistry",5
"soil microbiology","species specificity",1
"soil microbiology","time factors",1
"soil/chemistry","species specificity",1
"soil/chemistry","time factors",1
"species specificity","time factors",1
"animals","bayes theorem",9
"animals","cattle/genetics",43
"animals","genomics/methods",13
"animals","polymorphism, single nucleotide",19
"bayes theorem","cattle/genetics",1
"bayes theorem","genomics/methods",1
"bayes theorem","polymorphism, single nucleotide",1
"cattle/genetics","genomics/methods",2
"cattle/genetics","polymorphism, single nucleotide",7
"genomics/methods","polymorphism, single nucleotide",2
"animals","ecosystem",49
"animals","satellite imagery",2
"ecosystem","mexico",4
"ecosystem","satellite imagery",1
"ecosystem","sheep",4
"mexico","satellite imagery",1
"mexico","sheep",1
"satellite imagery","sheep",1
"air pollution, indoor/analysis","animal feed/analysis",1
"air pollution, indoor/analysis","animal nutritional physiological phenomena",1
"air pollution, indoor/analysis","animals",6
"air pollution, indoor/analysis","chickens/growth & development",1
"air pollution, indoor/analysis","diet/veterinary",1
"air pollution, indoor/analysis","manure/analysis",1
"air pollution, indoor/analysis","nitrogen/analysis",1
"air pollution, indoor/analysis","zea mays",1
"animal feed/analysis","animal nutritional physiological phenomena",34
"animal feed/analysis","animals",95
"animal feed/analysis","chickens/growth & development",6
"animal feed/analysis","diet/veterinary",69
"animal feed/analysis","manure/analysis",1
"animal feed/analysis","nitrogen/analysis",1
"animal feed/analysis","zea mays",2
"animal nutritional physiological phenomena","animals",58
"animal nutritional physiological phenomena","chickens/growth & development",2
"animal nutritional physiological phenomena","diet/veterinary",32
"animal nutritional physiological phenomena","manure/analysis",2
"animal nutritional physiological phenomena","nitrogen/analysis",1
"animal nutritional physiological phenomena","zea mays",4
"animals","chickens/growth & development",11
"animals","diet/veterinary",101
"animals","manure/analysis",10
"animals","nitrogen/analysis",4
"animals","zea mays",9
"chickens/growth & development","diet/veterinary",6
"chickens/growth & development","manure/analysis",1
"chickens/growth & development","nitrogen/analysis",1
"chickens/growth & development","zea mays",1
"diet/veterinary","manure/analysis",2
"diet/veterinary","nitrogen/analysis",1
"diet/veterinary","zea mays",8
"manure/analysis","nitrogen/analysis",2
"manure/analysis","zea mays",1
"nitrogen/analysis","zea mays",1
"animals","biodiversity",18
"animals","cities",1
"animals","disease",3
"animals","europe",7
"animals","kenya",3
"animals","sustainable development",10
"biodiversity","cities",1
"biodiversity","conservation of natural resources",13
"biodiversity","disease",1
"biodiversity","ecosystem",18
"biodiversity","europe",1
"biodiversity","kenya",2
"biodiversity","sustainable development",2
"cities","conservation of natural resources",1
"cities","disease",1
"cities","ecosystem",1
"cities","europe",1
"cities","kenya",1
"cities","sustainable development",2
"conservation of natural resources","disease",1
"conservation of natural resources","ecosystem",22
"conservation of natural resources","europe",1
"conservation of natural resources","kenya",2
"conservation of natural resources","sustainable development",3
"disease","ecosystem",1
"disease","europe",1
"disease","kenya",1
"disease","sustainable development",1
"ecosystem","europe",3
"ecosystem","kenya",2
"ecosystem","sustainable development",4
"europe","kenya",1
"europe","sustainable development",2
"kenya","sustainable development",1
"animal nutritional physiological phenomena","goats/physiology",1
"animal nutritional physiological phenomena","lactation",5
"animal nutritional physiological phenomena","lactation/physiology",6
"animal nutritional physiological phenomena","milk proteins/analysis",1
"animal nutritional physiological phenomena","milk/chemistry",6
"animal nutritional physiological phenomena","resilience",1
"animals","goats/physiology",9
"animals","milk proteins/analysis",5
"goats/physiology","lactation",2
"goats/physiology","lactation/physiology",2
"goats/physiology","milk proteins/analysis",1
"goats/physiology","milk/chemistry",1
"goats/physiology","resilience",1
"lactation","lactation/physiology",1
"lactation","milk proteins/analysis",2
"lactation","milk/chemistry",14
"lactation/physiology","milk proteins/analysis",1
"lactation/physiology","resilience",1
"milk proteins/analysis","milk/chemistry",4
"milk proteins/analysis","resilience",1
"milk/chemistry","resilience",1
"animals","chickens/physiology",49
"animals","poultry",50
"animals","signal transduction",7
"chickens/physiology","poultry",8
"chickens/physiology","signal transduction",1
"poultry","signal transduction",1
"animal husbandry","animal welfare",8
"animal husbandry","animals",32
"animal husbandry","climate",1
"animal husbandry","ruminants",2
"animal husbandry","time factors",3
"animal welfare","animals",64
"animal welfare","climate",1
"animal welfare","ruminants",2
"animal welfare","time factors",1
"animals","climate",8
"climate","ruminants",1
"climate","time factors",1
"ruminants","time factors",1
"livestock","sensors",4
"amino acids/metabolism","animals",5
"amino acids/metabolism","cattle",1
"amino acids/metabolism","dairying",1
"amino acids/metabolism","gene expression regulation",1
"amino acids/metabolism","goats",1
"amino acids/metabolism","nutrigenomics",1
"amino acids/metabolism","signal transduction",1
"animals","gene expression regulation",6
"animals","goats",21
"animals","nutrigenomics",2
"cattle","gene expression regulation",4
"cattle","goats",10
"cattle","nutrigenomics",1
"cattle","signal transduction",2
"dairying","gene expression regulation",1
"dairying","goats",1
"dairying","nutrigenomics",1
"dairying","signal transduction",1
"gene expression regulation","goats",1
"gene expression regulation","nutrigenomics",1
"gene expression regulation","signal transduction",2
"goats","nutrigenomics",2
"goats","signal transduction",1
"nutrigenomics","signal transduction",1
"animal feed/analysis","animal nutritional physiological phenomena/drug effects",7
"animal feed/analysis","ovum/physiology",2
"animal feed/analysis","random allocation",19
"animal nutritional physiological phenomena/drug effects","animals",7
"animal nutritional physiological phenomena/drug effects","diet/veterinary",7
"animal nutritional physiological phenomena/drug effects","ovum/physiology",1
"animal nutritional physiological phenomena/drug effects","random allocation",7
"animals","ovum/physiology",7
"animals","random allocation",26
"diet/veterinary","ovum/physiology",2
"diet/veterinary","random allocation",18
"ovum/physiology","random allocation",2
"animal feed/analysis","breeding",2
"animal feed/analysis","diversity",1
"animal feed/analysis","genetics",3
"animal feed/analysis","goats",2
"animal feed/analysis","meat",1
"animal feed/analysis","nutrigenomics",1
"animals","breeding",42
"animals","diversity",1
"animals","genetics",6
"animals","meat",11
"breeding","diversity",1
"breeding","genetics",3
"breeding","goats",1
"breeding","meat",3
"breeding","nutrigenomics",1
"diversity","genetics",1
"diversity","goats",1
"diversity","meat",1
"diversity","nutrigenomics",1
"genetics","goats",1
"genetics","meat",1
"genetics","nutrigenomics",1
"goats","meat",2
"meat","nutrigenomics",1
"behavior","sheep",2
"animal feed/analysis","animal husbandry/methods",12
"animal feed/analysis","beef cattle",5
"animal feed/analysis","cattle/physiology",10
"animal feed/analysis","dry matter intake",1
"animal feed/analysis","eating",7
"animal feed/analysis","grazing",1
"animal feed/analysis","models, biological",3
"animal feed/analysis","temperature-humidity index",1
"animal feed/analysis","water intake",2
"animal husbandry/methods","animals",102
"animal husbandry/methods","beef cattle",1
"animal husbandry/methods","cattle/physiology",8
"animal husbandry/methods","diet/veterinary",8
"animal husbandry/methods","dry matter intake",1
"animal husbandry/methods","eating",2
"animal husbandry/methods","grazing",2
"animal husbandry/methods","models, biological",8
"animal husbandry/methods","temperature-humidity index",1
"animal husbandry/methods","water intake",2
"animals","beef cattle",10
"animals","cattle/physiology",68
"animals","dry matter intake",5
"animals","eating",26
"animals","grazing",7
"animals","models, biological",22
"animals","temperature-humidity index",2
"animals","water intake",4
"beef cattle","cattle/physiology",4
"beef cattle","diet/veterinary",3
"beef cattle","dry matter intake",2
"beef cattle","eating",2
"beef cattle","grazing",2
"beef cattle","models, biological",1
"beef cattle","temperature-humidity index",1
"beef cattle","water intake",3
"cattle/physiology","diet/veterinary",16
"cattle/physiology","dry matter intake",2
"cattle/physiology","eating",9
"cattle/physiology","grazing",4
"cattle/physiology","models, biological",3
"cattle/physiology","temperature-humidity index",1
"cattle/physiology","water intake",3
"diet/veterinary","dry matter intake",2
"diet/veterinary","eating",9
"diet/veterinary","grazing",2
"diet/veterinary","models, biological",3
"diet/veterinary","temperature-humidity index",1
"diet/veterinary","water intake",2
"dry matter intake","eating",2
"dry matter intake","grazing",2
"dry matter intake","models, biological",1
"dry matter intake","temperature-humidity index",1
"dry matter intake","water intake",2
"eating","grazing",1
"eating","models, biological",1
"eating","temperature-humidity index",1
"eating","water intake",2
"grazing","models, biological",2
"grazing","temperature-humidity index",1
"grazing","water intake",2
"models, biological","temperature-humidity index",1
"models, biological","water intake",1
"temperature-humidity index","water intake",1
"climate","climate resilience",3
"climate","ecosystem",3
"climate","seasons",3
"climate","soil/chemistry",1
"climate","temperature",4
"climate resilience","ecosystem",18
"climate resilience","seasons",3
"climate resilience","soil/chemistry",8
"climate resilience","temperature",7
"ecosystem","seasons",7
"ecosystem","soil/chemistry",5
"ecosystem","temperature",5
"seasons","temperature",7
"soil/chemistry","temperature",1
"animal feed/analysis","cattle",21
"animal feed/analysis","dietary supplements",7
"animal nutritional physiological phenomena","cattle",8
"animal nutritional physiological phenomena","dietary supplements",7
"animals","dietary supplements",18
"cattle","diet/veterinary",31
"cattle","dietary supplements",6
"diet/veterinary","dietary supplements",12
"animals","fatty acids, volatile/metabolism",8
"cattle","fatty acids, volatile/metabolism",4
"cattle diseases/diagnosis","diet/veterinary",2
"cattle diseases/diagnosis","fatty acids, volatile/metabolism",1
"cattle diseases/diagnosis","lactation",4
"cattle diseases/diagnosis","milk",4
"dairy cow","diet/veterinary",8
"dairy cow","fatty acids, volatile/metabolism",1
"diet/veterinary","fatty acids, volatile/metabolism",5
"diet/veterinary","lactation",20
"diet/veterinary","milk",10
"fatty acids, volatile/metabolism","lactation",2
"fatty acids, volatile/metabolism","milk",1
"adult","animal husbandry",1
"adult","animal welfare",4
"adult","animals",12
"adult","cattle",5
"adult","farmers/psychology",3
"adult","middle aged",11
"adult","surveys and questionnaires",6
"adult","united states",2
"animal husbandry","cattle",8
"animal husbandry","farmers/psychology",1
"animal husbandry","middle aged",1
"animal husbandry","surveys and questionnaires",1
"animal husbandry","united states",3
"animal welfare","cattle",16
"animal welfare","farmers/psychology",3
"animal welfare","middle aged",3
"animal welfare","surveys and questionnaires",4
"animal welfare","united states",4
"animals","farmers/psychology",6
"animals","middle aged",8
"animals","surveys and questionnaires",11
"animals","united states",13
"cattle","farmers/psychology",4
"cattle","middle aged",4
"cattle","surveys and questionnaires",7
"cattle","united states",6
"farmers/psychology","middle aged",3
"farmers/psychology","surveys and questionnaires",3
"farmers/psychology","united states",2
"middle aged","surveys and questionnaires",6
"middle aged","united states",2
"surveys and questionnaires","united states",2
"animal feed","body weight",3
"animal feed","cattle/growth & development",1
"animal feed","diet/veterinary",5
"animal feed","eating",6
"animal feed","feed efficiency",2
"animal feed","milk",4
"animal feed","pasture",2
"animal feed","residual feed intake",4
"animals","body weight",21
"animals","cattle/growth & development",6
"animals","feed efficiency",12
"animals","pasture",8
"animals","residual feed intake",8
"body weight","cattle/growth & development",2
"body weight","diet/veterinary",4
"body weight","eating",2
"body weight","feed efficiency",2
"body weight","lactation/physiology",3
"body weight","milk",3
"body weight","pasture",2
"body weight","reproduction/physiology",1
"body weight","residual feed intake",1
"cattle/growth & development","diet/veterinary",4
"cattle/growth & development","eating",1
"cattle/growth & development","feed efficiency",1
"cattle/growth & development","lactation/physiology",2
"cattle/growth & development","milk",1
"cattle/growth & development","pasture",1
"cattle/growth & development","reproduction/physiology",1
"cattle/growth & development","residual feed intake",1
"diet/veterinary","feed efficiency",6
"diet/veterinary","lactation/physiology",11
"diet/veterinary","pasture",3
"diet/veterinary","reproduction/physiology",2
"diet/veterinary","residual feed intake",3
"eating","feed efficiency",4
"eating","lactation/physiology",3
"eating","milk",4
"eating","pasture",3
"eating","reproduction/physiology",1
"eating","residual feed intake",5
"feed efficiency","lactation/physiology",2
"feed efficiency","milk",2
"feed efficiency","pasture",1
"feed efficiency","reproduction/physiology",1
"feed efficiency","residual feed intake",2
"lactation/physiology","milk",5
"lactation/physiology","pasture",1
"lactation/physiology","reproduction/physiology",2
"lactation/physiology","residual feed intake",1
"milk","pasture",2
"milk","reproduction/physiology",3
"milk","residual feed intake",2
"pasture","reproduction/physiology",1
"pasture","residual feed intake",1
"reproduction/physiology","residual feed intake",1
"animals","hydrogen-ion concentration",13
"animals","principal component analysis",5
"hydrogen-ion concentration","principal component analysis",1
"circular economy","covid-",2
"circular economy","supply chain",1
"covid-","supply chain",2
"agriculture","ai",5
"agriculture","animals",44
"agriculture","ecosystem",15
"agriculture","education",1
"agriculture","modeling",3
"agriculture","models, theoretical",5
"agriculture","plf",8
"agriculture","simulation",2
"ai","animals",28
"ai","ecosystem",1
"ai","education",2
"ai","modeling",4
"ai","models, theoretical",6
"ai","plf",6
"ai","simulation",4
"animals","education",4
"animals","modeling",8
"animals","models, theoretical",28
"animals","plf",30
"animals","simulation",6
"ecosystem","education",1
"ecosystem","modeling",1
"ecosystem","models, theoretical",8
"ecosystem","plf",1
"ecosystem","simulation",1
"education","modeling",1
"education","models, theoretical",1
"education","plf",1
"education","simulation",2
"modeling","models, theoretical",5
"modeling","plf",2
"modeling","simulation",4
"models, theoretical","plf",1
"models, theoretical","simulation",4
"plf","simulation",1
"animals","digestion",17
"animals","feeding behavior",16
"animals","methane/analysis",14
"animals","rumen/metabolism",23
"cattle/physiology","digestion",4
"cattle/physiology","feed efficiency",4
"cattle/physiology","feeding behavior",3
"cattle/physiology","lactation",13
"cattle/physiology","methane/analysis",4
"cattle/physiology","milk/chemistry",5
"cattle/physiology","rumen/metabolism",4
"diet/veterinary","digestion",8
"diet/veterinary","feeding behavior",10
"diet/veterinary","methane/analysis",2
"diet/veterinary","milk/chemistry",11
"diet/veterinary","rumen/metabolism",16
"digestion","feed efficiency",4
"digestion","feeding behavior",2
"digestion","lactation",8
"digestion","methane/analysis",1
"digestion","milk/chemistry",3
"digestion","rumen/metabolism",6
"feed efficiency","feeding behavior",2
"feed efficiency","lactation",4
"feed efficiency","methane/analysis",1
"feed efficiency","milk/chemistry",2
"feed efficiency","rumen/metabolism",2
"feeding behavior","lactation",5
"feeding behavior","methane/analysis",1
"feeding behavior","milk/chemistry",2
"feeding behavior","rumen/metabolism",3
"lactation","methane/analysis",2
"lactation","rumen/metabolism",9
"methane/analysis","milk/chemistry",3
"methane/analysis","rumen/metabolism",1
"milk/chemistry","rumen/metabolism",3
"cluster analysis","digital livestock transformation",1
"methane emissions","rumen fermentation",1
"animals","humidity",17
"ecosystem","humidity",1
"ecosystem","principal component analysis",1
"ecosystem","time factors",1
"humidity","principal component analysis",1
"humidity","temperature",12
"humidity","time factors",1
"principal component analysis","temperature",1
"principal component analysis","time factors",1
"temperature","time factors",3
"brazil","cities",1
"brazil","environmental monitoring",2
"brazil","water pollutants, chemical/analysis",1
"cities","environmental monitoring",1
"cities","water pollutants, chemical/analysis",1
"environmental monitoring","water pollutants, chemical/analysis",2
"animals","forecasting",5
"cattle","forecasting",1
"animals","eating/physiology",5
"animals","sheep/physiology",15
"dietary supplements","eating/physiology",1
"dietary supplements","ruminants",1
"dietary supplements","sheep",1
"dietary supplements","sheep/physiology",1
"eating/physiology","ruminants",1
"eating/physiology","sheep",1
"eating/physiology","sheep/physiology",1
"ruminants","sheep",7
"ruminants","sheep/physiology",1
"sheep","sheep/physiology",4
"agriculture","crops, agricultural/growth & development",4
"agriculture","ethiopia",7
"agriculture","geographic information systems",2
"crops, agricultural/growth & development","ethiopia",2
"crops, agricultural/growth & development","geographic information systems",2
"crops, agricultural/growth & development","soil/chemistry",3
"ethiopia","geographic information systems",2
"ethiopia","soil/chemistry",2
"geographic information systems","soil/chemistry",1
"animals","phylogeny",5
"beef cattle","cold stress",1
"ai","dairy farming",1
"cow","genomics",2
"plf","precision nutrition",1
"animals","dairying/instrumentation",6
"animals","estrus detection",4
"animals","multivariate analysis",6
"animals","sensitivity and specificity",11
"behavior, animal","cattle/physiology",5
"behavior, animal","dairying/instrumentation",1
"behavior, animal","estrus detection",1
"behavior, animal","milk/chemistry",1
"behavior, animal","multivariate analysis",1
"behavior, animal","reproduction",1
"behavior, animal","sensitivity and specificity",1
"cattle/physiology","dairying/instrumentation",2
"cattle/physiology","estrus detection",2
"cattle/physiology","multivariate analysis",1
"cattle/physiology","reproduction",6
"cattle/physiology","sensitivity and specificity",3
"dairying/instrumentation","estrus detection",1
"dairying/instrumentation","milk/chemistry",2
"dairying/instrumentation","multivariate analysis",1
"dairying/instrumentation","reproduction",1
"dairying/instrumentation","sensitivity and specificity",1
"estrus detection","milk/chemistry",2
"estrus detection","multivariate analysis",1
"estrus detection","reproduction",3
"estrus detection","sensitivity and specificity",1
"milk/chemistry","multivariate analysis",1
"milk/chemistry","reproduction",1
"milk/chemistry","sensitivity and specificity",2
"multivariate analysis","reproduction",1
"multivariate analysis","sensitivity and specificity",1
"reproduction","sensitivity and specificity",2
"in vitro fermentation","methane",3
"agriculture/methods","climate resilience",7
"agriculture/methods","conservation of natural resources/methods",5
"agriculture/methods","ecosystem",5
"agriculture/methods","ecosystem services",2
"agriculture/methods","food security",3
"climate resilience","conservation of natural resources/methods",3
"climate resilience","ecosystem services",1
"climate resilience","food security",8
"conservation of natural resources/methods","ecosystem",10
"conservation of natural resources/methods","ecosystem services",1
"conservation of natural resources/methods","food security",1
"ecosystem","ecosystem services",2
"ecosystem","food security",2
"ecosystem services","food security",1
"animals","animals, newborn",5
"animals","pregnancy",42
"animals, newborn","pregnancy",2
"animals, newborn","sheep",2
"animals, newborn","time factors",1
"pregnancy","sheep",4
"pregnancy","time factors",5
"sheep","time factors",5
"accelerometer","animals",6
"accelerometer","behavior",1
"accelerometer","behavior, animal",3
"accelerometer","cattle",5
"accelerometer","dairy cow",1
"accelerometer","dairying",1
"accelerometer","housing, animal",1
"accelerometer","reproducibility of results",1
"accelerometer","video recording",1
"animals","housing, animal",29
"animals","reproducibility of results",8
"animals","video recording",6
"behavior","dairying",2
"behavior","housing, animal",2
"behavior","reproducibility of results",1
"behavior","video recording",2
"behavior, animal","dairying",2
"behavior, animal","housing, animal",5
"behavior, animal","reproducibility of results",2
"behavior, animal","video recording",2
"cattle","housing, animal",7
"cattle","reproducibility of results",2
"cattle","video recording",1
"dairy cow","dairying",11
"dairy cow","housing, animal",3
"dairy cow","reproducibility of results",1
"dairy cow","video recording",1
"dairying","housing, animal",3
"dairying","reproducibility of results",1
"dairying","video recording",1
"housing, animal","reproducibility of results",1
"housing, animal","video recording",3
"reproducibility of results","video recording",1
"climate resilience","genetic variation",2
"climate resilience","grassland",7
"climate resilience","selection, genetic",1
"climate resilience","time factors",1
"genetic variation","grassland",1
"genetic variation","selection, genetic",2
"genetic variation","time factors",2
"grassland","selection, genetic",1
"grassland","time factors",1
"selection, genetic","time factors",1
"animals","sheep/genetics",11
"polymorphism, single nucleotide","sheep/genetics",3
"carbon/analysis","conservation of natural resources",2
"carbon/analysis","ecosystem",2
"carbon/analysis","environmental monitoring/methods",2
"carbon/analysis","forests",1
"carbon/analysis","pakistan",1
"conservation of natural resources","environmental monitoring/methods",10
"conservation of natural resources","forests",16
"conservation of natural resources","pakistan",2
"ecosystem","environmental monitoring/methods",6
"ecosystem","forests",9
"ecosystem","pakistan",3
"environmental monitoring/methods","forests",5
"environmental monitoring/methods","pakistan",1
"forests","pakistan",2
"methane","microbiota",1
"methane","polyphenols",2
"methane","sheep",2
"microbiota","polyphenols",1
"microbiota","sheep",1
"polyphenols","sheep",1
"emissions","environment",1
"emissions","environmental impact",1
"emissions","performance",1
"emissions","sustainable development",1
"environment","environmental impact",3
"environment","performance",1
"environment","sustainable development",6
"environmental impact","performance",1
"environmental impact","sustainable development",2
"performance","sustainable development",1
"conservation of natural resources","models, theoretical",6
"calcium","metabolism",1
"calcium","phosphorus",2
"metabolism","phosphorus",1
"adult","species specificity",1
"animals","species specificity",7
"middle aged","species specificity",1
"animal welfare","cattle diseases/diagnosis",2
"animal welfare","dairy cows",3
"animal welfare","dairying/economics",4
"animal welfare","farmers",5
"animal welfare","lameness",1
"animal welfare","lameness, animal/diagnosis",2
"animal welfare","perception",3
"animal welfare","technology",4
"animals","dairy cows",8
"animals","perception",5
"cattle","dairy cows",4
"cattle","farmers",6
"cattle","perception",3
"cattle","technology",8
"cattle diseases/diagnosis","dairy cows",1
"cattle diseases/diagnosis","dairying/economics",3
"cattle diseases/diagnosis","farmers",1
"cattle diseases/diagnosis","perception",1
"cattle diseases/diagnosis","technology",1
"dairy cows","dairying/economics",1
"dairy cows","farmers",1
"dairy cows","lameness",2
"dairy cows","lameness, animal/diagnosis",1
"dairy cows","perception",1
"dairy cows","technology",1
"dairying/economics","farmers",1
"dairying/economics","lameness, animal/diagnosis",2
"dairying/economics","perception",1
"dairying/economics","technology",2
"farmers","lameness",2
"farmers","lameness, animal/diagnosis",1
"farmers","perception",2
"lameness","perception",1
"lameness","technology",1
"lameness, animal/diagnosis","perception",1
"lameness, animal/diagnosis","technology",1
"perception","technology",1
"abattoirs","animal welfare",2
"abattoirs","animals",5
"abattoirs","chickens/physiology",1
"abattoirs","poultry",1
"abattoirs","video recording",1
"abattoirs","welfare",2
"animal welfare","chickens/physiology",8
"animal welfare","poultry",5
"animal welfare","video recording",1
"animal welfare","welfare",10
"animals","welfare",16
"chickens/physiology","video recording",3
"chickens/physiology","welfare",3
"poultry","video recording",3
"poultry","welfare",4
"video recording","welfare",1
"animal welfare","behavior, animal",5
"animal welfare","swine/physiology",2
"animals","swine/physiology",11
"behavior, animal","swine/physiology",2
"animals","disease resistance/genetics",4
"animals","gene expression profiling",6
"animals","genotype",14
"animals","transcriptome",16
"animals","transcriptomics",5
"disease resistance/genetics","gene expression profiling",1
"disease resistance/genetics","genotype",2
"disease resistance/genetics","herbivory",1
"disease resistance/genetics","reproducibility of results",1
"disease resistance/genetics","transcriptome",1
"disease resistance/genetics","transcriptomics",1
"gene expression profiling","genotype",1
"gene expression profiling","herbivory",1
"gene expression profiling","reproducibility of results",1
"gene expression profiling","transcriptome",2
"gene expression profiling","transcriptomics",1
"genotype","herbivory",1
"genotype","reproducibility of results",1
"genotype","transcriptome",2
"genotype","transcriptomics",1
"herbivory","reproducibility of results",1
"herbivory","transcriptome",1
"herbivory","transcriptomics",1
"reproducibility of results","transcriptome",1
"reproducibility of results","transcriptomics",1
"transcriptome","transcriptomics",4
"air pollutants/analysis","animals",9
"air pollutants/analysis","dairying",2
"air pollutants/analysis","emission",1
"air pollutants/analysis","environmental monitoring",5
"air pollutants/analysis","manure",2
"air pollutants/analysis","manure/analysis",2
"air pollutants/analysis","methane",2
"air pollutants/analysis","methane/analysis",2
"air pollutants/analysis","seasons",4
"air pollutants/analysis","united states",1
"animals","emission",2
"animals","environmental monitoring",9
"animals","manure",8
"dairying","emission",1
"dairying","environmental monitoring",2
"dairying","manure",1
"dairying","manure/analysis",2
"dairying","methane",3
"dairying","methane/analysis",3
"dairying","seasons",4
"dairying","united states",1
"emission","environmental monitoring",1
"emission","manure",1
"emission","manure/analysis",1
"emission","methane",2
"emission","methane/analysis",1
"emission","seasons",1
"emission","united states",1
"environmental monitoring","manure",3
"environmental monitoring","manure/analysis",1
"environmental monitoring","methane",3
"environmental monitoring","methane/analysis",2
"environmental monitoring","seasons",3
"environmental monitoring","united states",2
"manure","manure/analysis",1
"manure","methane",2
"manure","methane/analysis",1
"manure","seasons",2
"manure","united states",1
"manure/analysis","methane",2
"manure/analysis","methane/analysis",2
"manure/analysis","seasons",2
"manure/analysis","united states",1
"methane","methane/analysis",3
"methane","seasons",2
"methane","united states",1
"methane/analysis","seasons",3
"methane/analysis","united states",1
"seasons","united states",1
"animals","aquaculture",6
"animals","gene editing",1
"aquaculture","gene editing",1
"animals","automatic milking system",4
"animals","environment",31
"animals","milk/metabolism",39
"automatic milking system","cattle/metabolism",1
"automatic milking system","dairying/methods",2
"automatic milking system","diet/veterinary",1
"automatic milking system","eating",1
"automatic milking system","environment",1
"automatic milking system","lactation/physiology",1
"automatic milking system","milk/metabolism",2
"automatic milking system","rumen/metabolism",1
"automatic milking system","seasons",2
"cattle/metabolism","diet/veterinary",8
"cattle/metabolism","eating",2
"cattle/metabolism","environment",3
"cattle/metabolism","milk/metabolism",2
"cattle/metabolism","rumen/metabolism",4
"cattle/metabolism","seasons",1
"dairying/methods","diet/veterinary",8
"dairying/methods","eating",1
"dairying/methods","environment",2
"dairying/methods","lactation/physiology",6
"dairying/methods","milk/metabolism",5
"dairying/methods","rumen/metabolism",1
"dairying/methods","seasons",3
"diet/veterinary","environment",5
"diet/veterinary","milk/metabolism",13
"diet/veterinary","seasons",2
"eating","environment",2
"eating","milk/metabolism",4
"eating","rumen/metabolism",3
"eating","seasons",1
"environment","lactation/physiology",1
"environment","milk/metabolism",2
"environment","rumen/metabolism",1
"environment","seasons",1
"lactation/physiology","milk/metabolism",8
"lactation/physiology","rumen/metabolism",2
"lactation/physiology","seasons",1
"milk/metabolism","rumen/metabolism",7
"milk/metabolism","seasons",1
"rumen/metabolism","seasons",1
"dairy cow","metritis",2
"dairy cow","plf",3
"machine learning","metritis",1
"machine learning","plf",11
"metritis","plf",1
"animals","body temperature",5
"animals","bos taurus",4
"animals","heart rate",5
"animals","hot temperature",18
"animals","stress, physiological",7
"body temperature","bos taurus",2
"body temperature","cattle/physiology",2
"body temperature","eating",2
"body temperature","heart rate",2
"body temperature","hot temperature",2
"body temperature","random allocation",2
"body temperature","stress, physiological",1
"bos taurus","cattle/physiology",1
"bos taurus","eating",1
"bos taurus","heart rate",2
"bos taurus","hot temperature",2
"bos taurus","random allocation",1
"bos taurus","stress, physiological",1
"cattle/physiology","heart rate",2
"cattle/physiology","hot temperature",3
"cattle/physiology","random allocation",1
"cattle/physiology","stress, physiological",1
"eating","heart rate",1
"eating","hot temperature",1
"eating","random allocation",1
"eating","stress, physiological",1
"heart rate","hot temperature",2
"heart rate","random allocation",1
"heart rate","stress, physiological",1
"hot temperature","random allocation",2
"hot temperature","stress, physiological",1
"random allocation","stress, physiological",1
"animals","diet",10
"animals","gut health",2
"diet","gut health",2
"animals","avian influenza",6
"animals","biosecurity",4
"animals","disease outbreaks/prevention & control",5
"animals","influenza in birds/epidemiology",11
"animals","public health",4
"animals","vaccination",3
"avian influenza","biosecurity",1
"avian influenza","disease outbreaks/prevention & control",1
"avian influenza","influenza in birds/epidemiology",5
"avian influenza","public health",1
"avian influenza","vaccination",2
"biosecurity","disease outbreaks/prevention & control",1
"biosecurity","influenza in birds/epidemiology",1
"biosecurity","public health",1
"biosecurity","vaccination",1
"disease outbreaks/prevention & control","influenza in birds/epidemiology",2
"disease outbreaks/prevention & control","public health",1
"disease outbreaks/prevention & control","vaccination",1
"influenza in birds/epidemiology","public health",1
"influenza in birds/epidemiology","vaccination",2
"public health","vaccination",1
"cities","transportation",1
"beef cattle","feed intake",2
"beef cattle","growth performance",2
"feed intake","growth performance",2
"animals","feces/microbiology",7
"animals","mastitis, bovine/microbiology",5
"cattle","feces/microbiology",3
"cattle","mastitis, bovine/microbiology",5
"dairying","feces/microbiology",1
"dairying","mastitis, bovine/microbiology",2
"feces/microbiology","mastitis, bovine/microbiology",1
"feces/microbiology","milk/microbiology",1
"mastitis, bovine/microbiology","milk/microbiology",4
"animals","germany",8
"cattle","germany",3
"dairying","germany",4
"animal welfare","milk",6
"animal welfare","survey",2
"milk","survey",1
"agriculture","animal nutritional physiological phenomena",1
"agriculture","farms",22
"agriculture","livestock",19
"agriculture","livestock production",1
"agriculture","sensors",5
"animal nutritional physiological phenomena","farms",1
"animal nutritional physiological phenomena","livestock",1
"animal nutritional physiological phenomena","livestock production",2
"animal nutritional physiological phenomena","modeling",3
"animal nutritional physiological phenomena","models, theoretical",8
"animal nutritional physiological phenomena","sensors",1
"animals","farms",50
"farms","livestock",20
"farms","livestock production",1
"farms","modeling",2
"farms","models, theoretical",3
"farms","sensors",3
"livestock","modeling",2
"livestock","models, theoretical",6
"livestock production","modeling",1
"livestock production","models, theoretical",2
"livestock production","sensors",1
"modeling","sensors",2
"models, theoretical","sensors",2
"body temperature","heat stress",3
"body temperature","infrared thermography",1
"heat stress","infrared thermography",3
"plf","sensors",4
"adaptation","climate resilience",8
"adaptation","livestock",3
"climate resilience","livestock",9
"animals","biomarkers",10
"animals","growth",5
"animals","immunity",7
"animals","selective breeding",7
"aquaculture","biomarkers",2
"aquaculture","growth",1
"aquaculture","immunity",1
"aquaculture","selective breeding",2
"biomarkers","growth",1
"biomarkers","immunity",1
"biomarkers","selective breeding",1
"growth","immunity",3
"growth","selective breeding",1
"immunity","selective breeding",1
"animals","spatial analysis",6
"random forest","spatial analysis",1
"random forest","sustainable development",1
"random forest","swine/physiology",1
"spatial analysis","sustainable development",1
"spatial analysis","swine/physiology",1
"sustainable development","swine/physiology",1
"agriculture","animal welfare",6
"agriculture","big data",2
"agriculture","dairying/economics",1
"agriculture","environment",7
"agriculture","pasture",1
"agriculture","poaceae",2
"agriculture","ruminants/physiology",3
"animal welfare","big data",1
"animal welfare","environment",7
"animal welfare","farms",8
"animal welfare","livestock",13
"animal welfare","pasture",1
"animal welfare","poaceae",1
"animal welfare","ruminants/physiology",4
"animal welfare","sensors",4
"animals","big data",6
"animals","poaceae",8
"animals","ruminants/physiology",10
"big data","dairying/economics",1
"big data","environment",1
"big data","farms",2
"big data","livestock",2
"big data","pasture",1
"big data","poaceae",1
"big data","ruminants/physiology",1
"big data","sensors",3
"dairying/economics","environment",1
"dairying/economics","farms",1
"dairying/economics","livestock",1
"dairying/economics","pasture",1
"dairying/economics","poaceae",1
"dairying/economics","ruminants/physiology",1
"dairying/economics","sensors",1
"environment","farms",5
"environment","livestock",8
"environment","pasture",1
"environment","poaceae",1
"environment","ruminants/physiology",2
"environment","sensors",2
"farms","pasture",3
"farms","poaceae",1
"farms","ruminants/physiology",2
"livestock","pasture",3
"livestock","poaceae",1
"livestock","ruminants/physiology",3
"pasture","poaceae",2
"pasture","ruminants/physiology",1
"pasture","sensors",1
"poaceae","ruminants/physiology",1
"poaceae","sensors",1
"ruminants/physiology","sensors",1
"animal husbandry/methods","animal welfare",13
"animal husbandry/methods","chickens/physiology",24
"animal husbandry/methods","conservation of natural resources/methods",3
"animal husbandry/methods","environment",9
"animal husbandry/methods","food supply",4
"animal husbandry/methods","housing, animal",15
"animal husbandry/methods","stakeholder",1
"animal husbandry/methods","sustainability",10
"animal husbandry/methods","united states",1
"animal welfare","conservation of natural resources/methods",2
"animal welfare","food supply",2
"animal welfare","housing, animal",8
"animal welfare","stakeholder",1
"animal welfare","sustainability",10
"animals","conservation of natural resources/methods",8
"animals","food supply",10
"animals","stakeholder",2
"animals","sustainability",34
"chickens/physiology","conservation of natural resources/methods",1
"chickens/physiology","environment",1
"chickens/physiology","food supply",1
"chickens/physiology","housing, animal",10
"chickens/physiology","stakeholder",1
"chickens/physiology","sustainability",1
"chickens/physiology","united states",1
"conservation of natural resources/methods","environment",4
"conservation of natural resources/methods","food supply",3
"conservation of natural resources/methods","housing, animal",1
"conservation of natural resources/methods","stakeholder",1
"conservation of natural resources/methods","sustainability",2
"conservation of natural resources/methods","united states",2
"environment","food supply",3
"environment","housing, animal",1
"environment","stakeholder",1
"environment","sustainability",11
"environment","united states",2
"food supply","housing, animal",1
"food supply","stakeholder",1
"food supply","sustainability",4
"food supply","united states",1
"housing, animal","stakeholder",1
"housing, animal","sustainability",1
"housing, animal","united states",1
"stakeholder","sustainability",2
"stakeholder","united states",1
"sustainability","united states",2
"agriculture/methods","carbon sequestration",2
"agriculture/methods","crops, agricultural/growth & development",14
"carbon sequestration","climate resilience",1
"carbon sequestration","crops, agricultural/growth & development",1
"carbon sequestration","food security",1
"climate resilience","crops, agricultural/growth & development",5
"crops, agricultural/growth & development","food security",1
"surveillance","swine",3
"animals","cattle diseases/epidemiology",11
"cattle","cattle diseases/epidemiology",11
"cattle","dairying/instrumentation",2
"cattle diseases/epidemiology","dairying/instrumentation",1
"cattle diseases/epidemiology","milk/microbiology",1
"dairying/instrumentation","milk/microbiology",1
"behavior","management",1
"behavior","plf",3
"behavior","ruminant",1
"management","plf",2
"management","ruminant",1
"plf","ruminant",2
"ammonia","animal husbandry/methods",2
"ammonia","animals",9
"ammonia","broiler",3
"ammonia","salmonella",1
"animal husbandry/methods","broiler",4
"animal husbandry/methods","salmonella",2
"animals","broiler",19
"animals","salmonella",5
"broiler","salmonella",1
"cattle","innate immunity",3
"circular economy","renewable energy",1
"circular economy","solar energy",1
"renewable energy","solar energy",2
"animal husbandry","attitude",1
"animal husbandry","pregnancy",2
"animal husbandry","swine",2
"animals","attitude",3
"animals","swine",29
"attitude","pregnancy",1
"attitude","swine",1
"attitude","united states",1
"pregnancy","swine",1
"pregnancy","united states",2
"swine","united states",1
"animal nutritional physiological phenomena","models, statistical",1
"animal nutritional physiological phenomena","sheep",3
"animal nutritional physiological phenomena","time factors",2
"animals","models, statistical",6
"models, statistical","sheep",2
"models, statistical","time factors",1
"animals","viral vaccines/immunology",5
"sheep","viral vaccines/immunology",1
"dairy cattle","lameness",4
"plf","swine",3
"plf","welfare",8
"swine","welfare",1
"body weight","sheep",3
"mastitis","methane",1
"mastitis","milk yield",2
"mastitis","polyphenols",1
"methane","milk yield",1
"milk yield","polyphenols",1
"agriculture","conservation of natural resources",12
"agriculture","environmental monitoring/methods",9
"agriculture","forests",7
"agriculture","spatio-temporal analysis",2
"conservation of natural resources","spatio-temporal analysis",2
"environmental monitoring/methods","spatio-temporal analysis",1
"forests","spatio-temporal analysis",1
"animal feed/analysis","diet",1
"animal feed/analysis","feed efficiency",4
"animal feed/analysis","feeding behavior",6
"animal feed/analysis","machine learning",7
"beef cattle","cattle",3
"beef cattle","diet",1
"beef cattle","feed efficiency",1
"beef cattle","feeding behavior",1
"beef cattle","machine learning",3
"cattle","diet",2
"cattle","eating",8
"cattle","feed efficiency",1
"cattle","feeding behavior",9
"diet","eating",2
"diet","feed efficiency",2
"diet","feeding behavior",1
"diet","machine learning",2
"eating","feeding behavior",7
"eating","machine learning",3
"feed efficiency","machine learning",3
"feeding behavior","machine learning",2
"china","machine learning",3
"china","sustainable development",5
"machine learning","sustainable development",2
"animals","diagnosis",5
"animals","risk factors",14
"animals","rumen",12
"cattle","diagnosis",3
"cattle","risk factors",5
"cattle","rumen",6
"dairy cow","diagnosis",1
"dairy cow","risk factors",2
"dairy cow","rumen",1
"diagnosis","lactation",1
"diagnosis","risk factors",1
"diagnosis","rumen",1
"lactation","risk factors",2
"lactation","rumen",4
"risk factors","rumen",1
"biomass","conservation of natural resources",3
"biomass","forests",3
"biomass","south africa",1
"biomass","wood",1
"conservation of natural resources","south africa",3
"conservation of natural resources","wood",1
"forests","south africa",1
"forests","wood",1
"south africa","wood",1
"animals","cheese",4
"animals","nutritive value",7
"cattle","cheese",2
"cattle","nutritive value",2
"cattle","sheep",14
"cheese","goats",1
"cheese","milk",4
"cheese","nutritive value",1
"cheese","sheep",3
"goats","milk",2
"goats","nutritive value",1
"goats","sheep",9
"milk","nutritive value",1
"milk","sheep",3
"nutritive value","sheep",2
"animals","cattle diseases",8
"animals","european union",2
"cattle","cattle diseases",8
"cattle","european union",1
"cattle diseases","cattle diseases/epidemiology",1
"cattle diseases","european union",1
"cattle diseases/epidemiology","european union",1
"animals","fermentation",18
"animals","gastrointestinal microbiome",9
"behavior","feed efficiency",1
"behavior","fermentation",1
"behavior","gastrointestinal microbiome",1
"behavior","lactation",3
"behavior","milk/metabolism",2
"behavior","rumen/metabolism",1
"behavior, animal","feed efficiency",1
"behavior, animal","fermentation",1
"behavior, animal","gastrointestinal microbiome",1
"behavior, animal","lactation",4
"behavior, animal","milk/metabolism",1
"behavior, animal","rumen/metabolism",1
"feed efficiency","fermentation",2
"feed efficiency","gastrointestinal microbiome",1
"feed efficiency","milk/metabolism",5
"fermentation","gastrointestinal microbiome",2
"fermentation","lactation",5
"fermentation","milk/metabolism",4
"fermentation","rumen/metabolism",12
"gastrointestinal microbiome","lactation",2
"gastrointestinal microbiome","milk/metabolism",1
"gastrointestinal microbiome","rumen/metabolism",1
"lactation","milk/metabolism",22
"conservation of natural resources","perception",1
"ecosystem","perception",1
"animal husbandry/instrumentation","animals",10
"animal husbandry/instrumentation","cattle",3
"animal husbandry/instrumentation","dairying/instrumentation",2
"animal husbandry/instrumentation","farms",1
"animal husbandry/instrumentation","herbivory",1
"cattle","farms",20
"dairying/instrumentation","farms",1
"dairying/instrumentation","herbivory",1
"farms","herbivory",1
"animals","climate resilience",32
"animals","geography",5
"animals","rivers",3
"breeding","climate resilience",4
"breeding","ecosystem",1
"breeding","geography",1
"breeding","grassland",1
"breeding","population density",1
"breeding","population dynamics",1
"breeding","reproduction/physiology",1
"breeding","rivers",1
"climate resilience","geography",2
"climate resilience","population density",1
"climate resilience","population dynamics",3
"climate resilience","reproduction/physiology",1
"climate resilience","rivers",2
"ecosystem","geography",3
"ecosystem","population density",3
"ecosystem","population dynamics",4
"ecosystem","reproduction/physiology",1
"ecosystem","rivers",2
"geography","grassland",1
"geography","population density",1
"geography","population dynamics",1
"geography","reproduction/physiology",1
"geography","rivers",1
"grassland","population density",1
"grassland","reproduction/physiology",1
"grassland","rivers",1
"population density","population dynamics",1
"population density","reproduction/physiology",1
"population density","rivers",1
"population dynamics","reproduction/physiology",1
"population dynamics","rivers",1
"reproduction/physiology","rivers",1
"animals","prediction",6
"cattle/metabolism","lactation",6
"cattle/metabolism","prediction",1
"cattle/metabolism","selective breeding",1
"lactation","prediction",1
"lactation","selective breeding",1
"milk/chemistry","prediction",1
"milk/chemistry","selective breeding",1
"prediction","selective breeding",1
"animal welfare","deep learning",6
"animal welfare","object detection",2
"animal welfare","poultry production",2
"deep learning","object detection",5
"deep learning","poultry production",2
"object detection","poultry production",1
"acidosis","animal feed/analysis",1
"acidosis","animals",4
"acidosis","beef",1
"acidosis","behavior",1
"acidosis","cattle",4
"acidosis","cattle diseases",1
"acidosis","cattle/physiology",1
"acidosis","diet/veterinary",1
"acidosis","hydrogen-ion concentration",4
"acidosis","rumen/chemistry",2
"animal feed/analysis","beef",1
"animal feed/analysis","behavior",3
"animal feed/analysis","cattle diseases",1
"animal feed/analysis","hydrogen-ion concentration",2
"animal feed/analysis","rumen/chemistry",1
"animals","beef",3
"animals","rumen/chemistry",5
"beef","behavior",1
"beef","cattle",1
"beef","cattle diseases",1
"beef","cattle/physiology",2
"beef","diet/veterinary",1
"beef","hydrogen-ion concentration",1
"beef","rumen/chemistry",1
"behavior","cattle diseases",1
"behavior","cattle/physiology",5
"behavior","diet/veterinary",3
"behavior","hydrogen-ion concentration",1
"behavior","rumen/chemistry",1
"cattle","cattle/physiology",5
"cattle","hydrogen-ion concentration",7
"cattle","rumen/chemistry",3
"cattle diseases","cattle/physiology",1
"cattle diseases","diet/veterinary",1
"cattle diseases","hydrogen-ion concentration",1
"cattle diseases","rumen/chemistry",1
"cattle/physiology","hydrogen-ion concentration",2
"cattle/physiology","rumen/chemistry",2
"diet/veterinary","hydrogen-ion concentration",3
"diet/veterinary","rumen/chemistry",1
"hydrogen-ion concentration","rumen/chemistry",2
"animals","antioxidants",3
"animals","apoptosis",3
"animals","chick embryo",5
"animals","chickens",61
"animals","gene expression",4
"animals","liver",5
"animals","ovum",7
"antioxidants","apoptosis",1
"antioxidants","broiler",2
"antioxidants","chick embryo",1
"antioxidants","chickens",2
"antioxidants","gene expression",1
"antioxidants","liver",1
"antioxidants","ovum",1
"apoptosis","broiler",1
"apoptosis","chick embryo",1
"apoptosis","chickens",1
"apoptosis","gene expression",1
"apoptosis","liver",1
"apoptosis","ovum",1
"broiler","chick embryo",2
"broiler","chickens",7
"broiler","gene expression",2
"broiler","liver",1
"broiler","ovum",1
"chick embryo","chickens",2
"chick embryo","gene expression",2
"chick embryo","liver",2
"chick embryo","ovum",2
"chickens","gene expression",1
"chickens","liver",2
"chickens","ovum",5
"gene expression","liver",1
"gene expression","ovum",1
"liver","ovum",1
"ai","animal nutritional physiological phenomena",5
"ai","computer simulation",2
"ai","deep learning",6
"ai","machine learning",10
"ai","prediction",1
"ai","ruminants/physiology",1
"animal nutritional physiological phenomena","computer simulation",2
"animal nutritional physiological phenomena","deep learning",2
"animal nutritional physiological phenomena","machine learning",5
"animal nutritional physiological phenomena","prediction",1
"animal nutritional physiological phenomena","ruminants/physiology",2
"animals","computer simulation",6
"animals","deep learning",13
"computer simulation","deep learning",1
"computer simulation","machine learning",1
"computer simulation","models, theoretical",3
"computer simulation","prediction",1
"computer simulation","ruminants/physiology",1
"deep learning","machine learning",11
"deep learning","models, theoretical",1
"deep learning","prediction",1
"deep learning","ruminants/physiology",1
"machine learning","models, theoretical",2
"machine learning","prediction",4
"machine learning","ruminants/physiology",1
"models, theoretical","prediction",1
"models, theoretical","ruminants/physiology",1
"prediction","ruminants/physiology",1
"circular economy","poultry production",1
"animal feed/analysis","broilers",2
"animal feed/analysis","chickens",6
"animal feed/analysis","meat/analysis",9
"animal feed/analysis","microalgae",5
"animal nutritional physiological phenomena","broilers",1
"animal nutritional physiological phenomena","chickens",2
"animal nutritional physiological phenomena","meat/analysis",5
"animal nutritional physiological phenomena","microalgae",3
"animals","broilers",3
"animals","meat/analysis",20
"animals","microalgae",5
"broilers","chickens",2
"broilers","diet/veterinary",2
"broilers","dietary supplements",1
"broilers","meat/analysis",1
"broilers","microalgae",1
"chickens","diet/veterinary",4
"chickens","dietary supplements",3
"chickens","meat/analysis",4
"chickens","microalgae",1
"diet/veterinary","meat/analysis",8
"diet/veterinary","microalgae",3
"dietary supplements","meat/analysis",1
"dietary supplements","microalgae",1
"meat/analysis","microalgae",3
"bioinformatics","microbiome",2
"amino acids","broiler chicken",2
"amino acids","performance",1
"broiler chicken","performance",1
"animals","energy metabolism",15
"animals","organic agriculture",5
"cattle/physiology","dairy cow",11
"cattle/physiology","dairying",9
"cattle/physiology","dietary supplements",2
"cattle/physiology","energy metabolism",2
"cattle/physiology","milk/metabolism",8
"cattle/physiology","organic agriculture",3
"cattle/physiology","pasture",2
"dairy cow","dietary supplements",3
"dairy cow","eating",4
"dairy cow","energy metabolism",2
"dairy cow","feeding behavior",1
"dairy cow","milk/metabolism",5
"dairy cow","organic agriculture",2
"dairy cow","pasture",3
"dairying","diet/veterinary",4
"dairying","dietary supplements",3
"dairying","eating",3
"dairying","energy metabolism",2
"dairying","feeding behavior",2
"dairying","lactation",10
"dairying","milk/metabolism",6
"dairying","organic agriculture",2
"dairying","pasture",2
"diet/veterinary","energy metabolism",5
"diet/veterinary","organic agriculture",2
"dietary supplements","eating",2
"dietary supplements","energy metabolism",1
"dietary supplements","feeding behavior",2
"dietary supplements","lactation",3
"dietary supplements","milk/metabolism",4
"dietary supplements","organic agriculture",1
"dietary supplements","pasture",1
"eating","energy metabolism",3
"eating","lactation",6
"eating","organic agriculture",1
"energy metabolism","feeding behavior",3
"energy metabolism","lactation",4
"energy metabolism","milk/metabolism",5
"energy metabolism","organic agriculture",2
"energy metabolism","pasture",2
"feeding behavior","milk/metabolism",2
"feeding behavior","organic agriculture",1
"feeding behavior","pasture",2
"lactation","organic agriculture",3
"lactation","pasture",3
"milk/metabolism","organic agriculture",3
"milk/metabolism","pasture",2
"organic agriculture","pasture",2
"conservation","deforestation",1
"agriculture","animal feed",1
"agriculture","eating",1
"agriculture","gene expression profiling",1
"agriculture","genome-wide association study",1
"agriculture","phenotype",2
"agriculture","polymorphism, single nucleotide",2
"agriculture","swine/genetics",1
"animal feed","gene expression profiling",1
"animal feed","genome-wide association study",2
"animal feed","phenotype",3
"animal feed","polymorphism, single nucleotide",2
"animal feed","swine/genetics",1
"animals","genome-wide association study",11
"animals","phenotype",37
"animals","swine/genetics",8
"eating","gene expression profiling",1
"eating","genome-wide association study",1
"eating","phenotype",4
"eating","polymorphism, single nucleotide",1
"eating","swine/genetics",1
"gene expression profiling","genome-wide association study",1
"gene expression profiling","phenotype",1
"gene expression profiling","polymorphism, single nucleotide",1
"gene expression profiling","swine/genetics",1
"genome-wide association study","phenotype",7
"genome-wide association study","polymorphism, single nucleotide",6
"genome-wide association study","swine/genetics",3
"phenotype","polymorphism, single nucleotide",7
"phenotype","swine/genetics",4
"polymorphism, single nucleotide","swine/genetics",3
"animal husbandry/methods","food security",2
"animal husbandry/methods","poultry",12
"animal husbandry/methods","poultry production",2
"animals","food security",6
"animals","poultry production",3
"food security","poultry",3
"food security","poultry production",2
"food security","sustainability",7
"poultry","poultry production",2
"poultry","sustainability",6
"poultry production","sustainability",2
"accelerometer","behaviour",1
"accelerometer","cattle diseases",1
"accelerometer","ovum",1
"accelerometer","seasons",1
"accelerometer","sensor",1
"animals","behaviour",2
"animals","sensor",6
"behaviour","cattle",1
"behaviour","cattle diseases",1
"behaviour","ovum",1
"behaviour","seasons",2
"behaviour","sensor",1
"cattle","ovum",1
"cattle","sensor",4
"cattle diseases","ovum",1
"cattle diseases","seasons",1
"cattle diseases","sensor",1
"ovum","seasons",1
"ovum","sensor",1
"seasons","sensor",2
"animal husbandry/economics","animal welfare",2
"animal husbandry/economics","chickens",2
"animal husbandry/economics","environment",2
"animal husbandry/economics","food safety",1
"animal husbandry/economics","housing, animal/standards",1
"animal husbandry/economics","risk factors",1
"animal husbandry/economics","sustainability",3
"animal husbandry/economics","united states",2
"animal welfare","chickens",6
"animal welfare","food safety",2
"animal welfare","housing, animal/standards",2
"animal welfare","risk factors",2
"animals","food safety",3
"animals","housing, animal/standards",6
"chickens","environment",2
"chickens","food safety",2
"chickens","housing, animal/standards",2
"chickens","risk factors",2
"chickens","sustainability",2
"chickens","united states",1
"environment","food safety",1
"environment","housing, animal/standards",1
"environment","risk factors",2
"food safety","housing, animal/standards",1
"food safety","risk factors",1
"food safety","sustainability",1
"food safety","united states",1
"housing, animal/standards","risk factors",1
"housing, animal/standards","sustainability",1
"housing, animal/standards","united states",1
"risk factors","sustainability",1
"risk factors","united states",1
"ammonia","bioremediation",1
"ammonia","nitrate",1
"bioremediation","nitrate",1
"escherichia coli","water supply",1
"climate resilience","conservation of natural resources",10
"animals","spain",7
"animals","horses",5
"cattle","horses",3
"cattle","swine",8
"feces/microbiology","horses",1
"feces/microbiology","sheep",1
"feces/microbiology","swine",2
"horses","sheep",3
"horses","swine",2
"sheep","swine",4
"meat quality","poultry",1
"biodegradation, environmental","biofuels",1
"biodegradation, environmental","bioremediation",2
"biodegradation, environmental","environmental pollution/prevention & control",1
"biodegradation, environmental","sustainable development",1
"biofuels","bioremediation",1
"biofuels","environmental pollution/prevention & control",1
"biofuels","sustainable development",1
"bioremediation","environmental pollution/prevention & control",1
"bioremediation","sustainable development",1
"environmental pollution/prevention & control","sustainable development",1
"animals","biosensors",3
"animals","milk quality",1
"animals","volatile organic compounds/analysis",5
"biosensors","cattle",1
"biosensors","milk quality",1
"biosensors","milk/chemistry",1
"biosensors","swine",1
"biosensors","volatile organic compounds/analysis",1
"cattle","milk quality",1
"cattle","milk/chemistry",22
"cattle","volatile organic compounds/analysis",2
"milk quality","milk/chemistry",1
"milk quality","swine",1
"milk quality","volatile organic compounds/analysis",1
"milk/chemistry","swine",1
"milk/chemistry","volatile organic compounds/analysis",1
"swine","volatile organic compounds/analysis",1
"animal behavior","animal welfare",2
"animal behavior","animals",1
"animal behavior","behavior, animal",1
"animal behavior","cattle",1
"animal behavior","cattle diseases/epidemiology",1
"animal behavior","dairying/methods",1
"animal behavior","housing, animal",1
"animal behavior","lactation",1
"animal behavior","milk",1
"animal behavior","plf",2
"animal welfare","cattle diseases/epidemiology",1
"animal welfare","dairying/methods",13
"animal welfare","lactation",2
"animal welfare","plf",20
"behavior, animal","cattle diseases/epidemiology",1
"behavior, animal","dairying/methods",4
"behavior, animal","milk",2
"behavior, animal","plf",2
"cattle","dairying/methods",37
"cattle","plf",9
"cattle diseases/epidemiology","dairying/methods",3
"cattle diseases/epidemiology","housing, animal",2
"cattle diseases/epidemiology","lactation",3
"cattle diseases/epidemiology","milk",3
"cattle diseases/epidemiology","plf",1
"dairying/methods","housing, animal",4
"dairying/methods","lactation",14
"dairying/methods","milk",14
"dairying/methods","plf",6
"housing, animal","lactation",2
"housing, animal","milk",1
"housing, animal","plf",5
"lactation","plf",3
"milk","plf",3
"biodiversity","environmental monitoring",2
"biodiversity","machine learning",1
"ecosystem","machine learning",4
"environmental monitoring","machine learning",1
"climate","models, theoretical",4
"climate","population density",1
"models, theoretical","population density",1
"amino acids","swine",2
"agriculture","cattle",9
"agriculture","efficiency",2
"agriculture","food",2
"animals","efficiency",6
"animals","food",2
"cattle","efficiency",2
"cattle","environment",6
"cattle","food",1
"efficiency","environment",2
"efficiency","farms",2
"efficiency","food",1
"environment","food",1
"farms","food",1
"random forest","support vector machine",1
"animal husbandry/methods","animal welfare/standards",2
"animal husbandry/methods","behavior, animal",2
"animal husbandry/methods","housing, animal/standards",1
"animal husbandry/methods","livestock",7
"animal husbandry/methods","video recording",3
"animal welfare/standards","behavior, animal",1
"animal welfare/standards","housing, animal/standards",2
"animal welfare/standards","models, biological",1
"animal welfare/standards","video recording",1
"behavior, animal","housing, animal/standards",1
"behavior, animal","livestock",1
"behavior, animal","models, biological",1
"housing, animal/standards","livestock",1
"housing, animal/standards","models, biological",1
"housing, animal/standards","video recording",1
"livestock","models, biological",2
"livestock","video recording",1
"models, biological","video recording",1
"economics","education",1
"economics","sustainability",1
"education","sustainability",2
"dairy cow","extensive farming",1
"extensive farming","pasture",1
"grazing","stakeholder",1
"conservation of natural resources","lakes",2
"conservation of natural resources","wastewater",1
"lakes","wastewater",1
"animals","eggs",6
"eggs","livestock",1
"eggs","swine",1
"livestock","swine",7
"animals","genomics",14
"cattle/genetics","farms",3
"cattle/genetics","genomics",9
"cattle/genetics","lactation",5
"cattle/genetics","milk/metabolism",8
"cattle/genetics","pregnancy",3
"farms","genomics",1
"farms","lactation",7
"farms","milk/metabolism",2
"farms","pregnancy",5
"genomics","lactation",2
"genomics","milk/metabolism",3
"genomics","pregnancy",1
"lactation","pregnancy",12
"milk/metabolism","pregnancy",8
"biosensors","food safety",1
"dairy sheep","precision farming",1
"animals","body composition",6
"animals","carbon dioxide/analysis",8
"body composition","body weight",1
"body composition","carbon dioxide/analysis",1
"body composition","cattle/physiology",1
"body composition","dairy cow",1
"body composition","dairying",1
"body composition","energy metabolism",2
"body composition","lactation",1
"body composition","milk/metabolism",1
"body composition","organic agriculture",1
"body composition","pasture",1
"body composition","poaceae",1
"body weight","carbon dioxide/analysis",1
"body weight","cattle/physiology",4
"body weight","dairy cow",1
"body weight","dairying",1
"body weight","energy metabolism",1
"body weight","lactation",1
"body weight","milk/metabolism",3
"body weight","organic agriculture",1
"body weight","poaceae",1
"carbon dioxide/analysis","cattle/physiology",3
"carbon dioxide/analysis","dairy cow",3
"carbon dioxide/analysis","dairying",3
"carbon dioxide/analysis","energy metabolism",1
"carbon dioxide/analysis","lactation",1
"carbon dioxide/analysis","milk/metabolism",1
"carbon dioxide/analysis","organic agriculture",1
"carbon dioxide/analysis","pasture",2
"carbon dioxide/analysis","poaceae",1
"cattle/physiology","poaceae",1
"dairy cow","poaceae",1
"dairying","poaceae",1
"energy metabolism","poaceae",1
"lactation","poaceae",3
"milk/metabolism","poaceae",2
"organic agriculture","poaceae",1
"animals","breeding/methods",15
"animals","china",10
"breeding/methods","china",1
"breeding/methods","phylogeny",1
"breeding/methods","polymorphism, single nucleotide",1
"breeding/methods","sheep/genetics",3
"china","phylogeny",1
"china","polymorphism, single nucleotide",1
"china","sheep/genetics",1
"phylogeny","polymorphism, single nucleotide",1
"phylogeny","sheep/genetics",1
"estrus detection","internet of things",1
"estrus detection","machine learning",1
"estrus detection","smart farm",1
"internet of things","machine learning",1
"internet of things","smart farm",1
"machine learning","smart farm",1
"circular economy","nutrigenomics",1
"grazing management","ruminant",1
"cattle diseases/diagnosis","dairying",4
"cattle diseases/diagnosis","plf",4
"dairying","lameness, animal/diagnosis",2
"dairying","plf",4
"lameness, animal/diagnosis","plf",3
"bibliometric analysis","environment",1
"bibliometric analysis","health",1
"environment","health",3
"ecology","wood",1
"agriculture","animal husbandry",8
"agriculture","ruminants",3
"agriculture","sheep",5
"agriculture","survey",1
"agriculture","swine",4
"animal husbandry","farms",5
"animal husbandry","livestock",11
"animal husbandry","plf",2
"animal husbandry","sheep",2
"animal husbandry","survey",1
"animals","survey",2
"cattle","livestock",14
"cattle","ruminants",6
"cattle","survey",3
"farms","plf",7
"farms","ruminants",3
"farms","sheep",6
"farms","survey",1
"farms","swine",4
"livestock","plf",10
"livestock","ruminants",6
"livestock","sheep",7
"livestock","survey",2
"plf","ruminants",1
"plf","sheep",5
"plf","survey",2
"ruminants","survey",1
"ruminants","swine",3
"sheep","survey",1
"survey","swine",1
"animals","soil",4
"china","conservation of natural resources",3
"china","ecosystem",2
"china","grassland",3
"china","sheep",1
"china","soil",1
"conservation of natural resources","sheep",1
"conservation of natural resources","soil",4
"ecosystem","soil",1
"grassland","sheep",2
"grassland","soil",2
"sheep","soil",1
"animal welfare","monitoring",1
"animal welfare","sensor",3
"animal welfare","sheep",6
"cattle","monitoring",2
"monitoring","plf",2
"monitoring","sensor",2
"monitoring","sheep",1
"plf","sensor",6
"sensor","sheep",2
"animal welfare","cattle/physiology",8
"animal welfare","dairy cow",2
"animal welfare","europe",3
"cattle/physiology","dairying/methods",10
"cattle/physiology","europe",1
"cattle/physiology","housing, animal/standards",2
"cattle/physiology","welfare",5
"dairy cow","dairying/methods",5
"dairy cow","europe",1
"dairy cow","housing, animal/standards",1
"dairy cow","welfare",1
"dairying/methods","europe",2
"dairying/methods","housing, animal/standards",1
"dairying/methods","welfare",6
"europe","housing, animal/standards",1
"europe","welfare",1
"housing, animal/standards","welfare",2
"adaptation","food security",2
"adaptation","mitigation",3
"climate resilience","mitigation",2
"food security","mitigation",1
"bioenergy","circular economy",2
"bioenergy","wastewater",1
"circular economy","wastewater",2
"diet/veterinary","gene expression",2
"diet/veterinary","sheep",4
"gene expression","sheep",2
"ammonia","animal husbandry",1
"ammonia","livestock production",3
"ammonia","pig",1
"animal husbandry","livestock production",1
"animal husbandry","pig",1
"livestock production","pig",1
"animals","genetic variation",11
"animals","nutrition",8
"genetic variation","nutrition",1
"genetic variation","reproduction/physiology",1
"genetic variation","swine",1
"genetic variation","swine/physiology",1
"nutrition","reproduction/physiology",1
"nutrition","swine",1
"nutrition","swine/physiology",1
"reproduction/physiology","swine",1
"reproduction/physiology","swine/physiology",1
"swine","swine/physiology",1
"animals","cheese/analysis",4
"cheese/analysis","climate",1
"agriculture/methods","animal husbandry/methods",4
"agriculture/methods","animals",11
"agriculture/methods","biodiversity",3
"agriculture/methods","conservation of natural resources",7
"agriculture/methods","environment",3
"agriculture/methods","environmental pollution/prevention & control",2
"agriculture/methods","food supply",3
"agriculture/methods","nitrogen/metabolism",3
"agriculture/methods","nutrient management",3
"agriculture/methods","soil",2
"animal husbandry/methods","biodiversity",1
"animal husbandry/methods","conservation of natural resources",6
"animal husbandry/methods","environmental pollution/prevention & control",2
"animal husbandry/methods","nitrogen/metabolism",2
"animal husbandry/methods","nutrient management",2
"animal husbandry/methods","soil",1
"animals","environmental pollution/prevention & control",2
"animals","nitrogen/metabolism",9
"animals","nutrient management",2
"biodiversity","environment",4
"biodiversity","environmental pollution/prevention & control",1
"biodiversity","food supply",1
"biodiversity","nitrogen/metabolism",1
"biodiversity","nutrient management",1
"biodiversity","soil",1
"conservation of natural resources","environment",5
"conservation of natural resources","environmental pollution/prevention & control",2
"conservation of natural resources","food supply",3
"conservation of natural resources","nitrogen/metabolism",2
"conservation of natural resources","nutrient management",2
"environment","environmental pollution/prevention & control",1
"environment","nitrogen/metabolism",2
"environment","nutrient management",1
"environment","soil",1
"environmental pollution/prevention & control","food supply",1
"environmental pollution/prevention & control","nitrogen/metabolism",2
"environmental pollution/prevention & control","nutrient management",2
"environmental pollution/prevention & control","soil",1
"food supply","nitrogen/metabolism",1
"food supply","nutrient management",1
"food supply","soil",1
"nitrogen/metabolism","nutrient management",2
"nitrogen/metabolism","soil",1
"nutrient management","soil",1
"agriculture","global warming",1
"animals","global warming",3
"environment","global warming",1
"microbiome","sheep",2
"feeding behavior","grazing",1
"feeding behavior","video recording",1
"grazing","pasture",1
"grazing","video recording",1
"pasture","video recording",1
"animals","genetic parameters",3
"animals","prediction accuracy",5
"animals","spectroscopy, fourier transform infrared/veterinary",5
"cattle","genetic parameters",1
"cattle","milk proteins/analysis",1
"cattle","phenotype",7
"cattle","prediction accuracy",3
"cattle","spectroscopy, fourier transform infrared/veterinary",4
"genetic parameters","milk proteins/analysis",1
"genetic parameters","milk/chemistry",1
"genetic parameters","phenotype",2
"genetic parameters","prediction accuracy",1
"genetic parameters","reproducibility of results",1
"genetic parameters","spectroscopy, fourier transform infrared/veterinary",1
"milk proteins/analysis","phenotype",2
"milk proteins/analysis","prediction accuracy",1
"milk proteins/analysis","reproducibility of results",1
"milk proteins/analysis","spectroscopy, fourier transform infrared/veterinary",1
"milk/chemistry","phenotype",4
"milk/chemistry","prediction accuracy",2
"milk/chemistry","reproducibility of results",1
"milk/chemistry","spectroscopy, fourier transform infrared/veterinary",4
"phenotype","prediction accuracy",3
"phenotype","reproducibility of results",2
"phenotype","spectroscopy, fourier transform infrared/veterinary",2
"prediction accuracy","reproducibility of results",1
"prediction accuracy","spectroscopy, fourier transform infrared/veterinary",1
"reproducibility of results","spectroscopy, fourier transform infrared/veterinary",1
"animal husbandry/methods","object detection",3
"animal husbandry/methods","ovum/physiology",5
"animal husbandry/methods","plf",10
"animals","object detection",4
"chickens/physiology","object detection",2
"chickens/physiology","ovum/physiology",5
"chickens/physiology","plf",4
"housing, animal","object detection",2
"housing, animal","ovum/physiology",1
"housing, animal","poultry",4
"object detection","ovum/physiology",1
"object detection","plf",2
"object detection","poultry",2
"object detection","video recording",1
"ovum/physiology","plf",1
"ovum/physiology","poultry",1
"ovum/physiology","video recording",1
"plf","video recording",1
"animals","insemination, artificial/veterinary",8
"insemination, artificial/veterinary","sheep/physiology",1
"animals","fertility",13
"cattle","fertility",8
"cattle","prediction",2
"cattle","reproduction/physiology",2
"cattle diseases","dairy cow",2
"cattle diseases","dairying/methods",2
"cattle diseases","farms",1
"cattle diseases","fertility",1
"cattle diseases","prediction",1
"cattle diseases","reproduction/physiology",1
"dairy cow","farms",3
"dairy cow","fertility",3
"dairy cow","prediction",2
"dairy cow","reproduction/physiology",3
"dairying/methods","farms",10
"dairying/methods","fertility",1
"dairying/methods","prediction",2
"dairying/methods","reproduction/physiology",2
"farms","fertility",1
"farms","prediction",1
"farms","reproduction/physiology",2
"fertility","prediction",1
"fertility","reproduction/physiology",1
"prediction","reproduction/physiology",2
"animal feed/analysis","efficiency",1
"animal feed/analysis","greenhouse effect",1
"animal feed/analysis","methane",5
"animal feed/analysis","sustainability",8
"animal nutritional physiological phenomena","cattle/physiology",7
"animal nutritional physiological phenomena","efficiency",1
"animal nutritional physiological phenomena","greenhouse effect",1
"animal nutritional physiological phenomena","methane",5
"animal nutritional physiological phenomena","sustainability",3
"animals","greenhouse effect",7
"cattle/physiology","efficiency",1
"cattle/physiology","greenhouse effect",1
"cattle/physiology","methane",8
"cattle/physiology","sustainability",2
"diet/veterinary","efficiency",1
"diet/veterinary","greenhouse effect",1
"diet/veterinary","methane",15
"diet/veterinary","sustainability",5
"efficiency","greenhouse effect",1
"efficiency","methane",1
"efficiency","sustainability",4
"greenhouse effect","methane",2
"greenhouse effect","sustainability",2
"methane","sustainability",3
"air pollutants/analysis","chickens",4
"air pollutants/analysis","environmental monitoring/methods",4
"air pollutants/analysis","particulate matter/analysis",5
"animals","particulate matter/analysis",5
"chickens","environmental monitoring/methods",2
"chickens","particulate matter/analysis",4
"environmental monitoring/methods","particulate matter/analysis",2
"animal feed/analysis","cattle/growth & development",3
"animal feed/analysis","lactation/physiology",3
"animal feed/analysis","milk/metabolism",3
"animal feed/analysis","retrospective studies",2
"animal feed/analysis","weaning",5
"animals","retrospective studies",8
"animals","weaning",8
"behavior","cattle/growth & development",1
"behavior","feeding behavior",1
"behavior","lactation/physiology",2
"behavior","retrospective studies",1
"behavior","weaning",2
"cattle/growth & development","feeding behavior",1
"cattle/growth & development","milk/metabolism",1
"cattle/growth & development","retrospective studies",1
"cattle/growth & development","weaning",2
"diet/veterinary","retrospective studies",2
"diet/veterinary","weaning",5
"feeding behavior","lactation/physiology",1
"feeding behavior","retrospective studies",2
"feeding behavior","weaning",2
"lactation/physiology","retrospective studies",1
"lactation/physiology","weaning",1
"milk/metabolism","retrospective studies",2
"milk/metabolism","weaning",2
"retrospective studies","weaning",1
"animal behaviour","animal husbandry",2
"animal behaviour","animal welfare",4
"animal behaviour","animals",4
"animal behaviour","behavior, animal/physiology",1
"animal husbandry","behavior, animal/physiology",1
"animal welfare","behavior, animal/physiology",3
"animals","behavior, animal/physiology",7
"biodiversity","chickens",1
"biodiversity","meat",1
"chickens","meat",4
"climate resilience","greenhouse gases",5
"animals","biomarkers/metabolism",6
"animals","livestock/genetics",15
"biomarkers","biomarkers/metabolism",1
"biomarkers","gene expression regulation",1
"biomarkers","livestock/genetics",2
"biomarkers","mastitis",1
"biomarkers/metabolism","gene expression regulation",1
"biomarkers/metabolism","livestock/genetics",1
"biomarkers/metabolism","mastitis",1
"gene expression regulation","livestock/genetics",1
"gene expression regulation","mastitis",1
"livestock/genetics","mastitis",1
"agriculture","carbon dioxide/analysis",1
"agriculture","carbon/analysis",1
"agriculture","china",3
"agriculture","economic development",1
"agriculture","rivers",3
"animals","carbon/analysis",2
"animals","economic development",1
"carbon dioxide/analysis","carbon/analysis",1
"carbon dioxide/analysis","china",1
"carbon dioxide/analysis","economic development",1
"carbon dioxide/analysis","rivers",1
"carbon dioxide/analysis","swine",1
"carbon/analysis","china",2
"carbon/analysis","economic development",2
"carbon/analysis","rivers",1
"carbon/analysis","swine",1
"china","economic development",5
"china","rivers",2
"china","swine",1
"economic development","rivers",2
"economic development","swine",1
"rivers","swine",1
"adult","agriculture",1
"adult","nitrogen",1
"agriculture","nitrogen",2
"animals","nitrogen",6
"animal welfare","laying hens",2
"animal welfare","modelling",1
"laying hens","modelling",1
"laying hens","sensors",1
"laying hens","technology",1
"modelling","sensors",2
"modelling","technology",1
"sensors","technology",3
"age factors","air pollution, indoor/analysis",1
"age factors","ammonia/analysis",1
"age factors","animals",5
"age factors","broiler",1
"age factors","chickens/physiology",1
"age factors","housing, animal",1
"age factors","hydrogen-ion concentration",1
"age factors","spain",1
"age factors","wood",1
"air pollution, indoor/analysis","ammonia/analysis",2
"air pollution, indoor/analysis","broiler",1
"air pollution, indoor/analysis","chickens/physiology",3
"air pollution, indoor/analysis","housing, animal",5
"air pollution, indoor/analysis","hydrogen-ion concentration",1
"air pollution, indoor/analysis","spain",1
"air pollution, indoor/analysis","wood",1
"ammonia/analysis","animals",9
"ammonia/analysis","broiler",2
"ammonia/analysis","chickens/physiology",2
"ammonia/analysis","housing, animal",5
"ammonia/analysis","hydrogen-ion concentration",1
"ammonia/analysis","spain",1
"ammonia/analysis","wood",1
"broiler","chickens/physiology",6
"broiler","housing, animal",2
"broiler","hydrogen-ion concentration",1
"broiler","spain",2
"broiler","wood",1
"chickens/physiology","hydrogen-ion concentration",1
"chickens/physiology","spain",2
"chickens/physiology","wood",1
"housing, animal","hydrogen-ion concentration",1
"housing, animal","spain",1
"housing, animal","wood",1
"hydrogen-ion concentration","spain",1
"hydrogen-ion concentration","wood",1
"spain","wood",1
"decision tree","deep learning",1
"decision tree","machine learning",3
"animals","antioxidants/pharmacology",4
"animals","avian proteins/metabolism",10
"animals","signal transduction/drug effects",6
"antioxidants/pharmacology","avian proteins/metabolism",1
"antioxidants/pharmacology","chickens",1
"antioxidants/pharmacology","random allocation",1
"antioxidants/pharmacology","signal transduction/drug effects",2
"avian proteins/metabolism","chickens",2
"avian proteins/metabolism","random allocation",3
"avian proteins/metabolism","signal transduction/drug effects",3
"chickens","random allocation",2
"chickens","signal transduction/drug effects",1
"random allocation","signal transduction/drug effects",3
"animals","calcium",3
"animals","inflammation",7
"animals","mammals",5
"animals","postpartum period",5
"calcium","cattle",2
"calcium","cattle diseases/metabolism",1
"calcium","inflammation",1
"calcium","lactation",1
"calcium","mammals",1
"calcium","milk/metabolism",1
"calcium","postpartum period",1
"cattle","inflammation",3
"cattle","mammals",2
"cattle","milk/metabolism",17
"cattle","postpartum period",3
"cattle diseases/metabolism","inflammation",1
"cattle diseases/metabolism","mammals",1
"cattle diseases/metabolism","milk/metabolism",3
"cattle diseases/metabolism","postpartum period",1
"inflammation","lactation",1
"inflammation","mammals",1
"inflammation","milk/metabolism",1
"inflammation","postpartum period",2
"lactation","mammals",1
"lactation","postpartum period",3
"mammals","milk/metabolism",1
"mammals","postpartum period",1
"milk/metabolism","postpartum period",1
"agroecology","animal husbandry/economics",1
"agroecology","animal welfare",1
"agroecology","animals",2
"agroecology","conservation of natural resources",1
"agroecology","ecosystem services",1
"agroecology","environment",1
"agroecology","livestock",2
"agroecology","sustainability",1
"animal husbandry/economics","conservation of natural resources",1
"animal husbandry/economics","ecosystem services",1
"animal welfare","conservation of natural resources",1
"animal welfare","ecosystem services",2
"animals","ecosystem services",3
"conservation of natural resources","ecosystem services",2
"conservation of natural resources","livestock",5
"conservation of natural resources","sustainability",4
"ecosystem services","environment",3
"ecosystem services","livestock",3
"ecosystem services","sustainability",2
"livestock","sustainability",6
"animal feed","animal nutritional physiological phenomena",6
"animal feed","fermentation",2
"animal feed","methane/metabolism",4
"animal feed","rumen/metabolism",4
"animal feed","zea mays",1
"animal nutritional physiological phenomena","cattle/metabolism",3
"animal nutritional physiological phenomena","fermentation",5
"animal nutritional physiological phenomena","methane/metabolism",7
"animal nutritional physiological phenomena","rumen/metabolism",6
"cattle/metabolism","fermentation",4
"cattle/metabolism","zea mays",3
"diet/veterinary","fermentation",12
"diet/veterinary","methane/metabolism",12
"fermentation","methane/metabolism",7
"fermentation","zea mays",3
"methane/metabolism","rumen/metabolism",7
"methane/metabolism","zea mays",3
"rumen/metabolism","zea mays",4
"animals","transportation",5
"behavior","dairy cows",2
"behavior","sensor",1
"dairy cows","plf",4
"dairy cows","sensor",1
"animal feed/analysis","dose-response relationship, drug",4
"animal feed/analysis","meat quality",2
"animal feed/analysis","taste",1
"animal nutritional physiological phenomena","dose-response relationship, drug",2
"animal nutritional physiological phenomena","meat quality",1
"animal nutritional physiological phenomena","random allocation",5
"animal nutritional physiological phenomena","taste",1
"animals","dose-response relationship, drug",5
"animals","meat quality",6
"chickens/growth & development","dose-response relationship, drug",2
"chickens/growth & development","meat quality",1
"chickens/growth & development","meat/analysis",1
"chickens/growth & development","random allocation",4
"chickens/growth & development","taste",1
"diet/veterinary","dose-response relationship, drug",4
"diet/veterinary","meat quality",2
"diet/veterinary","taste",1
"dose-response relationship, drug","meat quality",1
"dose-response relationship, drug","meat/analysis",1
"dose-response relationship, drug","random allocation",4
"dose-response relationship, drug","taste",1
"meat quality","meat/analysis",4
"meat quality","random allocation",1
"meat quality","taste",2
"meat/analysis","random allocation",4
"meat/analysis","taste",2
"random allocation","taste",1
"adult","bayes theorem",1
"adult","consumer behavior",1
"adult","dairy",1
"adult","dairying/methods",2
"adult","grazing",1
"adult","herbivory",1
"adult","milk",1
"adult","united kingdom",1
"adult","young adult",5
"animal welfare","bayes theorem",1
"animal welfare","consumer behavior",2
"animal welfare","dairy",3
"animal welfare","grazing",1
"animal welfare","herbivory",3
"animal welfare","united kingdom",1
"animal welfare","young adult",2
"animals","consumer behavior",5
"animals","dairy",7
"animals","united kingdom",5
"animals","young adult",4
"bayes theorem","cattle",4
"bayes theorem","consumer behavior",1
"bayes theorem","dairy",1
"bayes theorem","dairying/methods",2
"bayes theorem","grazing",1
"bayes theorem","herbivory",1
"bayes theorem","middle aged",1
"bayes theorem","milk",1
"bayes theorem","surveys and questionnaires",1
"bayes theorem","united kingdom",1
"bayes theorem","young adult",1
"cattle","consumer behavior",2
"cattle","dairy",4
"cattle","grazing",3
"cattle","united kingdom",2
"cattle","young adult",2
"consumer behavior","dairy",1
"consumer behavior","dairying/methods",1
"consumer behavior","grazing",1
"consumer behavior","herbivory",1
"consumer behavior","middle aged",1
"consumer behavior","milk",3
"consumer behavior","surveys and questionnaires",1
"consumer behavior","united kingdom",1
"consumer behavior","young adult",1
"dairy","dairying/methods",4
"dairy","grazing",1
"dairy","herbivory",1
"dairy","middle aged",1
"dairy","milk",4
"dairy","surveys and questionnaires",1
"dairy","united kingdom",1
"dairy","young adult",1
"dairying/methods","grazing",1
"dairying/methods","herbivory",2
"dairying/methods","middle aged",2
"dairying/methods","surveys and questionnaires",3
"dairying/methods","united kingdom",2
"dairying/methods","young adult",1
"grazing","herbivory",1
"grazing","middle aged",1
"grazing","milk",1
"grazing","surveys and questionnaires",1
"grazing","united kingdom",1
"grazing","young adult",1
"herbivory","middle aged",1
"herbivory","surveys and questionnaires",1
"herbivory","united kingdom",1
"herbivory","young adult",1
"middle aged","milk",1
"middle aged","united kingdom",1
"middle aged","young adult",4
"milk","surveys and questionnaires",1
"milk","united kingdom",2
"milk","young adult",1
"surveys and questionnaires","united kingdom",1
"surveys and questionnaires","young adult",2
"united kingdom","young adult",1
"animal husbandry","breeding",2
"animal husbandry","environment",4
"animal husbandry","genotype",1
"animal husbandry","livestock/genetics",1
"animal husbandry","phenotype",3
"animal husbandry","reproduction",2
"animal husbandry","resilience",1
"animal husbandry","sustainability",4
"breeding","environment",4
"breeding","genotype",3
"breeding","livestock/genetics",8
"breeding","phenotype",13
"breeding","reproduction",2
"breeding","resilience",2
"breeding","sustainability",4
"environment","genotype",1
"environment","livestock/genetics",1
"environment","phenotype",2
"environment","reproduction",4
"environment","resilience",3
"genotype","livestock/genetics",1
"genotype","phenotype",6
"genotype","reproduction",1
"genotype","resilience",1
"genotype","sustainability",1
"livestock/genetics","phenotype",3
"livestock/genetics","reproduction",1
"livestock/genetics","resilience",1
"livestock/genetics","sustainability",3
"phenotype","reproduction",2
"phenotype","resilience",2
"phenotype","sustainability",2
"reproduction","resilience",2
"reproduction","sustainability",1
"resilience","sustainability",6
"beef cattle","typology",1
"animal production","aquaculture",1
"animal production","poultry",1
"animal production","ruminants",2
"aquaculture","poultry",1
"aquaculture","ruminants",1
"poultry","ruminants",2
"amino acids","broiler",1
"amino acids","heat stress",1
"amino acids","heat tolerance",1
"broiler","heat stress",3
"broiler","heat tolerance",1
"heat stress","heat tolerance",1
"animal welfare","australia",1
"animal welfare","heat stress",4
"animal welfare","sheep/physiology",2
"animal welfare","transportation",4
"animals","australia",12
"animals","heat stress",16
"australia","heat stress",2
"australia","sheep",2
"australia","sheep/physiology",2
"australia","transportation",1
"heat stress","sheep",1
"heat stress","sheep/physiology",1
"heat stress","transportation",1
"sheep","transportation",1
"sheep/physiology","transportation",1
"adaptation","agriculture",4
"adaptation","groundwater",1
"adaptation","sustainability",4
"agriculture","climate resilience",12
"agriculture","groundwater",1
"agriculture","sustainability",6
"climate resilience","groundwater",1
"climate resilience","sustainability",9
"groundwater","sustainability",1
"air quality","ammonia",1
"air quality","ammonia/analysis",2
"air quality","animals",4
"air quality","carbon dioxide",1
"air quality","carbon dioxide/analysis",2
"air quality","chickens",1
"air quality","laying hens",1
"air quality","manure",1
"air quality","temperature",1
"ammonia","ammonia/analysis",4
"ammonia","carbon dioxide",2
"ammonia","carbon dioxide/analysis",2
"ammonia","chickens",5
"ammonia","laying hens",1
"ammonia","manure",3
"ammonia","temperature",3
"ammonia/analysis","carbon dioxide",1
"ammonia/analysis","carbon dioxide/analysis",3
"ammonia/analysis","chickens",3
"ammonia/analysis","laying hens",1
"ammonia/analysis","manure",3
"ammonia/analysis","temperature",4
"animals","carbon dioxide",4
"animals","laying hens",4
"carbon dioxide","carbon dioxide/analysis",2
"carbon dioxide","chickens",1
"carbon dioxide","laying hens",1
"carbon dioxide","manure",1
"carbon dioxide","temperature",1
"carbon dioxide/analysis","chickens",1
"carbon dioxide/analysis","laying hens",1
"carbon dioxide/analysis","manure",1
"carbon dioxide/analysis","temperature",1
"chickens","laying hens",2
"chickens","manure",4
"chickens","temperature",7
"laying hens","manure",1
"laying hens","temperature",1
"manure","temperature",2
"cattle","rumen/metabolism",11
"fatty acids, volatile/metabolism","hydrogen-ion concentration",2
"fatty acids, volatile/metabolism","rumen/metabolism",4
"hydrogen-ion concentration","rumen/metabolism",3
"animal feed","calcium",1
"animal feed","digestion",2
"animal feed","phosphorus",1
"animal nutritional physiological phenomena","calcium",1
"animal nutritional physiological phenomena","digestion",6
"animal nutritional physiological phenomena","phosphorus",1
"animals","phosphorus",3
"calcium","digestion",1
"calcium","rumen/metabolism",1
"digestion","phosphorus",1
"phosphorus","rumen/metabolism",1
"animals","laying hen",5
"genetic selection","laying hen",1
"genetic selection","poultry",1
"genetic selection","risk factors",1
"laying hen","poultry",2
"laying hen","risk factors",1
"poultry","risk factors",2
"climate","mexico",1
"animal husbandry","chickens",2
"chickens","farms",2
"chickens","livestock",4
"animals","birds",7
"cheese","dairy cow",2
"cheese","fatty acid profile",2
"dairy cow","fatty acid profile",2
"fatty acid profile","milk",1
"random forest","rna-seq",1
"animals","anti-bacterial agents/pharmacology",6
"animals","antimicrobial resistance",4
"anti-bacterial agents/pharmacology","antimicrobial resistance",1
"anti-bacterial agents/pharmacology","cattle",2
"anti-bacterial agents/pharmacology","dairying",1
"anti-bacterial agents/pharmacology","mastitis",1
"anti-bacterial agents/pharmacology","mastitis, bovine/microbiology",1
"anti-bacterial agents/pharmacology","milk/microbiology",1
"anti-bacterial agents/pharmacology","public health",2
"antimicrobial resistance","cattle",2
"antimicrobial resistance","dairying",1
"antimicrobial resistance","mastitis",1
"antimicrobial resistance","mastitis, bovine/microbiology",2
"antimicrobial resistance","milk/microbiology",2
"antimicrobial resistance","public health",1
"cattle","public health",1
"dairying","public health",1
"mastitis","mastitis, bovine/microbiology",1
"mastitis","public health",1
"mastitis, bovine/microbiology","public health",1
"milk/microbiology","public health",1
"animals","poultry diseases/prevention & control",5
"disease outbreaks/prevention & control","farms",1
"disease outbreaks/prevention & control","models, biological",1
"disease outbreaks/prevention & control","models, theoretical",1
"disease outbreaks/prevention & control","poultry",1
"disease outbreaks/prevention & control","poultry diseases/prevention & control",1
"farms","influenza in birds/epidemiology",2
"farms","models, biological",1
"farms","poultry",3
"farms","poultry diseases/prevention & control",1
"influenza in birds/epidemiology","models, biological",3
"influenza in birds/epidemiology","models, theoretical",3
"influenza in birds/epidemiology","poultry",3
"influenza in birds/epidemiology","poultry diseases/prevention & control",1
"models, biological","models, theoretical",7
"models, biological","poultry",2
"models, biological","poultry diseases/prevention & control",1
"models, theoretical","poultry",3
"models, theoretical","poultry diseases/prevention & control",1
"poultry","poultry diseases/prevention & control",4
"ammonia","emissions",1
"ammonia","nitrogen",3
"emissions","nitrogen",1
"cloud computing","farm management",1
"cloud computing","internet of things",1
"cloud computing","sustainability",1
"farm management","internet of things",1
"farm management","sustainability",1
"internet of things","sustainability",1
"beef cattle","breeding",1
"beef cattle","cattle/genetics",3
"beef cattle","genetic variation",1
"beef cattle","phenotype",2
"breeding","cattle/genetics",10
"breeding","genetic variation",6
"cattle/genetics","genetic variation",5
"cattle/genetics","phenotype",16
"genetic variation","phenotype",5
"deep learning","precision agriculture",3
"behavior","infrared thermography",1
"behavior","mastitis",1
"behavior","welfare",4
"dairy cows","infrared thermography",1
"dairy cows","mastitis",2
"dairy cows","welfare",1
"infrared thermography","lameness",1
"infrared thermography","mastitis",2
"infrared thermography","plf",2
"infrared thermography","welfare",3
"lameness","mastitis",1
"lameness","plf",1
"lameness","welfare",2
"mastitis","plf",1
"mastitis","welfare",2
"animal husbandry/instrumentation","animal welfare",4
"animal husbandry/instrumentation","farm management",1
"animal husbandry/instrumentation","livestock",3
"animal husbandry/instrumentation","plf",2
"animal husbandry/instrumentation","poultry",2
"animal welfare","farm management",1
"animals","farm management",1
"farm management","livestock",1
"farm management","plf",1
"farm management","poultry",1
"adult","animal husbandry/instrumentation",1
"adult","attitude",1
"adult","decision making",1
"adult","sheep",1
"animal husbandry/instrumentation","attitude",1
"animal husbandry/instrumentation","decision making",1
"animal husbandry/instrumentation","farmers/psychology",1
"animal husbandry/instrumentation","middle aged",1
"animal husbandry/instrumentation","sheep",1
"animals","decision making",6
"attitude","decision making",1
"attitude","farmers/psychology",1
"attitude","middle aged",1
"attitude","sheep",2
"decision making","farmers/psychology",1
"decision making","middle aged",1
"decision making","sheep",1
"farmers/psychology","sheep",1
"middle aged","sheep",1
"immune response","meat quality",1
"adaptation","gene expression",1
"climate resilience","gene expression",1
"animal husbandry/methods","growth",2
"animal husbandry/methods","meat/analysis",4
"animal husbandry/methods","random allocation",3
"broiler","growth",1
"broiler","meat/analysis",3
"broiler","random allocation",6
"growth","meat/analysis",1
"growth","random allocation",2
"microclimate","technology",1
"animal husbandry","meat",1
"animal husbandry","plant breeding",1
"animal husbandry","water",1
"animals","plant breeding",6
"animals","water",6
"cattle","meat",2
"cattle","plant breeding",4
"cattle","water",2
"meat","plant breeding",1
"meat","united states",1
"meat","water",1
"plant breeding","united states",1
"plant breeding","water",1
"united states","water",1
"animals","south africa",6
"cattle","south africa",1
"dairying/methods","south africa",1
"dairying/methods","united states",2
"south africa","united states",1
"animals","methane/biosynthesis",10
"cattle","methane",12
"cattle","methane/biosynthesis",4
"dairy cow","methane",7
"dairy cow","methane/biosynthesis",3
"dairy cow","milk/chemistry",8
"diet/veterinary","methane/biosynthesis",4
"lactation","methane",8
"lactation","methane/biosynthesis",5
"methane","methane/biosynthesis",5
"methane","milk/chemistry",4
"methane/biosynthesis","milk/chemistry",3
"animal welfare","pig",1
"cattle","pig",1
"pig","sheep",1
"abattoirs","animal husbandry/methods",2
"abattoirs","machine learning",1
"abattoirs","transportation",1
"animal husbandry/methods","machine learning",11
"animal husbandry/methods","transportation",2
"animal husbandry/methods","welfare",3
"animal welfare","machine learning",7
"machine learning","transportation",1
"machine learning","welfare",1
"transportation","welfare",1
"animals","deforestation",1
"animals","remote sensing",5
"animals","tropical climate",8
"biodiversity","cattle",3
"biodiversity","deforestation",1
"biodiversity","environmental monitoring/methods",4
"biodiversity","mexico",1
"biodiversity","remote sensing",1
"biodiversity","tropical climate",2
"cattle","deforestation",1
"cattle","ecosystem",4
"cattle","environmental monitoring/methods",2
"cattle","remote sensing",2
"cattle","tropical climate",2
"conservation of natural resources","deforestation",1
"conservation of natural resources","remote sensing",2
"conservation of natural resources","tropical climate",4
"deforestation","ecosystem",1
"deforestation","environmental monitoring/methods",1
"deforestation","mexico",1
"deforestation","remote sensing",2
"deforestation","tropical climate",1
"ecosystem","remote sensing",3
"ecosystem","tropical climate",2
"environmental monitoring/methods","mexico",2
"environmental monitoring/methods","remote sensing",2
"environmental monitoring/methods","tropical climate",1
"mexico","remote sensing",1
"mexico","tropical climate",1
"remote sensing","tropical climate",1
"dairy farming","data mining",1
"animal husbandry/methods","laying hen",4
"animal husbandry/methods","resilience",3
"animal welfare","broiler",4
"animal welfare","laying hen",2
"animal welfare","resilience",3
"broiler","laying hen",1
"broiler","resilience",1
"chickens/physiology","laying hen",3
"chickens/physiology","resilience",1
"laying hen","resilience",1
"behaviour","dairy cattle",2
"behaviour","stress",2
"dairy cattle","stress",2
"agriculture","air pollutants/metabolism",1
"agriculture","manure",1
"agriculture","methane",1
"agriculture","methane/metabolism",1
"air pollutants/metabolism","animal husbandry",3
"air pollutants/metabolism","livestock",2
"air pollutants/metabolism","manure",1
"animal husbandry","environmental monitoring/methods",3
"animal husbandry","manure",1
"animal husbandry","methane",4
"animal husbandry","methane/metabolism",4
"environmental monitoring/methods","livestock",3
"environmental monitoring/methods","manure",1
"livestock","manure",3
"livestock","methane",2
"livestock","methane/metabolism",2
"manure","methane/metabolism",1
"china","rural population",1
"rural population","sustainable development",1
"animals","oxidative stress",7
"antioxidants/pharmacology","oxidative stress",1
"antioxidants/pharmacology","pregnancy",1
"antioxidants/pharmacology","sheep/physiology",1
"oxidative stress","pregnancy",1
"oxidative stress","sheep/physiology",1
"pregnancy","sheep/physiology",2
"livestock/genetics","selective breeding",3
"broilers","heat stress",1
"broilers","meat quality",1
"heat stress","meat quality",1
"animal feed/analysis","australia",2
"animal feed/analysis","conservation of natural resources",2
"animal feed/analysis","swine/physiology",2
"australia","conservation of natural resources",1
"australia","diet/veterinary",1
"australia","sustainability",2
"australia","swine/physiology",1
"conservation of natural resources","diet/veterinary",2
"conservation of natural resources","swine/physiology",1
"diet/veterinary","swine/physiology",2
"sustainability","swine/physiology",2
"algorithms","disease outbreaks/veterinary",1
"algorithms","horses",1
"animals","disease outbreaks/veterinary",10
"disease outbreaks/veterinary","horses",1
"animals","selection, genetic",10
"phylogeny","selection, genetic",1
"selection, genetic","species specificity",1
"animals","socioeconomic factors",3
"ecosystem","livestock",8
"ecosystem","nitrogen",1
"ecosystem","phosphorus",1
"ecosystem","ruminants",2
"ecosystem","socioeconomic factors",2
"ecosystem","swine",1
"livestock","nitrogen",2
"livestock","phosphorus",1
"livestock","socioeconomic factors",1
"nitrogen","phosphorus",2
"nitrogen","ruminants",1
"nitrogen","socioeconomic factors",1
"nitrogen","swine",1
"phosphorus","ruminants",1
"phosphorus","socioeconomic factors",1
"phosphorus","swine",1
"ruminants","socioeconomic factors",1
"socioeconomic factors","swine",1
"animals","metabolome",7
"animals","microbiome",7
"animals","microbiota",12
"chickens","gastrointestinal microbiome",2
"chickens","metabolome",2
"chickens","microbiome",1
"chickens","microbiota",2
"chickens","poultry",14
"gastrointestinal microbiome","metabolome",3
"gastrointestinal microbiome","microbiome",3
"gastrointestinal microbiome","microbiota",1
"gastrointestinal microbiome","poultry",2
"metabolome","microbiome",1
"metabolome","microbiota",1
"metabolome","poultry",1
"microbiome","microbiota",3
"microbiome","poultry",4
"microbiota","poultry",3
"bacteria/genetics","microbiota",1
"bacteria/genetics","soil microbiology",4
"bacteria/genetics","soil/chemistry",3
"aquaculture","livestock production",1
"aquaculture","proteomics",3
"aquaculture","sustainable agriculture",1
"biomarkers","livestock production",1
"biomarkers","proteomics",1
"biomarkers","sustainable agriculture",1
"livestock production","proteomics",1
"livestock production","sustainable agriculture",1
"proteomics","sustainable agriculture",1
"antimicrobial resistance","antioxidants/pharmacology",1
"antimicrobial resistance","mice",1
"antioxidants/pharmacology","mice",1
"data mining","food supply",1
"geography","models, statistical",3
"geography","sheep",1
"geography","spatial analysis",1
"models, statistical","spatial analysis",1
"sheep","spatial analysis",1
"animals","spatio-temporal analysis",5
"cattle","spatio-temporal analysis",2
"cattle diseases/epidemiology","dairying",2
"cattle diseases/epidemiology","farms",1
"cattle diseases/epidemiology","livestock",2
"cattle diseases/epidemiology","spatio-temporal analysis",1
"cattle diseases/epidemiology","united kingdom",1
"dairying","farms",8
"dairying","livestock",5
"dairying","milk",7
"dairying","spatio-temporal analysis",2
"dairying","united kingdom",2
"farms","milk",12
"farms","spatio-temporal analysis",1
"farms","united kingdom",1
"livestock","milk",5
"livestock","spatio-temporal analysis",2
"livestock","united kingdom",1
"milk","spatio-temporal analysis",1
"spatio-temporal analysis","united kingdom",1
"climate resilience","lakes",1
"climate resilience","machine learning",6
"ecosystem","lakes",3
"lakes","machine learning",1
"animal welfare","dairy cattle",5
"animal husbandry/economics","cattle",1
"animal husbandry/economics","colombia",1
"animal husbandry/economics","genetic improvement",1
"animals","colombia",3
"animals","genetic improvement",4
"cattle","colombia",3
"cattle","genetic improvement",2
"colombia","genetic improvement",1
"animals","italy",6
"animals","prevalence",6
"italy","prevalence",1
"italy","ruminants",1
"prevalence","ruminants",1
"animal feed/analysis","dietary supplements/analysis",20
"animal feed/analysis","fatty acids, volatile/metabolism",4
"animal feed/analysis","fermentation",9
"animal feed/analysis","goats/physiology",2
"animal feed/analysis","methane/metabolism",10
"animal feed/analysis","rumen/physiology",2
"animals","dietary supplements/analysis",20
"animals","rumen/physiology",6
"dietary supplements/analysis","fatty acids, volatile/metabolism",2
"dietary supplements/analysis","fermentation",2
"dietary supplements/analysis","goats/physiology",1
"dietary supplements/analysis","methane/metabolism",3
"dietary supplements/analysis","rumen/physiology",1
"fatty acids, volatile/metabolism","fermentation",6
"fatty acids, volatile/metabolism","goats/physiology",1
"fatty acids, volatile/metabolism","methane/metabolism",3
"fatty acids, volatile/metabolism","rumen/physiology",1
"fermentation","goats/physiology",2
"fermentation","rumen/physiology",1
"goats/physiology","methane/metabolism",1
"goats/physiology","rumen/physiology",1
"methane/metabolism","rumen/physiology",1
"nutritive value","pasture",1
"nutritive value","productivity",1
"pasture","productivity",1
"animals","forage",4
"animals","nutritional status",7
"animals","silage/analysis",9
"cattle/physiology","fermentation",4
"cattle/physiology","forage",2
"cattle/physiology","milk production",1
"cattle/physiology","nitrogen/metabolism",1
"cattle/physiology","nutrition",1
"cattle/physiology","nutritional status",1
"cattle/physiology","silage/analysis",2
"cattle/physiology","spain",1
"cattle/physiology","zea mays",2
"diet/veterinary","forage",4
"diet/veterinary","milk production",3
"diet/veterinary","nitrogen/metabolism",6
"diet/veterinary","nutrition",3
"diet/veterinary","nutritional status",2
"diet/veterinary","silage/analysis",8
"diet/veterinary","spain",1
"fermentation","forage",1
"fermentation","milk production",1
"fermentation","nitrogen/metabolism",1
"fermentation","nutrition",1
"fermentation","nutritional status",1
"fermentation","organic agriculture",1
"fermentation","silage/analysis",4
"fermentation","spain",1
"forage","lactation",3
"forage","milk production",2
"forage","milk/metabolism",2
"forage","nitrogen/metabolism",1
"forage","nutrition",1
"forage","nutritional status",1
"forage","organic agriculture",1
"forage","rumen/metabolism",2
"forage","silage/analysis",2
"forage","spain",1
"forage","zea mays",2
"lactation","nitrogen/metabolism",2
"lactation","nutrition",1
"lactation","nutritional status",1
"lactation","silage/analysis",7
"lactation","spain",1
"lactation","zea mays",5
"milk production","milk/metabolism",2
"milk production","nitrogen/metabolism",1
"milk production","nutrition",1
"milk production","nutritional status",1
"milk production","organic agriculture",1
"milk production","rumen/metabolism",1
"milk production","silage/analysis",1
"milk production","spain",1
"milk production","zea mays",1
"milk/metabolism","nitrogen/metabolism",2
"milk/metabolism","nutrition",1
"milk/metabolism","nutritional status",1
"milk/metabolism","silage/analysis",5
"milk/metabolism","spain",1
"milk/metabolism","zea mays",3
"nitrogen/metabolism","nutrition",1
"nitrogen/metabolism","nutritional status",1
"nitrogen/metabolism","organic agriculture",1
"nitrogen/metabolism","rumen/metabolism",2
"nitrogen/metabolism","silage/analysis",2
"nitrogen/metabolism","spain",1
"nitrogen/metabolism","zea mays",1
"nutrition","nutritional status",1
"nutrition","organic agriculture",1
"nutrition","rumen/metabolism",1
"nutrition","silage/analysis",1
"nutrition","spain",1
"nutrition","zea mays",1
"nutritional status","organic agriculture",1
"nutritional status","rumen/metabolism",1
"nutritional status","silage/analysis",1
"nutritional status","spain",1
"nutritional status","zea mays",1
"organic agriculture","rumen/metabolism",1
"organic agriculture","silage/analysis",1
"organic agriculture","spain",1
"organic agriculture","zea mays",1
"rumen/metabolism","silage/analysis",5
"rumen/metabolism","spain",1
"silage/analysis","spain",1
"silage/analysis","zea mays",4
"spain","zea mays",1
"energy efficiency","solar energy",1
"energy efficiency","sustainability",2
"solar energy","sustainability",1
"dairy cows","milk quality",1
"cattle/genetics","genotype",6
"animals","crops, agricultural",3
"crops, agricultural","environmental monitoring",1
"crops, agricultural","farmers",1
"crops, agricultural","farms",3
"crops, agricultural","livestock",3
"environmental monitoring","farmers",1
"environmental monitoring","farms",2
"environmental monitoring","livestock",1
"farmers","farms",9
"animal feed/analysis","cattle/metabolism",3
"animal feed/analysis","dairying",2
"animal feed/analysis","fat",1
"animal feed/analysis","fatty acids",1
"animal feed/analysis","milk",4
"animal feed/analysis","organic",1
"animal feed/analysis","reproduction/physiology",1
"animal feed/analysis","rumen",3
"animal nutritional physiological phenomena","dairying",2
"animal nutritional physiological phenomena","fat",1
"animal nutritional physiological phenomena","fatty acids",1
"animal nutritional physiological phenomena","milk",3
"animal nutritional physiological phenomena","organic",1
"animal nutritional physiological phenomena","reproduction/physiology",2
"animal nutritional physiological phenomena","rumen",2
"animals","fat",2
"animals","fatty acids",4
"animals","organic",3
"cattle/metabolism","dairying",3
"cattle/metabolism","dietary supplements",2
"cattle/metabolism","fat",2
"cattle/metabolism","fatty acids",1
"cattle/metabolism","milk",3
"cattle/metabolism","organic",1
"cattle/metabolism","reproduction/physiology",1
"cattle/metabolism","rumen",2
"dairying","fat",1
"dairying","fatty acids",1
"dairying","lactation/physiology",2
"dairying","organic",1
"dairying","reproduction/physiology",2
"dairying","rumen",1
"diet/veterinary","fat",1
"diet/veterinary","fatty acids",1
"diet/veterinary","organic",1
"diet/veterinary","rumen",6
"dietary supplements","fat",1
"dietary supplements","fatty acids",1
"dietary supplements","lactation/physiology",3
"dietary supplements","milk",1
"dietary supplements","organic",1
"dietary supplements","reproduction/physiology",1
"dietary supplements","rumen",1
"fat","fatty acids",1
"fat","lactation/physiology",1
"fat","milk",2
"fat","organic",1
"fat","reproduction/physiology",1
"fat","rumen",2
"fatty acids","lactation/physiology",1
"fatty acids","milk",1
"fatty acids","organic",1
"fatty acids","reproduction/physiology",1
"fatty acids","rumen",1
"lactation/physiology","organic",1
"lactation/physiology","rumen",3
"milk","organic",1
"milk","rumen",5
"organic","reproduction/physiology",1
"organic","rumen",1
"reproduction/physiology","rumen",1
"animals","disease outbreaks",5
"birds","disease outbreaks",1
"birds","influenza in birds/epidemiology",2
"birds","models, biological",2
"disease outbreaks","influenza in birds/epidemiology",1
"disease outbreaks","models, biological",2
"polymorphism, single nucleotide","weaning",1
"sheep/genetics","weaning",1
"ai","iot",1
"ai","sustainable development",2
"iot","sustainable development",1
"animals","forests",4
"biodiversity","biomass",2
"biodiversity","forests",3
"biomass","ecosystem",3
"biomass","tropical climate",2
"forests","tropical climate",3
"agriculture","agriculture/methods",3
"agriculture","decision making",3
"agriculture","modelling",3
"agriculture/methods","decision making",4
"agriculture/methods","modelling",1
"agriculture/methods","models, theoretical",7
"agriculture/methods","sensors",1
"decision making","modelling",1
"decision making","models, theoretical",3
"decision making","sensors",1
"modelling","models, theoretical",2
"rumen/physiology","sheep",1
"rumen/physiology","sheep/physiology",1
"rumen/physiology","temperature",2
"rumen/physiology","water intake",1
"sheep","temperature",1
"sheep","water intake",1
"sheep/physiology","temperature",1
"sheep/physiology","water intake",1
"temperature","water intake",1
"environmental monitoring/methods","machine learning",4
"environmental monitoring/methods","nitrates/analysis",4
"environmental monitoring/methods","random forest",1
"environmental monitoring/methods","water quality",3
"machine learning","nitrates/analysis",3
"machine learning","water quality",3
"nitrates/analysis","random forest",1
"nitrates/analysis","water quality",3
"random forest","water quality",1
"animals","bovine",6
"animals","innate immunity",3
"bovine","cattle",5
"bovine","innate immunity",2
"bovine","signal transduction/drug effects",1
"cattle","signal transduction/drug effects",2
"innate immunity","signal transduction/drug effects",1
"behavior","innovation",1
"behavior","precision dairy farming",1
"innovation","precision dairy farming",1
"animal welfare/standards","chickens/physiology",1
"animal welfare/standards","health",2
"animal welfare/standards","housing",1
"animal welfare/standards","poultry",1
"animal welfare/standards","poultry diseases/prevention & control",1
"animal welfare/standards","welfare",2
"animals","health",16
"animals","housing",3
"chickens/physiology","health",1
"chickens/physiology","housing",1
"chickens/physiology","housing, animal/standards",1
"chickens/physiology","poultry diseases/prevention & control",1
"health","housing",1
"health","housing, animal/standards",1
"health","poultry",5
"health","poultry diseases/prevention & control",2
"health","welfare",16
"housing","housing, animal/standards",1
"housing","poultry",1
"housing","poultry diseases/prevention & control",1
"housing","welfare",2
"housing, animal/standards","poultry",1
"housing, animal/standards","poultry diseases/prevention & control",1
"poultry diseases/prevention & control","welfare",2
"animal husbandry/instrumentation","breeding/methods",1
"animal husbandry/instrumentation","chickens",1
"animal husbandry/instrumentation","environment",1
"animal husbandry/instrumentation","ethiopia",1
"animals","ethiopia",4
"breeding/methods","chickens",1
"breeding/methods","environment",1
"breeding/methods","ethiopia",1
"breeding/methods","livestock",2
"chickens","ethiopia",1
"environment","ethiopia",1
"ethiopia","livestock",1
"genotype","polymorphism, single nucleotide",4
"genotype","temperature",3
"phenotype","temperature",1
"polymorphism, single nucleotide","temperature",2
"animal feed/analysis","inflammation",1
"cattle/physiology","inflammation",1
"diet/veterinary","inflammation",2
"hydrogen-ion concentration","inflammation",1
"agriculture","bioremediation",1
"agriculture","fertilizers",3
"agriculture","soil",3
"bioremediation","fertilizers",1
"bioremediation","soil",1
"fertilizers","soil",2
"agriculture","dairy",1
"agriculture","europe",2
"agriculture","meat",2
"dairy","europe",2
"dairy","farms",2
"dairy","meat",2
"dairy","ruminants",2
"dairy","sheep",2
"dairy","sustainability",3
"europe","farms",1
"europe","meat",1
"europe","ruminants",1
"europe","sheep",1
"europe","sustainability",1
"farms","meat",2
"farms","sustainability",3
"meat","ruminants",1
"meat","sheep",1
"meat","sustainability",2
"ruminants","sustainability",2
"sheep","sustainability",2
"animals","metabolism",4
"broiler","metabolism",1
"broiler","temperature",6
"chickens","metabolism",1
"metabolism","temperature",1
"farmers","policy",1
"biotechnology","gene expression",1
"climate resilience","manure",2
"climate resilience","nutrient management",2
"livestock","nutrient management",1
"manure","nutrient management",3
"animal feed/analysis","growth",3
"animal feed/analysis","nitrogen/metabolism",3
"animal feed/analysis","performance",2
"animals","performance",4
"cattle/growth & development","dietary supplements/analysis",1
"cattle/growth & development","growth",1
"cattle/growth & development","nitrogen/metabolism",2
"cattle/growth & development","performance",1
"cattle/growth & development","random allocation",1
"diet/veterinary","dietary supplements/analysis",19
"diet/veterinary","growth",3
"diet/veterinary","performance",3
"dietary supplements/analysis","growth",1
"dietary supplements/analysis","nitrogen/metabolism",1
"dietary supplements/analysis","performance",2
"dietary supplements/analysis","random allocation",13
"dietary supplements/analysis","weaning",1
"growth","nitrogen/metabolism",1
"growth","performance",1
"growth","weaning",2
"nitrogen/metabolism","performance",1
"nitrogen/metabolism","random allocation",1
"nitrogen/metabolism","weaning",1
"performance","random allocation",2
"performance","weaning",1
"random allocation","weaning",2
"broiler","meat quality",2
"meat quality","temperature",1
"agriculture","biosensors",2
"agriculture","cattle/physiology",1
"agriculture","dairying",3
"agriculture","health",2
"agriculture","welfare",2
"animal welfare","biosensors",1
"animal welfare","dairying",5
"animal welfare","health",7
"biosensors","cattle/physiology",1
"biosensors","dairying",1
"biosensors","health",1
"biosensors","livestock",1
"biosensors","plf",1
"biosensors","ruminants/physiology",1
"biosensors","welfare",1
"cattle/physiology","health",4
"cattle/physiology","livestock",3
"cattle/physiology","plf",5
"cattle/physiology","ruminants/physiology",1
"dairying","health",4
"dairying","ruminants/physiology",1
"dairying","welfare",1
"health","livestock",2
"health","plf",3
"health","ruminants/physiology",1
"livestock","welfare",2
"plf","ruminants/physiology",2
"ruminants/physiology","welfare",2
"animals","bibliometrics",4
"animals","chickens/genetics",15
"bibliometrics","chickens/genetics",1
"bibliometrics","nutritional status",1
"bibliometrics","poultry",2
"bibliometrics","technology",1
"bibliometrics","united states",2
"chickens/genetics","nutritional status",1
"chickens/genetics","poultry",4
"chickens/genetics","technology",1
"chickens/genetics","united states",1
"nutritional status","poultry",1
"nutritional status","technology",1
"nutritional status","united states",1
"poultry","technology",3
"poultry","united states",1
"technology","united states",1
"animals","environmental impact",5
"cattle/metabolism","dairy cow",3
"cattle/metabolism","environmental impact",1
"cattle/metabolism","methane/analysis",1
"dairy cow","environment",2
"dairy cow","environmental impact",1
"dairy cow","methane/analysis",3
"dairying","environment",5
"dairying","environmental impact",1
"diet/veterinary","environmental impact",1
"environment","methane",3
"environment","methane/analysis",2
"environmental impact","methane",1
"environmental impact","methane/analysis",1
"gene expression","inflammation",1
"ammonia","livestock",1
"ammonia","pasture",1
"ammonia","seasons",1
"ammonia","sensor",1
"ammonia","sheep",1
"livestock","seasons",3
"livestock","sensor",3
"nitrogen","pasture",1
"nitrogen","seasons",1
"nitrogen","sensor",1
"nitrogen","sheep",1
"pasture","seasons",2
"pasture","sensor",1
"pasture","sheep",1
"seasons","sheep",1
"animal feed/analysis","antioxidants/metabolism",3
"animal feed/analysis","avian proteins/metabolism",1
"animal feed/analysis","broiler",9
"animal feed/analysis","chickens/physiology",12
"animal feed/analysis","oxidative stress",1
"animal feed/analysis","signal transduction/drug effects",1
"animals","antioxidants/metabolism",5
"antioxidants/metabolism","avian proteins/metabolism",2
"antioxidants/metabolism","broiler",1
"antioxidants/metabolism","chickens/physiology",3
"antioxidants/metabolism","diet/veterinary",4
"antioxidants/metabolism","dietary supplements/analysis",2
"antioxidants/metabolism","dose-response relationship, drug",1
"antioxidants/metabolism","oxidative stress",3
"antioxidants/metabolism","random allocation",2
"antioxidants/metabolism","signal transduction/drug effects",1
"avian proteins/metabolism","broiler",1
"avian proteins/metabolism","chickens/physiology",8
"avian proteins/metabolism","diet/veterinary",1
"avian proteins/metabolism","dietary supplements/analysis",1
"avian proteins/metabolism","dose-response relationship, drug",2
"avian proteins/metabolism","oxidative stress",2
"broiler","diet/veterinary",8
"broiler","dietary supplements/analysis",5
"broiler","dose-response relationship, drug",1
"broiler","oxidative stress",1
"broiler","signal transduction/drug effects",1
"chickens/physiology","diet/veterinary",12
"chickens/physiology","dietary supplements/analysis",9
"chickens/physiology","dose-response relationship, drug",2
"chickens/physiology","oxidative stress",3
"chickens/physiology","random allocation",10
"chickens/physiology","signal transduction/drug effects",2
"diet/veterinary","oxidative stress",2
"diet/veterinary","signal transduction/drug effects",1
"dietary supplements/analysis","dose-response relationship, drug",3
"dietary supplements/analysis","oxidative stress",1
"dietary supplements/analysis","signal transduction/drug effects",1
"dose-response relationship, drug","oxidative stress",1
"dose-response relationship, drug","signal transduction/drug effects",2
"oxidative stress","random allocation",1
"oxidative stress","signal transduction/drug effects",1
"accelerometer","cattle/physiology",1
"accelerometer","farms",2
"accelerometer","insemination, artificial/veterinary",1
"accelerometer","monitoring, physiologic/instrumentation",1
"accelerometer","pregnancy",1
"accelerometer","time factors",1
"animals","monitoring, physiologic/instrumentation",5
"cattle/physiology","farms",2
"cattle/physiology","insemination, artificial/veterinary",3
"cattle/physiology","monitoring, physiologic/instrumentation",1
"cattle/physiology","pregnancy",11
"cattle/physiology","time factors",7
"farms","insemination, artificial/veterinary",1
"farms","monitoring, physiologic/instrumentation",1
"farms","time factors",1
"insemination, artificial/veterinary","monitoring, physiologic/instrumentation",1
"insemination, artificial/veterinary","pregnancy",5
"insemination, artificial/veterinary","time factors",2
"monitoring, physiologic/instrumentation","pregnancy",2
"monitoring, physiologic/instrumentation","time factors",2
"china","public health",1
"ai","algorithms",3
"ai","animal feed",1
"ai","cattle",5
"ai","dairy cattle",2
"ai","eating/genetics",1
"ai","genome-wide association study",1
"ai","genotype",1
"ai","meat",2
"ai","phenotype",1
"ai","polymorphism, single nucleotide",1
"ai","quantitative trait loci",1
"ai","random allocation",1
"ai","random forest",1
"ai","residual feed intake",1
"algorithms","animal feed",1
"algorithms","dairy cattle",2
"algorithms","eating/genetics",1
"algorithms","genome-wide association study",1
"algorithms","genotype",1
"algorithms","meat",1
"algorithms","phenotype",2
"algorithms","polymorphism, single nucleotide",1
"algorithms","quantitative trait loci",1
"algorithms","random allocation",1
"algorithms","residual feed intake",1
"animal feed","cattle",11
"animal feed","dairy cattle",1
"animal feed","eating/genetics",1
"animal feed","genotype",1
"animal feed","meat",1
"animal feed","quantitative trait loci",2
"animal feed","random allocation",2
"animal feed","random forest",1
"animals","dairy cattle",22
"animals","eating/genetics",6
"animals","quantitative trait loci",8
"cattle","dairy cattle",11
"cattle","eating/genetics",1
"cattle","genome-wide association study",2
"cattle","genotype",1
"cattle","polymorphism, single nucleotide",2
"cattle","quantitative trait loci",3
"cattle","random allocation",3
"cattle","residual feed intake",1
"dairy cattle","eating/genetics",2
"dairy cattle","genome-wide association study",2
"dairy cattle","genotype",1
"dairy cattle","meat",1
"dairy cattle","phenotype",4
"dairy cattle","polymorphism, single nucleotide",1
"dairy cattle","quantitative trait loci",1
"dairy cattle","random allocation",1
"dairy cattle","random forest",1
"dairy cattle","residual feed intake",1
"eating/genetics","genome-wide association study",1
"eating/genetics","genotype",1
"eating/genetics","meat",1
"eating/genetics","phenotype",2
"eating/genetics","polymorphism, single nucleotide",2
"eating/genetics","quantitative trait loci",1
"eating/genetics","random allocation",1
"eating/genetics","random forest",1
"eating/genetics","residual feed intake",1
"genome-wide association study","genotype",1
"genome-wide association study","meat",1
"genome-wide association study","quantitative trait loci",5
"genome-wide association study","random allocation",1
"genome-wide association study","random forest",1
"genome-wide association study","residual feed intake",1
"genotype","meat",1
"genotype","quantitative trait loci",2
"genotype","random allocation",1
"genotype","random forest",1
"genotype","residual feed intake",1
"meat","phenotype",1
"meat","polymorphism, single nucleotide",1
"meat","quantitative trait loci",1
"meat","random allocation",1
"meat","random forest",1
"meat","residual feed intake",1
"phenotype","quantitative trait loci",6
"phenotype","random allocation",1
"phenotype","random forest",2
"phenotype","residual feed intake",3
"polymorphism, single nucleotide","quantitative trait loci",4
"polymorphism, single nucleotide","random allocation",1
"polymorphism, single nucleotide","random forest",1
"polymorphism, single nucleotide","residual feed intake",2
"quantitative trait loci","random allocation",1
"quantitative trait loci","random forest",2
"quantitative trait loci","residual feed intake",1
"random allocation","random forest",1
"random allocation","residual feed intake",1
"random forest","residual feed intake",1
"circular economy","dairy cow",1
"feedlot","temperament",1
"models, theoretical","rain",2
"models, theoretical","soil",1
"rain","soil",1
"fatty acids","pasture",1
"behaviour","health",2
"behaviour","temperament",1
"health","stress",3
"health","temperament",1
"stress","temperament",2
"animals","cow",3
"animals","management",5
"animals","mastitis, bovine/diagnosis",5
"animals","review",3
"bovine","cow",1
"bovine","dairying/economics",1
"bovine","management",1
"bovine","mastitis",2
"bovine","mastitis, bovine/diagnosis",1
"bovine","review",1
"bovine","welfare",2
"cattle","cow",2
"cattle","management",2
"cattle","mastitis, bovine/diagnosis",5
"cattle","review",2
"cattle","welfare",7
"cow","dairying/economics",1
"cow","management",1
"cow","mastitis",2
"cow","mastitis, bovine/diagnosis",1
"cow","review",1
"cow","welfare",1
"dairying/economics","management",2
"dairying/economics","mastitis",1
"dairying/economics","mastitis, bovine/diagnosis",1
"dairying/economics","review",1
"dairying/economics","welfare",2
"management","mastitis",1
"management","mastitis, bovine/diagnosis",1
"management","review",1
"management","welfare",2
"mastitis","mastitis, bovine/diagnosis",2
"mastitis","review",1
"mastitis, bovine/diagnosis","review",1
"mastitis, bovine/diagnosis","welfare",1
"review","welfare",2
"animals","drinking water",2
"avian proteins/metabolism","drinking water",1
"chickens/physiology","drinking water",1
"dose-response relationship, drug","drinking water",1
"drinking water","random allocation",1
"drinking water","signal transduction/drug effects",1
"animals","geographic information systems",9
"disease outbreaks","geographic information systems",1
"disease outbreaks","logistic models",1
"disease outbreaks","risk factors",1
"disease outbreaks","sheep",1
"geographic information systems","logistic models",1
"geographic information systems","risk factors",1
"geographic information systems","sheep",1
"logistic models","risk factors",1
"logistic models","sheep",1
"risk factors","sheep",4
"lactation","milk/microbiology",2
"lactation","somatic cell count",1
"animals","poultry diseases/virology",7
"chickens","poultry diseases/virology",6
"chickens","signal transduction",2
"poultry diseases/virology","signal transduction",2
"agriculture/methods","fertilizers",5
"agriculture/methods","manure",2
"agriculture/methods","ndvi",1
"agriculture/methods","soil/chemistry",3
"crops, agricultural/growth & development","fertilizers",4
"crops, agricultural/growth & development","manure",2
"crops, agricultural/growth & development","ndvi",1
"fertilizers","manure",2
"fertilizers","ndvi",1
"fertilizers","soil/chemistry",4
"manure","ndvi",1
"manure","soil/chemistry",2
"ndvi","soil/chemistry",1
"ecosystem","groundwater",1
"ecosystem","nitrate",1
"ecosystem","water pollutants, chemical/analysis",1
"ecosystem","water quality",3
"environmental monitoring","groundwater",1
"environmental monitoring","nitrate",2
"environmental monitoring","water quality",3
"groundwater","nitrate",1
"groundwater","water pollutants, chemical/analysis",3
"groundwater","water quality",3
"nitrate","water pollutants, chemical/analysis",1
"nitrate","water quality",1
"water pollutants, chemical/analysis","water quality",3
"agriculture/methods","precision agriculture",3
"agriculture/methods","stress, physiological",1
"nitrogen/metabolism","precision agriculture",1
"nitrogen/metabolism","soil/chemistry",1
"nitrogen/metabolism","stress, physiological",1
"precision agriculture","soil/chemistry",2
"precision agriculture","stress, physiological",1
"soil/chemistry","stress, physiological",1
"ai","animal husbandry/methods",11
"ai","biomarkers",1
"ai","cattle diseases",1
"ai","cattle diseases/diagnosis",1
"animal husbandry/methods","biomarkers",1
"animal husbandry/methods","cattle",8
"animal husbandry/methods","cattle diseases",1
"animal husbandry/methods","cattle diseases/diagnosis",2
"biomarkers","cattle",2
"biomarkers","cattle diseases",2
"biomarkers","cattle diseases/diagnosis",2
"cattle diseases","cattle diseases/diagnosis",1
"gut microbiota","health",1
"gut microbiota","heat stress",1
"gut microbiota","welfare",1
"health","heat stress",2
"heat stress","welfare",3
"animal welfare","ventilation",2
"agriculture","food security",1
"agriculture","food supply",6
"agriculture","water",1
"climate resilience","food supply",2
"climate resilience","water",4
"food security","food supply",5
"food security","water",1
"food supply","water",1
"animals","lactation/genetics",9
"cattle/genetics","lactation/genetics",6
"lactation/genetics","phenotype",6
"animals","disease resistance",4
"animals","quantitative trait, heritable",8
"breeding/methods","disease resistance",2
"breeding/methods","genomics/methods",3
"breeding/methods","livestock/genetics",3
"breeding/methods","quantitative trait, heritable",3
"disease resistance","genomics/methods",1
"disease resistance","livestock/genetics",2
"disease resistance","quantitative trait, heritable",1
"genomics/methods","livestock/genetics",5
"genomics/methods","quantitative trait, heritable",1
"livestock/genetics","quantitative trait, heritable",2
"dairy cattle","genomic selection",2
"dairy cattle","heat stress",4
"genomic selection","heat stress",1
"animals","cell line",5
"animals","goat",4
"cell line","goat",1
"cell line","goats",1
"cell line","phenotype",1
"goat","goats",3
"goat","phenotype",2
"goats","phenotype",1
"animals","renewable energy",1
"animals","solar energy",1
"farms","renewable energy",1
"farms","solar energy",1
"poultry","renewable energy",1
"poultry","solar energy",1
"animal feed","dairy",1
"animal feed","diet",4
"animal feed","greenhouse gases",2
"animal feed","lactation",2
"animal feed","plant breeding",1
"animal feed","rumen/physiology",1
"animal feed","ruminant",1
"animal feed","ruminants/physiology",1
"animal feed","sustainability",4
"animals","greenhouse gases",13
"animals","ruminant",10
"cattle","greenhouse gases",6
"cattle","rumen/physiology",2
"cattle","ruminant",5
"cattle","ruminants/physiology",3
"cattle","sustainability",6
"dairy","diet",2
"dairy","greenhouse gases",1
"dairy","lactation",1
"dairy","plant breeding",1
"dairy","rumen/physiology",1
"dairy","ruminant",1
"dairy","ruminants/physiology",1
"diet","greenhouse gases",2
"diet","lactation",3
"diet","milk",2
"diet","plant breeding",1
"diet","rumen/physiology",1
"diet","ruminant",1
"diet","ruminants/physiology",1
"diet","sustainability",2
"greenhouse gases","lactation",2
"greenhouse gases","milk",2
"greenhouse gases","plant breeding",2
"greenhouse gases","rumen/physiology",1
"greenhouse gases","ruminant",1
"greenhouse gases","ruminants/physiology",1
"greenhouse gases","sustainability",6
"lactation","plant breeding",2
"lactation","rumen/physiology",2
"lactation","ruminant",3
"lactation","ruminants/physiology",1
"lactation","sustainability",2
"milk","plant breeding",1
"milk","rumen/physiology",1
"milk","ruminant",2
"milk","ruminants/physiology",1
"milk","sustainability",2
"plant breeding","rumen/physiology",1
"plant breeding","ruminant",1
"plant breeding","ruminants/physiology",1
"plant breeding","sustainability",1
"rumen/physiology","ruminant",1
"rumen/physiology","ruminants/physiology",1
"rumen/physiology","sustainability",1
"ruminant","ruminants/physiology",1
"ruminant","sustainability",1
"ruminants/physiology","sustainability",3
"china","dairying",2
"china","neural networks, computer",1
"dairying","economic development",1
"dairying","ecosystem",1
"dairying","machine learning",6
"dairying","neural networks, computer",1
"economic development","ecosystem",1
"economic development","machine learning",1
"economic development","neural networks, computer",1
"ecosystem","neural networks, computer",1
"machine learning","neural networks, computer",7
"animals","oxidation-reduction",4
"broiler","oxidation-reduction",1
"meat quality","oxidation-reduction",1
"meat/analysis","oxidation-reduction",1
"internet of things","plf",4
"animal feed/analysis","gene expression profiling",1
"animal feed/analysis","liver/metabolism",3
"animal feed/analysis","transcriptome",5
"animals","liver/metabolism",9
"cattle","gene expression profiling",2
"cattle","liver/metabolism",3
"cattle","transcriptome",5
"gene expression profiling","liver/metabolism",2
"liver/metabolism","transcriptome",5
"breeding","dairy cattle",4
"breeding","dry matter intake",2
"breeding","eating/genetics",2
"breeding","feed efficiency",2
"breeding","genomics",5
"breeding","lactation",2
"breeding","milk/metabolism",4
"breeding","reproducibility of results",1
"cattle/genetics","dairy cattle",4
"cattle/genetics","dry matter intake",2
"cattle/genetics","eating/genetics",2
"cattle/genetics","feed efficiency",2
"cattle/genetics","reproducibility of results",1
"dairy cattle","dry matter intake",1
"dairy cattle","feed efficiency",2
"dairy cattle","genomics",2
"dairy cattle","lactation",5
"dairy cattle","milk/metabolism",3
"dairy cattle","reproducibility of results",1
"dry matter intake","eating/genetics",1
"dry matter intake","feed efficiency",1
"dry matter intake","genomics",1
"dry matter intake","lactation",1
"dry matter intake","milk/metabolism",2
"dry matter intake","phenotype",3
"dry matter intake","reproducibility of results",1
"eating/genetics","feed efficiency",1
"eating/genetics","genomics",1
"eating/genetics","lactation",1
"eating/genetics","milk/metabolism",1
"eating/genetics","reproducibility of results",1
"feed efficiency","genomics",1
"feed efficiency","phenotype",2
"feed efficiency","reproducibility of results",1
"genomics","phenotype",3
"genomics","reproducibility of results",1
"lactation","phenotype",2
"lactation","reproducibility of results",1
"milk/metabolism","phenotype",5
"milk/metabolism","reproducibility of results",1
"animal feed/analysis","dairying/methods",6
"animal feed/analysis","lactation",6
"animal feed/analysis","poaceae",2
"animal feed/analysis","random forest",1
"cattle/metabolism","machine learning",1
"cattle/metabolism","poaceae",1
"cattle/metabolism","random forest",1
"dairying/methods","machine learning",6
"dairying/methods","poaceae",2
"dairying/methods","random forest",1
"diet/veterinary","machine learning",3
"diet/veterinary","poaceae",3
"diet/veterinary","random forest",1
"machine learning","poaceae",1
"milk","poaceae",1
"poaceae","random forest",1
"dairy cows","nutrigenomics",1
"dairy cows","polyphenols",1
"nutrigenomics","polyphenols",1
"apoptosis","models, biological",1
"animal feed/analysis","food handling/methods",1
"animal feed/analysis","silage/analysis",1
"animals","food handling/methods",6
"fermentation","food handling/methods",1
"food handling/methods","silage/analysis",1
"sensors","temperature",1
"animals","policy",2
"animals","productivity",4
"biodiversity","climate resilience",4
"biodiversity","livestock",4
"biodiversity","policy",1
"biodiversity","productivity",1
"climate resilience","environment",3
"climate resilience","policy",3
"climate resilience","productivity",1
"ecosystem","environment",3
"ecosystem","policy",1
"ecosystem","productivity",1
"environment","policy",2
"environment","productivity",1
"livestock","policy",2
"livestock","productivity",1
"policy","productivity",1
"cattle/genetics","dairying",6
"cattle/genetics","environment",2
"cattle/genetics","genetics",1
"cattle/genetics","health",1
"cattle/genetics","management",2
"cattle/genetics","milk",5
"cattle/genetics","reproduction",2
"dairying","genetics",1
"dairying","management",1
"dairying","reproduction",3
"environment","genetics",2
"environment","lactation",1
"environment","management",1
"environment","milk",1
"farms","genetics",1
"farms","health",2
"farms","management",1
"farms","reproduction",2
"genetics","health",1
"genetics","lactation",1
"genetics","management",1
"genetics","milk",1
"genetics","reproduction",2
"health","lactation",3
"health","management",2
"health","milk",5
"health","reproduction",2
"lactation","management",2
"management","milk",1
"management","reproduction",1
"antimicrobial resistance","broiler",1
"antimicrobial resistance","escherichia coli",1
"antimicrobial resistance","farm management",1
"broiler","escherichia coli",1
"broiler","farm management",1
"escherichia coli","farm management",1
"cattle/metabolism","diet",2
"cattle/metabolism","digestion",2
"cattle/metabolism","energy metabolism",1
"cattle/metabolism","methane/biosynthesis",1
"cattle/metabolism","swine",1
"diet","digestion",1
"diet","energy metabolism",1
"diet","fat",1
"diet","methane",2
"diet","methane/biosynthesis",1
"diet","rumen",1
"diet","swine",1
"diet","zea mays",1
"digestion","energy metabolism",2
"digestion","fat",1
"digestion","methane",7
"digestion","methane/biosynthesis",2
"digestion","milk",4
"digestion","rumen",3
"digestion","swine",1
"digestion","zea mays",5
"energy metabolism","fat",1
"energy metabolism","methane",1
"energy metabolism","methane/biosynthesis",1
"energy metabolism","milk",1
"energy metabolism","rumen",1
"energy metabolism","swine",1
"energy metabolism","zea mays",1
"fat","lactation",1
"fat","methane",1
"fat","methane/biosynthesis",1
"fat","swine",1
"fat","zea mays",1
"lactation","swine",1
"methane","milk",5
"methane","rumen",4
"methane","swine",1
"methane","zea mays",5
"methane/biosynthesis","milk",2
"methane/biosynthesis","rumen",2
"methane/biosynthesis","swine",1
"methane/biosynthesis","zea mays",1
"milk","swine",1
"milk","zea mays",2
"rumen","swine",1
"rumen","zea mays",2
"swine","zea mays",1
"animals","metritis",2
"animals","rumination",2
"cattle","metritis",2
"cattle","pregnancy",19
"cattle","rumination",3
"dairying","metritis",2
"dairying","pregnancy",7
"dairying","rumination",1
"dietary supplements","metritis",1
"dietary supplements","pregnancy",1
"dietary supplements","rumination",1
"eating","metritis",1
"eating","pregnancy",4
"eating","rumination",2
"feeding behavior","metritis",1
"feeding behavior","pregnancy",1
"feeding behavior","rumination",1
"metritis","pregnancy",1
"metritis","rumination",1
"pregnancy","rumination",1
"ammonia/analysis","carbon/analysis",1
"ammonia/analysis","food",1
"ammonia/analysis","manure/analysis",3
"ammonia/analysis","nitrogen/analysis",1
"ammonia/analysis","poultry",2
"carbon/analysis","food",1
"carbon/analysis","manure/analysis",1
"carbon/analysis","nitrogen/analysis",2
"carbon/analysis","poultry",1
"carbon/analysis","temperature",1
"food","manure/analysis",1
"food","nitrogen/analysis",1
"food","poultry",1
"food","temperature",1
"manure/analysis","poultry",1
"manure/analysis","temperature",4
"nitrogen/analysis","poultry",1
"nitrogen/analysis","temperature",1
"poultry","temperature",1
"organic","poultry",3
"agriculture","environmental pollution/prevention & control",1
"environmental monitoring/methods","environmental pollution/prevention & control",1
"environmental monitoring/methods","soil/chemistry",5
"environmental pollution/prevention & control","soil/chemistry",1
"breeding","genome-wide association study",4
"breeding","polymorphism, single nucleotide",4
"breeding","pregnancy",2
"breeding","selection, genetic",4
"genome-wide association study","pregnancy",1
"genome-wide association study","selection, genetic",2
"phenotype","pregnancy",5
"phenotype","selection, genetic",3
"polymorphism, single nucleotide","pregnancy",1
"polymorphism, single nucleotide","selection, genetic",1
"pregnancy","selection, genetic",1
"animal feed/analysis","body composition",4
"animal feed/analysis","cattle/genetics",3
"animal feed/analysis","energy metabolism",4
"animal feed/analysis","genetic variation",1
"animal feed/analysis","lipid metabolism",1
"animal feed/analysis","phenotype",2
"animal feed/analysis","residual feed intake",2
"animal feed/analysis","rumen/metabolism",7
"animal feed/analysis","ruminant",4
"animals","lipid metabolism",6
"body composition","cattle/genetics",1
"body composition","diet/veterinary",4
"body composition","eating",1
"body composition","feeding behavior",1
"body composition","genetic variation",1
"body composition","lipid metabolism",1
"body composition","phenotype",1
"body composition","residual feed intake",1
"body composition","rumen/metabolism",1
"body composition","ruminant",1
"cattle/genetics","diet/veterinary",2
"cattle/genetics","eating",3
"cattle/genetics","energy metabolism",2
"cattle/genetics","feeding behavior",1
"cattle/genetics","lipid metabolism",1
"cattle/genetics","residual feed intake",1
"cattle/genetics","rumen/metabolism",1
"cattle/genetics","ruminant",1
"diet/veterinary","genetic variation",1
"diet/veterinary","lipid metabolism",1
"diet/veterinary","phenotype",2
"diet/veterinary","ruminant",6
"eating","genetic variation",1
"eating","lipid metabolism",1
"eating","ruminant",1
"energy metabolism","genetic variation",1
"energy metabolism","lipid metabolism",1
"energy metabolism","phenotype",2
"energy metabolism","residual feed intake",2
"energy metabolism","rumen/metabolism",1
"energy metabolism","ruminant",1
"feeding behavior","genetic variation",1
"feeding behavior","lipid metabolism",1
"feeding behavior","phenotype",2
"feeding behavior","residual feed intake",2
"feeding behavior","ruminant",1
"genetic variation","lipid metabolism",1
"genetic variation","residual feed intake",1
"genetic variation","rumen/metabolism",1
"genetic variation","ruminant",1
"lipid metabolism","phenotype",1
"lipid metabolism","residual feed intake",1
"lipid metabolism","rumen/metabolism",1
"lipid metabolism","ruminant",1
"phenotype","rumen/metabolism",1
"phenotype","ruminant",1
"residual feed intake","rumen/metabolism",1
"residual feed intake","ruminant",1
"rumen/metabolism","ruminant",4
"agriculture","attitude",2
"agriculture","behavior",1
"agriculture","behavior, animal",1
"agriculture","buffaloes",1
"agriculture","dairy cattle",2
"agriculture","dairy sheep",1
"agriculture","goats",1
"animals","buffaloes",6
"animals","dairy sheep",2
"attitude","behavior",1
"attitude","behavior, animal",1
"attitude","buffaloes",1
"attitude","cattle",1
"attitude","dairy cattle",1
"attitude","dairy sheep",1
"attitude","farms",2
"attitude","goats",1
"behavior","buffaloes",1
"behavior","dairy cattle",2
"behavior","dairy sheep",1
"behavior","farms",1
"behavior","goats",1
"behavior, animal","buffaloes",1
"behavior, animal","dairy cattle",1
"behavior, animal","dairy sheep",1
"behavior, animal","farms",1
"behavior, animal","goats",1
"behavior, animal","sheep",1
"buffaloes","cattle",6
"buffaloes","dairy cattle",1
"buffaloes","dairy sheep",1
"buffaloes","farms",1
"buffaloes","goats",4
"buffaloes","sheep",3
"cattle","dairy sheep",1
"dairy cattle","dairy sheep",1
"dairy cattle","farms",2
"dairy cattle","goats",1
"dairy cattle","sheep",1
"dairy sheep","farms",1
"dairy sheep","goats",1
"dairy sheep","sheep",1
"farms","goats",1
"agriculture/methods","cattle",1
"animals","fertilizers",2
"cattle","climate resilience",5
"cattle","fertilizers",1
"climate resilience","fertilizers",2
"automation","dairy farming",1
"automation","plf",2
"dairy farming","plf",1
"animals","genomic selection",5
"animals","metabolomics",6
"animals","methane emissions",1
"cattle/genetics","genomic selection",3
"cattle/genetics","greenhouse gases",1
"cattle/genetics","metabolomics",1
"cattle/genetics","methane emissions",1
"cattle/genetics","methane/analysis",2
"cattle/genetics","ruminants",2
"genomic selection","greenhouse gases",1
"genomic selection","metabolomics",1
"genomic selection","methane emissions",1
"genomic selection","methane/analysis",1
"genomic selection","ruminants",1
"greenhouse gases","metabolomics",1
"greenhouse gases","methane emissions",1
"greenhouse gases","methane/analysis",3
"greenhouse gases","ruminants",2
"metabolomics","methane emissions",1
"metabolomics","methane/analysis",1
"metabolomics","ruminants",1
"methane emissions","methane/analysis",2
"methane emissions","ruminants",1
"methane/analysis","ruminants",1
"acidosis","milk/chemistry",1
"acidosis","monitoring, physiologic/instrumentation",1
"acidosis","time factors",1
"cattle","monitoring, physiologic/instrumentation",1
"hydrogen-ion concentration","milk/chemistry",2
"hydrogen-ion concentration","monitoring, physiologic/instrumentation",1
"milk/chemistry","monitoring, physiologic/instrumentation",1
"milk/chemistry","rumen/chemistry",1
"milk/chemistry","time factors",3
"monitoring, physiologic/instrumentation","rumen/chemistry",1
"rumen/chemistry","time factors",1
"animals","animals, wild",11
"animals, wild","conservation of natural resources/methods",1
"animals, wild","ecosystem",3
"animal husbandry/instrumentation","goats/physiology",1
"animal husbandry/instrumentation","monitoring, physiologic/instrumentation",1
"animal husbandry/instrumentation","rumen",1
"animal husbandry/instrumentation","ruminants/physiology",1
"animal husbandry/instrumentation","sensor",1
"animal husbandry/instrumentation","sheep/physiology",1
"animal husbandry/instrumentation","welfare",2
"animal welfare","dairying/instrumentation",1
"animal welfare","goats/physiology",2
"animal welfare","monitoring, physiologic/instrumentation",2
"animal welfare","rumen",1
"dairying/instrumentation","goats/physiology",1
"dairying/instrumentation","monitoring, physiologic/instrumentation",1
"dairying/instrumentation","plf",1
"dairying/instrumentation","rumen",1
"dairying/instrumentation","ruminants/physiology",1
"dairying/instrumentation","sensor",1
"dairying/instrumentation","sheep/physiology",1
"dairying/instrumentation","welfare",1
"goats/physiology","monitoring, physiologic/instrumentation",1
"goats/physiology","plf",1
"goats/physiology","rumen",1
"goats/physiology","ruminants/physiology",1
"goats/physiology","sensor",1
"goats/physiology","sheep/physiology",2
"goats/physiology","welfare",1
"monitoring, physiologic/instrumentation","plf",2
"monitoring, physiologic/instrumentation","rumen",1
"monitoring, physiologic/instrumentation","ruminants/physiology",1
"monitoring, physiologic/instrumentation","sensor",1
"monitoring, physiologic/instrumentation","sheep/physiology",1
"monitoring, physiologic/instrumentation","welfare",2
"plf","rumen",1
"plf","sheep/physiology",1
"rumen","ruminants/physiology",1
"rumen","sensor",1
"rumen","sheep/physiology",1
"rumen","welfare",1
"ruminants/physiology","sensor",1
"ruminants/physiology","sheep/physiology",1
"sensor","sheep/physiology",1
"sensor","welfare",2
"sheep/physiology","welfare",1
"cattle","poaceae",2
"cattle","silage/analysis",5
"dietary supplements","grazing",2
"dietary supplements","poaceae",1
"dietary supplements","silage/analysis",2
"grazing","lactation",2
"grazing","milk/metabolism",2
"grazing","poaceae",1
"grazing","silage/analysis",1
"poaceae","silage/analysis",1
"agriculture","biomass",3
"agriculture","water pollutants, chemical/analysis",1
"agriculture","wetlands",3
"biomass","water pollutants, chemical/analysis",1
"biomass","wetlands",1
"water pollutants, chemical/analysis","wetlands",1
"animals","digestion/drug effects",9
"animals","greenhouse gas",6
"animals","milk composition",2
"cattle/physiology","digestion/drug effects",3
"cattle/physiology","greenhouse gas",1
"cattle/physiology","methane/biosynthesis",3
"cattle/physiology","milk composition",1
"cattle/physiology","rumen",2
"diet/veterinary","digestion/drug effects",9
"diet/veterinary","greenhouse gas",4
"diet/veterinary","milk composition",1
"digestion/drug effects","greenhouse gas",2
"digestion/drug effects","methane/biosynthesis",1
"digestion/drug effects","milk composition",1
"digestion/drug effects","milk/chemistry",1
"digestion/drug effects","rumen",1
"digestion/drug effects","silage/analysis",1
"greenhouse gas","methane/biosynthesis",1
"greenhouse gas","milk composition",1
"greenhouse gas","milk/chemistry",1
"greenhouse gas","rumen",3
"greenhouse gas","silage/analysis",2
"methane/biosynthesis","milk composition",1
"methane/biosynthesis","silage/analysis",1
"milk composition","milk/chemistry",2
"milk composition","rumen",1
"milk composition","silage/analysis",1
"milk/chemistry","rumen",1
"milk/chemistry","silage/analysis",2
"rumen","silage/analysis",2
"animal behavior","animal monitoring",1
"animal behavior","digital livestock transformation",1
"animal monitoring","animal welfare",1
"animal monitoring","digital livestock transformation",1
"animal welfare","digital livestock transformation",4
"adult","cross-sectional studies",2
"adult","germany",1
"animals","cross-sectional studies",6
"cross-sectional studies","germany",1
"cross-sectional studies","middle aged",2
"cross-sectional studies","surveys and questionnaires",3
"germany","middle aged",1
"germany","surveys and questionnaires",3
"carbon/analysis","remote sensing technology",1
"carbon/analysis","seasons",1
"carbon/analysis","south africa",1
"ecosystem","nitrogen/analysis",2
"ecosystem","south africa",4
"environmental monitoring/methods","nitrogen/analysis",1
"environmental monitoring/methods","remote sensing technology",3
"environmental monitoring/methods","seasons",4
"environmental monitoring/methods","south africa",1
"nitrogen/analysis","remote sensing technology",1
"nitrogen/analysis","south africa",2
"remote sensing technology","seasons",1
"remote sensing technology","south africa",1
"seasons","south africa",3
"cattle","growth performance",1
"amino acids/metabolism","cattle/metabolism",1
"amino acids/metabolism","dairy cattle",1
"amino acids/metabolism","eating/physiology",1
"amino acids/metabolism","fermentation",1
"amino acids/metabolism","lactation/physiology",1
"amino acids/metabolism","rumen/metabolism",1
"amino acids/metabolism","ruminant",1
"cattle/metabolism","dairy cattle",1
"cattle/metabolism","eating/physiology",1
"cattle/metabolism","ruminant",1
"dairy cattle","eating/physiology",1
"dairy cattle","fermentation",3
"dairy cattle","lactation/physiology",1
"dairy cattle","rumen/metabolism",3
"dairy cattle","ruminant",1
"eating/physiology","fermentation",1
"eating/physiology","lactation/physiology",2
"eating/physiology","rumen/metabolism",1
"eating/physiology","ruminant",1
"fermentation","lactation/physiology",1
"fermentation","ruminant",2
"lactation/physiology","ruminant",1
"gene expression","heat stress",2
"gene expression","immunity",1
"gene expression","metabolism",1
"gene expression","poultry",1
"heat stress","immunity",1
"heat stress","metabolism",1
"heat stress","poultry",3
"immunity","metabolism",3
"immunity","poultry",1
"metabolism","poultry",1
"digital livestock transformation","sustainable development",1
"behaviour","genetics",1
"behaviour","nutrition",1
"behaviour","reproduction",1
"genetics","nutrition",2
"nutrition","reproduction",1
"conservation","ecosystem services",2
"conservation","health",1
"conservation","modeling",1
"ecosystem services","health",1
"ecosystem services","modeling",1
"health","modeling",1
"agriculture","developing countries",1
"agriculture","ecosystem services",1
"agriculture","forecasting",5
"agriculture","sustainable development",2
"animal husbandry","developing countries",1
"animal husbandry","ecosystem",2
"animal husbandry","ecosystem services",1
"animal husbandry","efficiency",1
"animal husbandry","food supply",1
"animal husbandry","forecasting",1
"animal husbandry","ruminants/physiology",1
"animal husbandry","sustainable development",1
"animal welfare","developing countries",1
"animal welfare","ecosystem",1
"animal welfare","efficiency",1
"animal welfare","forecasting",1
"animal welfare","sustainable development",2
"animals","developing countries",3
"developing countries","ecosystem",1
"developing countries","ecosystem services",1
"developing countries","efficiency",1
"developing countries","environment",1
"developing countries","farms",2
"developing countries","food supply",1
"developing countries","forecasting",1
"developing countries","livestock",2
"developing countries","ruminants/physiology",1
"developing countries","sustainability",1
"developing countries","sustainable development",1
"ecosystem","efficiency",1
"ecosystem","farms",3
"ecosystem","food supply",4
"ecosystem","forecasting",2
"ecosystem","ruminants/physiology",2
"ecosystem","sustainability",3
"ecosystem services","efficiency",1
"ecosystem services","farms",1
"ecosystem services","food supply",1
"ecosystem services","forecasting",1
"ecosystem services","ruminants/physiology",1
"ecosystem services","sustainable development",1
"efficiency","food supply",1
"efficiency","forecasting",1
"efficiency","livestock",2
"efficiency","ruminants/physiology",1
"efficiency","sustainable development",1
"environment","forecasting",1
"farms","food supply",1
"farms","forecasting",2
"farms","sustainable development",1
"food supply","forecasting",2
"food supply","livestock",2
"food supply","ruminants/physiology",1
"food supply","sustainable development",3
"forecasting","livestock",2
"forecasting","ruminants/physiology",1
"forecasting","sustainability",1
"forecasting","sustainable development",1
"livestock","sustainable development",1
"ruminants/physiology","sustainable development",1
"sustainability","sustainable development",7
"animal husbandry/methods","sensitivity and specificity",1
"cattle","sensitivity and specificity",7
"cattle diseases/diagnosis","sensitivity and specificity",3
"agriculture/methods","south africa",2
"agriculture/methods","sustainable development",2
"climate resilience","south africa",3
"climate resilience","sustainable development",2
"crops, agricultural/growth & development","south africa",1
"crops, agricultural/growth & development","sustainable development",2
"south africa","sustainable development",1
"air velocity","animals",1
"air velocity","cattle",1
"air velocity","dairy cow",1
"air velocity","heat stress",3
"air velocity","hot temperature",1
"air velocity","humidity",1
"air velocity","lactation",1
"air velocity","milk",1
"air velocity","temperature",1
"cattle","heat stress",9
"cattle","hot temperature",7
"cattle","humidity",4
"cattle","temperature",6
"dairy cow","heat stress",6
"dairy cow","hot temperature",3
"dairy cow","humidity",2
"dairy cow","temperature",2
"heat stress","hot temperature",8
"heat stress","humidity",6
"heat stress","lactation",5
"heat stress","milk",1
"heat stress","temperature",6
"hot temperature","humidity",10
"hot temperature","lactation",3
"hot temperature","milk",1
"hot temperature","temperature",7
"humidity","lactation",3
"humidity","milk",1
"lactation","temperature",3
"milk","temperature",1
"bayes theorem","cattle diseases/epidemiology",1
"bayes theorem","dairy cow",1
"bayes theorem","dairying",1
"bayes theorem","housing, animal",1
"bayes theorem","lactation",1
"bayes theorem","lameness",1
"bayes theorem","risk factors",1
"cattle diseases/epidemiology","dairy cow",2
"cattle diseases/epidemiology","lameness",2
"cattle diseases/epidemiology","risk factors",2
"dairying","lameness",1
"dairying","risk factors",1
"housing, animal","lameness",1
"housing, animal","risk factors",1
"lameness","risk factors",1
"animals","parturition",5
"animals","production",3
"nutritional status","parturition",1
"nutritional status","phenotype",2
"nutritional status","postpartum period",1
"nutritional status","pregnancy",2
"nutritional status","production",1
"nutritional status","sheep",1
"nutritional status","sheep/physiology",1
"parturition","phenotype",1
"parturition","postpartum period",2
"parturition","pregnancy",5
"parturition","production",1
"parturition","sheep",1
"parturition","sheep/physiology",1
"phenotype","postpartum period",1
"phenotype","production",1
"phenotype","sheep",1
"phenotype","sheep/physiology",1
"postpartum period","pregnancy",2
"postpartum period","production",1
"postpartum period","sheep",1
"postpartum period","sheep/physiology",1
"pregnancy","production",1
"production","sheep",1
"production","sheep/physiology",1
"conservation of natural resources","poaceae",2
"conservation of natural resources","socioeconomic factors",3
"ecosystem","poaceae",3
"poaceae","socioeconomic factors",1
"animal feed/analysis","animal welfare",3
"animal feed/analysis","europe",1
"animal feed/analysis","plf",1
"cattle","europe",1
"europe","plf",1
"bovine","milk yield",1
"antioxidants/pharmacology","cattle",1
"body weight","heat tolerance",1
"bibliometric analysis","technology",1
"environment","sustainable agriculture",2
"ammonia","emission",1
"carbon dioxide","emission",1
"beef","fat",1
"australia","breeding",2
"breeding","sheep",3
"diversity","genomics",1
"diversity","robustness",1
"genomics","robustness",1
"algorithms","linear models",2
"algorithms","reproducibility of results",1
"algorithms","time factors",1
"linear models","reproducibility of results",1
"linear models","time factors",1
"reproducibility of results","time factors",1
"biodiversity","gis",1
"biodiversity","sustainability",1
"gis","sustainability",1
"deep learning","plf",6
"agriculture/methods","carbon/analysis",1
"agriculture/methods","china",2
"agriculture/methods","economic development",1
"agriculture/methods","spatio-temporal analysis",1
"carbon/analysis","models, theoretical",2
"carbon/analysis","spatio-temporal analysis",1
"china","models, theoretical",1
"china","spatio-temporal analysis",2
"economic development","models, theoretical",1
"economic development","spatio-temporal analysis",1
"models, theoretical","spatio-temporal analysis",2
"body temperature","feeding behavior",1
"body temperature","humidity",1
"body temperature","temperature",1
"bos taurus","feeding behavior",1
"bos taurus","heat stress",1
"bos taurus","humidity",1
"bos taurus","temperature",1
"feeding behavior","heart rate",1
"feeding behavior","heat stress",1
"feeding behavior","hot temperature",1
"feeding behavior","humidity",1
"feeding behavior","temperature",1
"heart rate","heat stress",1
"heart rate","humidity",1
"heart rate","temperature",1
"cattle","retrospective studies",5
"eating","retrospective studies",1
"lactation","retrospective studies",2
"conservation of natural resources","seasons",3
"climate resilience","dairy cattle",2
"climate resilience","dairy farming",1
"climate resilience","milk production",2
"dairy cattle","dairy farming",1
"dairy cattle","milk production",3
"dairy farming","milk production",2
"animals","small ruminants",2
"agriculture","cities",1
"agriculture","machine learning",4
"agriculture","pakistan",1
"agriculture","satellite imagery",6
"cities","forecasting",1
"cities","machine learning",1
"cities","pakistan",1
"cities","satellite imagery",1
"forecasting","machine learning",2
"forecasting","pakistan",1
"forecasting","satellite imagery",1
"machine learning","pakistan",1
"machine learning","satellite imagery",2
"pakistan","satellite imagery",1
"biofuels","cattle",1
"biofuels","hydrogen-ion concentration",1
"biofuels","methane/biosynthesis",1
"hydrogen-ion concentration","methane/biosynthesis",1
"circular economy","sustainability",5
"agriculture/methods","biomass",2
"agriculture/methods","environmental monitoring/methods",3
"biomass","environmental monitoring/methods",1
"animal welfare","automatic milking system",1
"animal welfare","behavior",1
"animal welfare","data mining",1
"animals","data mining",4
"automatic milking system","behavior",1
"automatic milking system","behavior, animal/physiology",1
"automatic milking system","cattle/physiology",3
"automatic milking system","data mining",1
"automatic milking system","health",1
"automatic milking system","welfare",1
"behavior","behavior, animal/physiology",2
"behavior","dairying/methods",1
"behavior","data mining",1
"behavior","health",3
"behavior, animal/physiology","cattle/physiology",4
"behavior, animal/physiology","dairying/methods",2
"behavior, animal/physiology","data mining",1
"behavior, animal/physiology","health",1
"behavior, animal/physiology","welfare",1
"cattle/physiology","data mining",1
"dairying/methods","data mining",2
"dairying/methods","health",3
"data mining","health",1
"data mining","welfare",1
"animals","rna-seq",2
"beef cattle","eating/genetics",1
"beef cattle","polymorphism, single nucleotide",1
"beef cattle","rna-seq",1
"cattle/genetics","rna-seq",1
"eating/genetics","rna-seq",1
"polymorphism, single nucleotide","rna-seq",1
"gene expression","innate immunity",1
"gene expression","mastitis",1
"innate immunity","mastitis",1
"cattle","farms/economics",1
"dairying/economics","farms/economics",3
"farms/economics","milk",1
"animals","proteomics",7
"cattle","proteomics",3
"dairy cows","milk",4
"dairy cows","pregnancy",1
"dairy cows","proteomics",1
"dairy cows","transcriptome",1
"milk","pregnancy",4
"milk","proteomics",1
"milk","transcriptome",1
"pregnancy","proteomics",2
"pregnancy","transcriptome",2
"proteomics","transcriptome",2
"agriculture","remote sensing",3
"biosensors","remote sensing",1
"biosensors","sensors",1
"remote sensing","sensors",2
"animal nutritional physiological phenomena","sheep/genetics",1
"reproduction/physiology","sheep/genetics",1
"air velocity","temperature humidity index",1
"heat stress","temperature humidity index",2
"animal feed/analysis","rumen fermentation",3
"animals","rumen fermentation",4
"cattle","dietary supplements/analysis",1
"cattle","methane/metabolism",8
"cattle","rumen fermentation",3
"diet/veterinary","rumen fermentation",4
"dietary supplements/analysis","rumen fermentation",1
"dietary supplements/analysis","rumen/metabolism",2
"dietary supplements/analysis","sustainability",1
"methane/metabolism","rumen fermentation",2
"methane/metabolism","sustainability",4
"rumen fermentation","rumen/metabolism",3
"rumen fermentation","sustainability",3
"rumen/metabolism","sustainability",2
"genotype","meat quality",1
"genotype","meat/analysis",1
"genotype","taste",1
"genotype","volatile organic compounds/analysis",1
"meat quality","volatile organic compounds/analysis",1
"meat/analysis","volatile organic compounds/analysis",1
"taste","volatile organic compounds/analysis",1
"dairy cattle","health",4
"dairy cattle","sustainability",2
"health","sustainability",3
"animals","gastrointestinal microbiome/drug effects",6
"emissions","environmental monitoring",2
"emissions","greenhouse gases",1
"emissions","methane",1
"environmental monitoring","greenhouse gases",1
"greenhouse gases","methane",5
"biomass","emission",1
"adult","china",1
"china","middle aged",1
"cheese","food handling/methods",1
"cheese","review",1
"food handling/methods","milk",1
"food handling/methods","review",1
"milk","review",2
"mastitis","oxidative stress",1
"mastitis","pathogens",1
"oxidative stress","pathogens",1
"animals","fatty acid",3
"animals","heat-shock response",8
"animals","mammary glands, animal/physiology",5
"animals","udder health",3
"cattle/genetics","climate resilience",3
"cattle/genetics","fatty acid",1
"cattle/genetics","heat stress",2
"cattle/genetics","heat-shock response",1
"cattle/genetics","mammary glands, animal/physiology",2
"cattle/genetics","milk proteins/analysis",2
"cattle/genetics","milk/chemistry",5
"cattle/genetics","temperature-humidity index",1
"cattle/genetics","udder health",1
"climate resilience","fatty acid",1
"climate resilience","heat stress",7
"climate resilience","heat-shock response",2
"climate resilience","lactation",3
"climate resilience","mammary glands, animal/physiology",2
"climate resilience","milk proteins/analysis",1
"climate resilience","milk/chemistry",2
"climate resilience","temperature-humidity index",2
"climate resilience","udder health",1
"fatty acid","genetic variation",1
"fatty acid","heat stress",1
"fatty acid","heat-shock response",1
"fatty acid","lactation",2
"fatty acid","mammary glands, animal/physiology",1
"fatty acid","milk proteins/analysis",1
"fatty acid","milk/chemistry",2
"fatty acid","temperature-humidity index",1
"fatty acid","udder health",1
"genetic variation","heat stress",1
"genetic variation","heat-shock response",1
"genetic variation","lactation",1
"genetic variation","mammary glands, animal/physiology",1
"genetic variation","milk proteins/analysis",1
"genetic variation","milk/chemistry",1
"genetic variation","temperature-humidity index",1
"genetic variation","udder health",1
"heat stress","heat-shock response",3
"heat stress","mammary glands, animal/physiology",1
"heat stress","milk proteins/analysis",1
"heat stress","milk/chemistry",1
"heat stress","temperature-humidity index",2
"heat stress","udder health",1
"heat-shock response","lactation",2
"heat-shock response","mammary glands, animal/physiology",1
"heat-shock response","milk proteins/analysis",1
"heat-shock response","milk/chemistry",1
"heat-shock response","temperature-humidity index",1
"heat-shock response","udder health",1
"lactation","mammary glands, animal/physiology",1
"lactation","temperature-humidity index",1
"lactation","udder health",2
"mammary glands, animal/physiology","milk proteins/analysis",1
"mammary glands, animal/physiology","milk/chemistry",1
"mammary glands, animal/physiology","temperature-humidity index",1
"mammary glands, animal/physiology","udder health",1
"milk proteins/analysis","temperature-humidity index",1
"milk proteins/analysis","udder health",1
"milk/chemistry","temperature-humidity index",1
"milk/chemistry","udder health",1
"temperature-humidity index","udder health",1
"cheese/analysis","food handling/methods",1
"cheese/analysis","sheep",1
"cheese/analysis","time factors",1
"food handling/methods","sheep",1
"food handling/methods","time factors",1
"body weight","dairy cattle",2
"body weight","fatty acids, volatile/metabolism",1
"body weight","fermentation",1
"body weight","methane",2
"body weight","methane/metabolism",3
"body weight","pregnancy",2
"body weight","reproduction",2
"cattle/physiology","dairy cattle",4
"cattle/physiology","fatty acids, volatile/metabolism",2
"cattle/physiology","methane/metabolism",4
"dairy cattle","diet/veterinary",3
"dairy cattle","fatty acids, volatile/metabolism",1
"dairy cattle","methane",6
"dairy cattle","methane/metabolism",4
"dairy cattle","pregnancy",2
"dairy cattle","reproduction",2
"diet/veterinary","pregnancy",4
"diet/veterinary","reproduction",1
"fatty acids, volatile/metabolism","feed efficiency",1
"fatty acids, volatile/metabolism","methane",2
"fatty acids, volatile/metabolism","milk/metabolism",1
"fatty acids, volatile/metabolism","pregnancy",1
"fatty acids, volatile/metabolism","reproduction",1
"feed efficiency","methane",2
"feed efficiency","methane/metabolism",2
"feed efficiency","pregnancy",1
"feed efficiency","reproduction",1
"fermentation","methane",6
"fermentation","pregnancy",1
"fermentation","reproduction",1
"methane","milk/metabolism",5
"methane","pregnancy",1
"methane","reproduction",1
"methane/metabolism","milk/metabolism",4
"methane/metabolism","pregnancy",1
"methane/metabolism","reproduction",1
"milk/metabolism","reproduction",2
"pregnancy","reproduction",5
"meat quality","nutrition",2
"animal feed/analysis","feedlot",2
"animals","feedlot",3
"cattle","feedlot",1
"cattle","fermentation",4
"diet/veterinary","feedlot",2
"feedlot","fermentation",2
"feedlot","methane",1
"feedlot","methane/metabolism",1
"feedlot","rumen fermentation",1
"feedlot","rumen/metabolism",2
"feedlot","sustainability",1
"fermentation","rumen fermentation",2
"fermentation","sustainability",1
"methane","rumen fermentation",2
"methane","rumen/metabolism",6
"sheep","sheep/genetics",3
"animals","lakes",1
"bayes theorem","lakes",1
"bayes theorem","livestock",1
"cattle","lakes",1
"lakes","livestock",1
"australia","cattle/genetics",3
"australia","seasons",3
"cattle/genetics","seasons",1
"animals, wild","cattle",4
"animals, wild","cattle diseases/epidemiology",1
"animals, wild","livestock",3
"animals, wild","spatial analysis",1
"cattle","spatial analysis",1
"cattle diseases/epidemiology","spatial analysis",1
"livestock","spatial analysis",2
"environmental monitoring","geographic information systems",1
"environmental monitoring","south africa",2
"geographic information systems","south africa",1
"cattle/physiology","models, theoretical",2
"eating","methane/analysis",1
"eating","models, theoretical",1
"methane/analysis","models, theoretical",1
"cattle","fat",1
"biofuels","fermentation",1
"biomass","fermentation",2
"animals","pathogens",3
"aquaculture","pathogens",1
"animals","rumen/microbiology",5
"cattle","microbiome",1
"cattle","rumen/microbiology",1
"dairy cattle","microbiome",1
"dairy cattle","rumen",1
"dairy cattle","rumen/microbiology",1
"methane","microbiome",1
"methane","rumen/microbiology",2
"methane/metabolism","microbiome",1
"methane/metabolism","rumen",2
"methane/metabolism","rumen/microbiology",3
"microbiome","rumen",1
"microbiome","rumen/microbiology",1
"rumen","rumen/microbiology",2
"dairy cow","estrus detection",2
"dairy cow","survey",1
"estrus detection","plf",2
"estrus detection","survey",1
"monitoring, physiologic/instrumentation","sheep",1
"animals","immune response",2
"breeding","disease resistance/genetics",3
"breeding","immune response",1
"breeding","selective breeding",1
"disease resistance/genetics","immune response",1
"disease resistance/genetics","livestock/genetics",1
"disease resistance/genetics","selective breeding",1
"immune response","livestock/genetics",1
"immune response","selective breeding",1
"goat","metabolites",1
"animal welfare","behaviour",2
"animal welfare","housing",2
"animal welfare","pigs",4
"animal welfare","seasons",2
"animals","pigs",3
"behavior, animal","behaviour",1
"behavior, animal","housing",1
"behavior, animal","pigs",2
"behavior, animal","risk factors",1
"behavior, animal","seasons",1
"behaviour","housing",1
"behaviour","pigs",2
"behaviour","risk factors",1
"behaviour","swine/physiology",1
"housing","pigs",1
"housing","risk factors",1
"housing","seasons",1
"housing","swine/physiology",1
"pigs","risk factors",1
"pigs","seasons",1
"pigs","swine/physiology",1
"risk factors","seasons",2
"risk factors","swine/physiology",1
"seasons","swine/physiology",1
"antimicrobial resistance","organic",1
"antimicrobial resistance","poultry",1
"agriculture","ruminant",1
"agriculture","sensor",1
"agriculture","technology",7
"ai","animal welfare",1
"ai","decision making",1
"ai","farms",3
"ai","livestock",7
"ai","ruminant",2
"ai","sensor",1
"ai","technology",3
"animal welfare","decision making",2
"animal welfare","modeling",1
"animal welfare","ruminant",1
"decision making","farms",2
"decision making","livestock",2
"decision making","modeling",2
"decision making","plf",1
"decision making","ruminant",1
"decision making","sensor",1
"decision making","technology",1
"farms","ruminant",1
"farms","sensor",2
"farms","technology",7
"livestock","ruminant",3
"modeling","ruminant",1
"modeling","sensor",1
"modeling","technology",2
"plf","technology",4
"ruminant","sensor",1
"ruminant","technology",1
"sensor","technology",1
"animal husbandry/economics","beef",1
"animal husbandry/economics","cattle/physiology",3
"animal husbandry/economics","economics",2
"animal husbandry/economics","feedlot",1
"animals","economics",2
"beef","economics",1
"beef","feedlot",1
"beef","united states",1
"cattle/physiology","economics",2
"cattle/physiology","feedlot",2
"cattle/physiology","united states",1
"economics","feedlot",1
"economics","united states",1
"feedlot","united states",1
"animals","greenhouse gases/analysis",9
"carbon dioxide","cattle/physiology",1
"carbon dioxide","digestion",1
"carbon dioxide","eating",1
"carbon dioxide","feed efficiency",1
"carbon dioxide","greenhouse gases/analysis",2
"carbon dioxide","lactation/genetics",1
"carbon dioxide","methane",2
"carbon dioxide","milk",1
"carbon dioxide","milk proteins/analysis",1
"carbon dioxide","phenotype",1
"carbon dioxide","residual feed intake",1
"cattle/physiology","greenhouse gases/analysis",1
"cattle/physiology","lactation/genetics",2
"cattle/physiology","milk",2
"cattle/physiology","milk proteins/analysis",1
"cattle/physiology","phenotype",1
"cattle/physiology","residual feed intake",2
"digestion","eating",3
"digestion","greenhouse gases/analysis",1
"digestion","lactation/genetics",1
"digestion","milk proteins/analysis",1
"digestion","phenotype",1
"digestion","residual feed intake",1
"eating","greenhouse gases/analysis",1
"eating","lactation/genetics",1
"eating","methane",2
"eating","milk proteins/analysis",1
"feed efficiency","greenhouse gases/analysis",1
"feed efficiency","lactation/genetics",1
"feed efficiency","milk proteins/analysis",1
"greenhouse gases/analysis","lactation/genetics",1
"greenhouse gases/analysis","methane",2
"greenhouse gases/analysis","milk",1
"greenhouse gases/analysis","milk proteins/analysis",1
"greenhouse gases/analysis","phenotype",1
"greenhouse gases/analysis","residual feed intake",1
"lactation/genetics","methane",2
"lactation/genetics","milk",3
"lactation/genetics","milk proteins/analysis",1
"lactation/genetics","residual feed intake",1
"methane","milk proteins/analysis",1
"methane","phenotype",4
"methane","residual feed intake",1
"milk","milk proteins/analysis",1
"milk","phenotype",3
"milk proteins/analysis","residual feed intake",1
"adaptation","environment",2
"animal nutritional physiological phenomena","biomarkers",2
"animal nutritional physiological phenomena","gastrointestinal microbiome",2
"animal nutritional physiological phenomena","metabolites",1
"animal nutritional physiological phenomena","nutritional status",2
"animals","metabolites",2
"biomarkers","diet/veterinary",2
"biomarkers","gastrointestinal microbiome",1
"biomarkers","metabolites",1
"biomarkers","nutritional status",1
"diet/veterinary","gastrointestinal microbiome",4
"diet/veterinary","metabolites",1
"gastrointestinal microbiome","metabolites",1
"gastrointestinal microbiome","nutritional status",1
"metabolites","nutritional status",1
"animal husbandry","dairy cow",2
"animal husbandry","dairying",3
"animal husbandry","inflammation",1
"animal husbandry","metritis",1
"animal husbandry","postpartum period",1
"dairy cow","inflammation",1
"dairy cow","postpartum period",2
"dairying","inflammation",1
"dairying","postpartum period",1
"inflammation","metritis",1
"metritis","postpartum period",1
"amino acids","animals",3
"amino acids","aquaculture",1
"amino acids","diet",1
"amino acids","livestock",1
"amino acids","meat",1
"amino acids","microalgae",2
"aquaculture","diet",1
"aquaculture","livestock",1
"aquaculture","meat",1
"aquaculture","microalgae",2
"diet","livestock",3
"diet","meat",1
"diet","microalgae",1
"livestock","meat",2
"livestock","microalgae",1
"meat","microalgae",1
"broiler","feed efficiency",1
"animals","fertilization",4
"cattle","china",2
"cattle","fertilization",3
"cattle","insemination, artificial/veterinary",4
"china","dairy cattle",1
"china","fertility",2
"china","fertilization",2
"china","insemination, artificial/veterinary",1
"china","milk/chemistry",2
"china","pregnancy",2
"china","spectroscopy, fourier transform infrared/veterinary",2
"dairy cattle","fertility",1
"dairy cattle","fertilization",1
"dairy cattle","insemination, artificial/veterinary",1
"dairy cattle","machine learning",7
"dairy cattle","milk/chemistry",5
"dairy cattle","spectroscopy, fourier transform infrared/veterinary",2
"fertility","fertilization",3
"fertility","insemination, artificial/veterinary",3
"fertility","machine learning",2
"fertility","milk/chemistry",6
"fertility","pregnancy",6
"fertility","spectroscopy, fourier transform infrared/veterinary",2
"fertilization","insemination, artificial/veterinary",2
"fertilization","machine learning",1
"fertilization","milk/chemistry",3
"fertilization","pregnancy",4
"fertilization","spectroscopy, fourier transform infrared/veterinary",2
"insemination, artificial/veterinary","machine learning",2
"insemination, artificial/veterinary","milk/chemistry",2
"insemination, artificial/veterinary","spectroscopy, fourier transform infrared/veterinary",1
"machine learning","milk/chemistry",2
"machine learning","pregnancy",3
"machine learning","spectroscopy, fourier transform infrared/veterinary",2
"milk/chemistry","pregnancy",6
"pregnancy","spectroscopy, fourier transform infrared/veterinary",2
"air quality","sustainability",1
"bibliometric analysis","climate",1
"bibliometric analysis","cow",1
"bibliometric analysis","dairy farming",1
"bibliometric analysis","environmental impact",1
"bibliometric analysis","milk production",1
"bibliometric analysis","sustainability",2
"bibliometric analysis","sustainable development goals",1
"climate","cow",1
"climate","dairy farming",1
"climate","environmental impact",1
"climate","milk production",1
"climate","sustainability",1
"climate","sustainable development goals",1
"cow","dairy farming",1
"cow","environmental impact",1
"cow","milk production",1
"cow","sustainability",1
"cow","sustainable development goals",1
"dairy farming","environmental impact",1
"dairy farming","sustainability",2
"dairy farming","sustainable development goals",1
"environmental impact","milk production",1
"environmental impact","sustainability",3
"environmental impact","sustainable development goals",1
"milk production","sustainability",1
"milk production","sustainable development goals",1
"sustainability","sustainable development goals",1
"beef cattle","behavior",2
"beef cattle","production",1
"beef cattle","reproduction",2
"beef cattle","stress",1
"beef cattle","temperament",1
"behavior","production",2
"behavior","reproduction",1
"behavior","stress",2
"behavior","temperament",1
"production","reproduction",1
"production","stress",1
"production","temperament",1
"reproduction","stress",1
"reproduction","temperament",1
"bibliometrics","sustainable development",1
"animals","semen analysis/veterinary",5
"avian proteins/metabolism","proteomics",2
"avian proteins/metabolism","semen analysis/veterinary",1
"chickens/physiology","proteomics",2
"chickens/physiology","semen analysis/veterinary",2
"proteomics","semen analysis/veterinary",1
"lipid metabolism","meat quality",1
"animal husbandry/methods","nutrition",2
"chickens/physiology","meat/analysis",6
"chickens/physiology","nutrition",1
"meat/analysis","nutrition",1
"accelerometer","heat stress",1
"biotechnology","breeding",1
"biotechnology","cattle",1
"biotechnology","gene editing",1
"breeding","cattle",8
"breeding","gene editing",1
"cattle","gene editing",1
"feed intake","genomics",1
"feed intake","plf",1
"feed intake","sustainability",1
"genomics","plf",2
"genomics","sustainability",1
"plf","sustainability",2
"forecasting","seasons",2
"forecasting","time factors",1
"animal distribution","birds",1
"animal distribution","climate resilience",3
"animal distribution","horses",1
"animal distribution","models, biological",3
"birds","climate resilience",1
"birds","horses",1
"climate resilience","horses",1
"climate resilience","models, biological",4
"horses","models, biological",1
"animal nutritional physiological phenomena","dairy cow",3
"animal nutritional physiological phenomena","digestibility",4
"animals","digestibility",4
"cattle/physiology","digestibility",1
"cattle/physiology","lactation/physiology",7
"dairy cow","digestibility",2
"dairy cow","digestion",2
"dairy cow","lactation/physiology",3
"dairy cow","methane/metabolism",3
"dairy cow","zea mays",2
"diet/veterinary","digestibility",4
"dietary supplements","digestibility",2
"dietary supplements","digestion",2
"dietary supplements","methane",3
"dietary supplements","methane/metabolism",2
"dietary supplements","milk/chemistry",3
"dietary supplements","zea mays",3
"digestibility","digestion",3
"digestibility","lactation/physiology",1
"digestibility","methane",2
"digestibility","methane/metabolism",2
"digestibility","milk/chemistry",1
"digestibility","zea mays",2
"digestion","lactation/physiology",1
"digestion","methane/metabolism",3
"lactation/physiology","methane",3
"lactation/physiology","methane/metabolism",2
"lactation/physiology","zea mays",1
"methane/metabolism","milk/chemistry",4
"milk/chemistry","zea mays",1
"automatic milking system","dairying/instrumentation",1
"automatic milking system","grazing",2
"automatic milking system","lactation",2
"dairying/instrumentation","grazing",1
"dairying/instrumentation","lactation",2
"dairying/instrumentation","milk/metabolism",1
"dairy cattle","energy efficiency",1
"dairy cattle","nitrogen",1
"energy efficiency","methane",1
"energy efficiency","nitrogen",1
"methane","nitrogen",2
"animals","feed intake",3
"animal distribution","ecosystem",3
"animal distribution","goats",1
"animal distribution","remote sensing technology",1
"animals","remote sensing technology",4
"ecosystem","goats",4
"goats","remote sensing technology",1
"conservation of natural resources/methods","models, theoretical",3
"cell line","chickens",1
"cell line","poultry diseases/virology",1
"cell line","signal transduction",1
"animal distribution","linear models",1
"animal distribution","support vector machine",1
"animals","linear models",4
"animals","support vector machine",4
"cattle","linear models",2
"cattle","support vector machine",1
"herbivory","linear models",1
"herbivory","support vector machine",1
"linear models","support vector machine",1
"agriculture","data mining",2
"data mining","technology",1
"dairy cattle","mastitis",1
"mastitis","milk production",1
"animals","software",5
"sheep","software",2
"sheep","south africa",1
"software","south africa",1
"cold stress","heat stress",3
"animals","milk yield",5
"animals","parity",6
"cattle","milk yield",2
"cattle","parity",4
"lactation","milk yield",3
"lactation","parity",5
"milk yield","parity",2
"milk yield","pregnancy",2
"parity","pregnancy",6
"fatty acids","growth",1
"fatty acids","polyphenols",1
"growth","polyphenols",1
"animal behaviour","animal husbandry/instrumentation",1
"animal behaviour","behavior, animal",1
"animal behaviour","pigs",1
"animal behaviour","sensors",1
"animal husbandry/instrumentation","behavior, animal",1
"animal husbandry/instrumentation","pigs",1
"animal husbandry/instrumentation","sensors",1
"behavior, animal","sensors",1
"pigs","sensors",1
"covid-","resilience",2
"covid-","sustainability",2
"ai","models, biological",1
"biodegradation, environmental","crops, agricultural/growth & development",1
"biodegradation, environmental","soil microbiology",2
"biodegradation, environmental","stress, physiological",1
"biodegradation, environmental","sustainable agriculture",1
"crops, agricultural/growth & development","soil microbiology",2
"crops, agricultural/growth & development","stress, physiological",1
"crops, agricultural/growth & development","sustainable agriculture",1
"soil microbiology","stress, physiological",1
"soil microbiology","sustainable agriculture",1
"stress, physiological","sustainable agriculture",1
"livestock","one health",2
"livestock","wetlands",1
"one health","wetlands",1
"animal health","methane",1
"animal production","goat",1
"cattle","productivity",1
"dietary supplements","efficiency",1
"dietary supplements","productivity",1
"dietary supplements","sustainability",1
"efficiency","productivity",1
"productivity","sustainability",1
"animal feed/analysis","animal health",1
"animal feed/analysis","antimicrobial resistance",1
"animal feed/analysis","food safety",1
"animal health","animal husbandry/methods",2
"animal health","animal nutritional physiological phenomena",1
"animal health","animals",3
"animal health","antimicrobial resistance",1
"animal health","food safety",1
"animal husbandry/methods","animal nutritional physiological phenomena",16
"animal husbandry/methods","antimicrobial resistance",1
"animal husbandry/methods","food safety",1
"animal nutritional physiological phenomena","antimicrobial resistance",1
"animal nutritional physiological phenomena","food safety",1
"antimicrobial resistance","food safety",1
"environmental sustainability","renewable energy",1
"dairy","heat stress",1
"dairy","pasture",1
"heat stress","pasture",2
"cattle/physiology","fertilization",1
"cattle/physiology","parity",2
"cattle/physiology","retrospective studies",1
"cattle/physiology","united kingdom",1
"dairy cow","fertilization",2
"dairy cow","parity",1
"dairy cow","pregnancy",7
"dairy cow","retrospective studies",1
"dairy cow","united kingdom",1
"dairying/methods","fertilization",1
"dairying/methods","parity",1
"dairying/methods","pregnancy",5
"dairying/methods","retrospective studies",1
"dairying/methods","time factors",3
"fertilization","lactation",2
"fertilization","milk/metabolism",1
"fertilization","parity",1
"fertilization","retrospective studies",2
"fertilization","time factors",2
"fertilization","united kingdom",1
"lactation","time factors",2
"lactation","united kingdom",1
"milk/metabolism","parity",4
"milk/metabolism","time factors",1
"milk/metabolism","united kingdom",1
"parity","retrospective studies",1
"parity","time factors",1
"parity","united kingdom",1
"pregnancy","retrospective studies",3
"pregnancy","united kingdom",1
"retrospective studies","time factors",2
"retrospective studies","united kingdom",1
"time factors","united kingdom",1
"animal welfare","goats",2
"big data","dairying/methods",2
"big data","data mining",2
"animal feed","models, theoretical",1
"animal feed","nitrogen/metabolism",3
"animal feed","swine",2
"models, theoretical","nitrogen/metabolism",1
"models, theoretical","swine",2
"nitrogen/metabolism","swine",2
"animal husbandry","beef cattle",3
"animal husbandry","biodiversity",2
"animal husbandry","brazil",2
"animal husbandry","seasons",1
"animals","brazil",7
"beef cattle","biodiversity",1
"beef cattle","brazil",2
"beef cattle","seasons",2
"beef cattle","time factors",2
"biodiversity","brazil",1
"brazil","cattle",3
"brazil","seasons",1
"brazil","time factors",1
"cow behavior","temperature humidity index",1
"animal feed/analysis","fatty acid",2
"animal feed/analysis","fatty acids/analysis",2
"animal feed/analysis","milk/chemistry",5
"animal feed/analysis","polyphenols",3
"animals","polyphenols",5
"cattle","fatty acid",1
"cattle","fatty acids/analysis",2
"cattle","polyphenols",1
"diet/veterinary","fatty acid",2
"diet/veterinary","fatty acids/analysis",2
"diet/veterinary","polyphenols",3
"fatty acid","fatty acids/analysis",2
"fatty acid","polyphenols",1
"fatty acids/analysis","lactation",2
"fatty acids/analysis","polyphenols",1
"lactation","polyphenols",1
"milk/chemistry","polyphenols",3
"buffalo","heat stress",1
"animal welfare","climate resilience",6
"animal welfare","livestock production",2
"climate resilience","livestock production",2
"ai","monitoring",1
"dairy cow","health",1
"dairy cow","somatic cell count",1
"dairying","milk/chemistry",3
"health","milk/chemistry",1
"health","somatic cell count",1
"milk/chemistry","somatic cell count",1
"brazil","climate resilience",2
"brazil","conservation of natural resources/methods",2
"brazil","forests",2
"brazil","grassland",1
"climate resilience","forests",6
"conservation of natural resources/methods","forests",3
"conservation of natural resources/methods","grassland",1
"forests","grassland",2
"metabolism","sperm",1
"data integration","databases, factual",1
"animal welfare","chick embryo",1
"animal welfare","ovum",2
"animals","genome",10
"cattle/genetics","genome",7
"cattle/genetics","software",1
"cattle/genetics","species specificity",1
"genome","genomics",4
"genome","software",1
"genome","species specificity",1
"genomics","software",2
"genomics","species specificity",2
"software","species specificity",1
"animal nutritional physiological phenomena","chickens/physiology",6
"animal nutritional physiological phenomena","dietary supplements/analysis",5
"chickens/physiology","microalgae",2
"dietary supplements/analysis","meat/analysis",4
"dietary supplements/analysis","microalgae",2
"goat","nutrigenomics",1
"goat","sheep",5
"nutrigenomics","sheep",1
"breeding","dairy cow",1
"breeding","lactation/genetics",3
"breeding","methane",1
"breeding","quantitative trait, heritable",3
"breeding","rumen/chemistry",1
"cattle/genetics","dairy cow",2
"cattle/genetics","methane",3
"cattle/genetics","quantitative trait, heritable",3
"cattle/genetics","rumen/chemistry",1
"dairy cow","dry matter intake",1
"dairy cow","genetic variation",1
"dairy cow","lactation/genetics",1
"dairy cow","phenotype",2
"dairy cow","quantitative trait, heritable",1
"dairy cow","rumen/chemistry",2
"dry matter intake","genetic variation",1
"dry matter intake","lactation/genetics",1
"dry matter intake","methane",1
"dry matter intake","quantitative trait, heritable",1
"dry matter intake","rumen/chemistry",1
"genetic variation","lactation/genetics",1
"genetic variation","methane",2
"genetic variation","milk/metabolism",1
"genetic variation","quantitative trait, heritable",2
"genetic variation","rumen/chemistry",1
"lactation/genetics","milk/metabolism",5
"lactation/genetics","quantitative trait, heritable",1
"lactation/genetics","rumen/chemistry",1
"methane","quantitative trait, heritable",1
"methane","rumen/chemistry",2
"milk/metabolism","quantitative trait, heritable",1
"milk/metabolism","rumen/chemistry",1
"phenotype","quantitative trait, heritable",4
"phenotype","rumen/chemistry",1
"quantitative trait, heritable","rumen/chemistry",1
"animal feed/analysis","poultry",4
"animal nutritional physiological phenomena/drug effects","chickens/physiology",2
"animal nutritional physiological phenomena/drug effects","dietary supplements/analysis",5
"animal nutritional physiological phenomena/drug effects","meat/analysis",2
"animal nutritional physiological phenomena/drug effects","poultry",1
"diet/veterinary","poultry",3
"dietary supplements/analysis","poultry",1
"meat/analysis","poultry",2
"poultry","random allocation",2
"digestibility","goats",1
"digestibility","ruminants",1
"goats","ruminants",3
"agriculture/statistics & numerical data","biodiversity",1
"agriculture/statistics & numerical data","carbon/analysis",1
"agriculture/statistics & numerical data","conservation of natural resources",2
"agriculture/statistics & numerical data","models, statistical",1
"agriculture/statistics & numerical data","water quality",1
"biodiversity","carbon/analysis",1
"biodiversity","models, statistical",2
"biodiversity","water quality",1
"carbon/analysis","models, statistical",1
"carbon/analysis","water quality",1
"conservation of natural resources","models, statistical",1
"conservation of natural resources","water quality",1
"models, statistical","water quality",1
"ammonia","methane",5
"cattle/genetics","dairying/economics",3
"cattle/genetics","selection, genetic",2
"dairying/economics","selection, genetic",1
"milk","selection, genetic",2
"cattle/physiology","rumen/physiology",2
"cattle/physiology","temperature",2
"dairying","rumen/physiology",1
"dairying","temperature",5
"dairying","time factors",3
"lactation/physiology","rumen/physiology",1
"lactation/physiology","temperature",1
"lactation/physiology","time factors",3
"rumen/physiology","time factors",1
"chickens","sensitivity and specificity",2
"poultry diseases/virology","sensitivity and specificity",2
"animals","muscle, skeletal/metabolism",6
"animals, newborn","body weight",1
"animals, newborn","chickens/genetics",1
"animals, newborn","gene expression profiling",1
"animals, newborn","gene expression regulation",1
"animals, newborn","liver/metabolism",1
"animals, newborn","muscle, skeletal/metabolism",2
"body weight","chickens/genetics",1
"body weight","gene expression profiling",1
"body weight","gene expression regulation",1
"body weight","liver/metabolism",1
"body weight","muscle, skeletal/metabolism",1
"chickens/genetics","gene expression profiling",1
"chickens/genetics","gene expression regulation",1
"chickens/genetics","liver/metabolism",2
"chickens/genetics","muscle, skeletal/metabolism",2
"gene expression profiling","gene expression regulation",2
"gene expression profiling","muscle, skeletal/metabolism",1
"gene expression regulation","liver/metabolism",1
"gene expression regulation","muscle, skeletal/metabolism",1
"liver/metabolism","muscle, skeletal/metabolism",1
"agriculture/methods","greenhouse gases",4
"agriculture/methods","sustainability",3
"climate resilience","precision agriculture",1
"crops, agricultural/growth & development","greenhouse gases",2
"crops, agricultural/growth & development","nutrient management",2
"crops, agricultural/growth & development","precision agriculture",2
"crops, agricultural/growth & development","sustainability",2
"fertilizers","greenhouse gases",1
"fertilizers","nutrient management",2
"fertilizers","precision agriculture",2
"fertilizers","sustainability",2
"greenhouse gases","nutrient management",1
"greenhouse gases","precision agriculture",1
"greenhouse gases","soil/chemistry",1
"nutrient management","precision agriculture",1
"nutrient management","soil/chemistry",1
"nutrient management","sustainability",2
"precision agriculture","sustainability",2
"soil/chemistry","sustainability",1
"animal feed/analysis","antioxidants",2
"animal feed/analysis","heat stress",2
"animal feed/analysis","temperature",2
"antioxidants","diet/veterinary",2
"antioxidants","dietary supplements",1
"antioxidants","heat stress",1
"antioxidants","temperature",1
"broiler","dietary supplements",2
"chickens","heat stress",1
"diet/veterinary","heat stress",2
"diet/veterinary","temperature",1
"dietary supplements","heat stress",1
"dietary supplements","temperature",1
"animal husbandry","cattle/physiology",3
"animal husbandry","insemination, artificial/veterinary",1
"animal husbandry","reproduction/physiology",1
"cattle/physiology","reproduction/physiology",2
"dairy cow","insemination, artificial/veterinary",1
"dairy cow","reproduction",1
"dairying","insemination, artificial/veterinary",1
"insemination, artificial/veterinary","reproduction",1
"insemination, artificial/veterinary","reproduction/physiology",1
"pregnancy","reproduction/physiology",3
"reproduction","reproduction/physiology",1
"cattle/physiology","chickens/physiology",1
"animal nutritional physiological phenomena","beef cattle",2
"animal nutritional physiological phenomena","body composition",2
"beef cattle","body composition",1
"body composition","cattle",3
"microbiota","signal transduction",1
"animal husbandry","breeding/methods",1
"animal husbandry","dairy cattle",1
"animal husbandry","quantitative trait, heritable",1
"breeding/methods","dairy cattle",1
"breeding/methods","phenotype",3
"dairy cattle","quantitative trait, heritable",1
"extensive farming","grazing",1
"extensive farming","small ruminants",1
"grazing","small ruminants",1
"animal behaviour","laying hens",1
"phosphorus","sheep",1
"animal feed/analysis","animal husbandry",2
"animal feed/analysis","digestion",4
"animal husbandry","animal nutritional physiological phenomena",1
"animal husbandry","digestion",1
"animal husbandry","energy metabolism",1
"animal husbandry","swine/physiology",1
"animal nutritional physiological phenomena","energy metabolism",3
"animal nutritional physiological phenomena","swine/physiology",1
"digestion","swine/physiology",1
"energy metabolism","swine/physiology",2
"agriculture","precision agriculture",1
"agriculture","prediction",1
"animals","precision agriculture",2
"big data","machine learning",5
"big data","precision agriculture",3
"big data","prediction",1
"data mining","livestock",1
"data mining","machine learning",3
"data mining","precision agriculture",1
"data mining","prediction",1
"livestock","machine learning",3
"livestock","precision agriculture",1
"livestock","prediction",1
"machine learning","precision agriculture",2
"precision agriculture","prediction",1
"animal welfare","biosecurity",1
"biosecurity","cattle",2
"biosecurity","dairying/methods",2
"biosecurity","herbivory",1
"biosecurity","seasons",1
"animal feed/analysis","polymorphism, single nucleotide",1
"animal feed/analysis","swine/genetics",2
"residual feed intake","swine/genetics",1
"animals","robustness",1
"breeding","dairying",3
"breeding","heat stress",1
"breeding","milk yield",1
"breeding","robustness",1
"cattle/genetics","milk yield",1
"cattle/genetics","robustness",1
"climate resilience","dairying",2
"climate resilience","lactation/genetics",1
"climate resilience","milk yield",1
"climate resilience","milk/metabolism",3
"climate resilience","phenotype",2
"climate resilience","pregnancy",1
"climate resilience","robustness",1
"dairying","heat stress",3
"dairying","lactation/genetics",2
"dairying","milk yield",1
"dairying","phenotype",3
"dairying","robustness",1
"heat stress","lactation/genetics",1
"heat stress","milk yield",2
"heat stress","milk/metabolism",3
"heat stress","phenotype",1
"heat stress","pregnancy",2
"heat stress","robustness",1
"lactation/genetics","milk yield",1
"lactation/genetics","pregnancy",2
"lactation/genetics","robustness",1
"milk yield","milk/metabolism",2
"milk yield","phenotype",1
"milk yield","robustness",1
"milk/metabolism","robustness",1
"phenotype","robustness",1
"pregnancy","robustness",1
"immunity","mastitis",1
"mastitis","metabolism",1
"agriculture/methods","models, biological",2
"agriculture/methods","rain",2
"climate resilience","rain",4
"crops, agricultural/growth & development","models, biological",1
"crops, agricultural/growth & development","rain",1
"models, biological","rain",2
"animal husbandry/methods","egg production",2
"animal husbandry/methods","neural networks, computer",6
"animal husbandry/methods","prediction accuracy",1
"animals","egg production",3
"animals","neural networks, computer",10
"chickens/physiology","egg production",1
"chickens/physiology","models, biological",2
"chickens/physiology","neural networks, computer",4
"chickens/physiology","prediction accuracy",1
"egg production","models, biological",2
"egg production","neural networks, computer",1
"egg production","ovum/physiology",1
"egg production","prediction accuracy",1
"models, biological","neural networks, computer",1
"models, biological","ovum/physiology",2
"models, biological","prediction accuracy",1
"neural networks, computer","ovum/physiology",1
"neural networks, computer","prediction accuracy",1
"ovum/physiology","prediction accuracy",1
"manure","nitrogen",1
"manure","phosphorus",1
"ammonia","animal nutritional physiological phenomena",1
"ammonia","cattle/physiology",1
"ammonia","dairy cow",1
"ammonia","diet/veterinary",2
"ammonia","forage",1
"ammonia","lactation/physiology",1
"ammonia","manure/analysis",1
"ammonia","methane/biosynthesis",1
"ammonia/analysis","animal nutritional physiological phenomena",1
"ammonia/analysis","cattle/physiology",1
"ammonia/analysis","dairy cow",1
"ammonia/analysis","diet/veterinary",1
"ammonia/analysis","forage",1
"ammonia/analysis","lactation/physiology",1
"ammonia/analysis","methane",1
"ammonia/analysis","methane/biosynthesis",1
"animal nutritional physiological phenomena","carbon dioxide/analysis",1
"animal nutritional physiological phenomena","forage",1
"animal nutritional physiological phenomena","methane/biosynthesis",1
"carbon dioxide/analysis","diet/veterinary",1
"carbon dioxide/analysis","forage",1
"carbon dioxide/analysis","lactation/physiology",1
"carbon dioxide/analysis","manure/analysis",1
"carbon dioxide/analysis","methane",2
"carbon dioxide/analysis","methane/biosynthesis",1
"cattle/physiology","manure/analysis",1
"dairy cow","forage",1
"dairy cow","manure/analysis",1
"forage","lactation/physiology",1
"forage","manure/analysis",1
"forage","methane",2
"forage","methane/biosynthesis",2
"lactation/physiology","manure/analysis",1
"lactation/physiology","methane/biosynthesis",1
"manure/analysis","methane/biosynthesis",1
"animal husbandry","avian influenza",1
"animal husbandry","disease outbreaks/veterinary",1
"animal husbandry","influenza in birds/epidemiology",1
"animal husbandry","models, theoretical",1
"animal husbandry","risk factors",1
"animal husbandry","vaccination",1
"avian influenza","disease outbreaks/veterinary",3
"avian influenza","models, theoretical",1
"avian influenza","risk factors",2
"disease outbreaks/veterinary","influenza in birds/epidemiology",4
"disease outbreaks/veterinary","models, theoretical",2
"disease outbreaks/veterinary","risk factors",2
"disease outbreaks/veterinary","vaccination",1
"influenza in birds/epidemiology","risk factors",3
"models, theoretical","risk factors",2
"models, theoretical","vaccination",1
"risk factors","vaccination",1
"cattle","pigs",2
"pigs","welfare",1
"fertilization","pasture",1
"behaviour","pasture",1
"behaviour","plf",1
"behaviour","technologies",1
"dairy cattle","pasture",1
"dairy cattle","plf",5
"dairy cattle","technologies",1
"pasture","plf",1
"pasture","technologies",1
"plf","technologies",2
"poultry","random forest",2
"birds","conservation of natural resources",1
"birds","ecosystem",1
"animals","data management",2
"cattle/physiology","computer simulation",1
"cattle/physiology","data management",1
"cattle/physiology","decision making",1
"cattle/physiology","environment",2
"cattle/physiology","farmers",1
"cattle/physiology","modeling",1
"cattle/physiology","simulation",1
"computer simulation","dairying",1
"computer simulation","data management",1
"computer simulation","decision making",1
"computer simulation","environment",1
"computer simulation","farmers",1
"computer simulation","modeling",3
"computer simulation","reproduction",2
"computer simulation","simulation",2
"dairying","data management",1
"dairying","decision making",1
"dairying","farmers",2
"dairying","modeling",1
"dairying","simulation",1
"data management","decision making",1
"data management","environment",1
"data management","farmers",1
"data management","modeling",1
"data management","reproduction",1
"data management","simulation",1
"decision making","environment",1
"decision making","farmers",2
"decision making","reproduction",1
"decision making","simulation",2
"environment","farmers",1
"environment","modeling",1
"environment","simulation",1
"farmers","modeling",1
"farmers","reproduction",1
"farmers","simulation",1
"modeling","reproduction",1
"reproduction","simulation",1
"animal husbandry/methods","manure/analysis",4
"animal husbandry/methods","temperature",6
"dairy","farmers",1
"dairy","technology",2
"dairying/methods","farmers",4
"dairying/methods","technology",4
"farmers","milk",3
"milk","technology",4
"agriculture","beef",1
"agriculture","brazil",3
"agriculture","cattle/growth & development",2
"agriculture","climate",3
"agriculture","linear models",1
"beef","brazil",1
"beef","cattle/growth & development",1
"beef","climate",1
"beef","farms",1
"beef","forecasting",1
"beef","linear models",1
"beef","machine learning",1
"beef","phenotype",1
"beef","soil",1
"brazil","cattle/growth & development",1
"brazil","climate",1
"brazil","farms",1
"brazil","forecasting",1
"brazil","linear models",1
"brazil","machine learning",1
"brazil","phenotype",3
"brazil","soil",1
"cattle/growth & development","climate",1
"cattle/growth & development","farms",1
"cattle/growth & development","forecasting",1
"cattle/growth & development","linear models",1
"cattle/growth & development","machine learning",1
"cattle/growth & development","phenotype",1
"cattle/growth & development","soil",1
"climate","farms",1
"climate","forecasting",2
"climate","linear models",1
"climate","machine learning",1
"climate","phenotype",1
"climate","soil",1
"farms","linear models",1
"farms","machine learning",4
"farms","phenotype",1
"farms","soil",1
"forecasting","linear models",1
"forecasting","phenotype",1
"forecasting","soil",1
"linear models","machine learning",3
"linear models","phenotype",1
"linear models","soil",1
"machine learning","phenotype",4
"machine learning","soil",1
"phenotype","soil",1
"biodiversity","china",1
"air quality","climate resilience",1
"air quality","european union",1
"air quality","livestock production",1
"climate resilience","european union",1
"european union","livestock production",1
"body temperature","cattle",1
"body temperature","dairying/methods",1
"body temperature","lactation",2
"dairying/methods","heat stress",1
"dairying/methods","random allocation",1
"heat stress","random allocation",1
"lactation","random allocation",1
"bovine","fertility",1
"agriculture","digital livestock transformation",2
"agriculture","farmers",3
"animals","digital livestock transformation",5
"digital livestock transformation","farmers",2
"digital livestock transformation","farms",1
"digital livestock transformation","livestock",2
"animals","cluster analysis",4
"animals","cow behavior",1
"behavior, animal/physiology","cattle",1
"behavior, animal/physiology","cluster analysis",1
"behavior, animal/physiology","cow behavior",1
"behavior, animal/physiology","lactation/physiology",2
"behavior, animal/physiology","time factors",2
"cattle","cluster analysis",1
"cattle","cow behavior",1
"cattle","lactation/physiology",10
"cluster analysis","cow behavior",1
"cluster analysis","dairying/methods",1
"cluster analysis","lactation/physiology",1
"cow behavior","dairying/methods",1
"cow behavior","lactation/physiology",1
"cow behavior","time factors",1
"physiology","thermal stress",1
"animals","heritability",4
"breeding","chickens/genetics",5
"breeding","heritability",1
"chickens/genetics","heritability",1
"australia","biodiversity",1
"australia","climate resilience",2
"australia","conservation of natural resources/methods",1
"australia","ecosystem",1
"biodiversity","conservation of natural resources/methods",3
"conservation of natural resources/methods","seasons",1
"carbon dioxide","environmental impact",1
"carbon dioxide","sustainability",1
"carbon dioxide","vaccine",1
"environmental impact","vaccine",1
"sustainability","vaccine",1
"animal feed/analysis","body weight",2
"animal feed/analysis","immunity",1
"body weight","cattle",4
"body weight","growth",1
"body weight","immunity",1
"body weight","weaning",5
"cattle","growth",1
"cattle","immunity",2
"cattle","weaning",4
"diet/veterinary","immunity",1
"growth","milk/metabolism",1
"immunity","milk/metabolism",2
"immunity","weaning",1
"agriculture/methods","breeding",2
"agriculture/methods","development",1
"agriculture/methods","livestock/genetics",1
"agriculture/methods","socioeconomic factors",1
"animals","development",2
"breeding","development",1
"breeding","food supply",1
"breeding","socioeconomic factors",1
"development","food supply",2
"development","livestock/genetics",1
"development","socioeconomic factors",1
"development","sustainability",1
"food supply","livestock/genetics",1
"food supply","socioeconomic factors",1
"livestock/genetics","socioeconomic factors",1
"socioeconomic factors","sustainability",1
"body temperature","sheep",1
"antioxidants","feed additives",1
"antioxidants","pig",1
"antioxidants","polyphenols",1
"antioxidants","poultry",1
"antioxidants","ruminants",1
"feed additives","pig",1
"feed additives","polyphenols",2
"feed additives","poultry",2
"feed additives","ruminants",1
"pig","polyphenols",1
"pig","poultry",1
"pig","ruminants",1
"polyphenols","poultry",1
"polyphenols","ruminants",1
"ecosystem","geographic information systems",5
"ecosystem","greenhouse effect",1
"ecosystem","models, statistical",3
"geographic information systems","greenhouse effect",1
"geographic information systems","models, statistical",1
"greenhouse effect","models, statistical",1
"agriculture/methods","colombia",1
"agriculture/methods","mexico",2
"colombia","mexico",1
"development","economic development",1
"development","european union",1
"development","management",1
"development","productivity",1
"economic development","european union",1
"economic development","management",1
"economic development","productivity",1
"european union","management",1
"european union","productivity",1
"management","productivity",1
"bioenergy","biogas",2
"dairy cattle","housing, animal/standards",1
"ecosystem","reproduction",1
"ecosystem","small ruminants",1
"goats","reproduction",1
"goats","small ruminants",1
"reproduction","ruminants",2
"reproduction","sheep",1
"reproduction","small ruminants",1
"ruminants","small ruminants",1
"sheep","small ruminants",1
"animals","stress",4
"stress","stress, physiological",2
"agriculture","carbon sequestration",1
"agriculture","greenhouse gases",2
"carbon sequestration","greenhouse gases",2
"carbon sequestration","modelling",1
"carbon sequestration","remote sensing",1
"carbon sequestration","wetlands",1
"greenhouse gases","modelling",1
"greenhouse gases","remote sensing",1
"greenhouse gases","wetlands",1
"modelling","remote sensing",1
"modelling","wetlands",1
"remote sensing","wetlands",1
"biodiversity","data management",1
"conservation of natural resources/methods","data management",1
"conservation of natural resources/methods","environmental monitoring",3
"data management","ecosystem",1
"data management","environmental monitoring",1
"ai","chickens",1
"ai","computer vision",6
"ai","ovum",1
"ai","poultry",3
"animals","computer vision",7
"chickens","computer vision",2
"computer vision","meat",1
"computer vision","ovum",1
"computer vision","poultry",2
"meat","ovum",1
"meat","poultry",1
"ovum","poultry",1
"animals","transition period",4
"cattle","transition period",3
"dairy cow","technology",1
"dairy cow","transition period",3
"dairying/methods","transition period",1
"farms","transition period",1
"lactation","reproduction/physiology",1
"lactation","technology",1
"lactation","transition period",3
"milk","transition period",1
"pregnancy","technology",1
"pregnancy","transition period",4
"reproduction/physiology","technology",1
"reproduction/physiology","transition period",1
"technology","transition period",1
"cow behavior","environment",1
"cow behavior","heat stress",1
"cow behavior","monitoring",1
"cow behavior","plf",1
"cow behavior","sensors",1
"cow behavior","thi",1
"environment","heat stress",1
"environment","monitoring",1
"environment","plf",1
"environment","thi",1
"heat stress","monitoring",1
"heat stress","plf",4
"heat stress","sensors",2
"heat stress","thi",4
"monitoring","sensors",2
"monitoring","thi",1
"plf","thi",1
"sensors","thi",1
"animals","thermal stress",1
"chickens","chickens/genetics",1
"chickens","heat-shock response",1
"chickens","muscle, skeletal/metabolism",1
"chickens","thermal stress",1
"chickens/genetics","heat-shock response",1
"chickens/genetics","thermal stress",1
"heat-shock response","muscle, skeletal/metabolism",1
"heat-shock response","thermal stress",1
"muscle, skeletal/metabolism","thermal stress",1
"air pollutants/metabolism","cattle",1
"air pollutants/metabolism","dairying",2
"air pollutants/metabolism","environment",3
"air pollutants/metabolism","greenhouse gases",1
"air pollutants/metabolism","time factors",1
"animal husbandry","cattle/metabolism",1
"animal husbandry","greenhouse gases",2
"cattle","cattle/metabolism",1
"cattle/metabolism","greenhouse gases",1
"cattle/metabolism","time factors",1
"dairying","environmental monitoring/methods",1
"dairying","greenhouse gases",1
"dairying","methane/metabolism",2
"environment","environmental monitoring/methods",4
"environment","greenhouse gases",3
"environment","methane/metabolism",3
"environment","time factors",2
"environmental monitoring/methods","greenhouse gases",1
"environmental monitoring/methods","time factors",2
"greenhouse gases","methane/metabolism",1
"greenhouse gases","time factors",1
"methane","time factors",2
"methane/metabolism","time factors",2
"animal feed/analysis","digestibility",2
"animal feed/analysis","feed intake",1
"animal feed/analysis","sheep",4
"animal nutritional physiological phenomena","feed efficiency",4
"animal nutritional physiological phenomena","feed intake",1
"diet/veterinary","feed intake",1
"digestibility","feed efficiency",1
"digestibility","feed intake",1
"digestibility","rumen",1
"digestibility","sheep",1
"digestion","feed intake",2
"digestion","sheep",1
"feed efficiency","feed intake",2
"feed efficiency","rumen",1
"feed efficiency","sheep",1
"feed intake","rumen",1
"feed intake","sheep",2
"rumen","sheep",1
"enteric methane","machine learning",1
"enteric methane","ruminants",3
"machine learning","ruminants",1
"bibliometric analysis","microbiome",1
"bibliometric analysis","rumen fermentation",1
"bibliometric analysis","ruminants",1
"microbiome","rumen fermentation",1
"microbiome","ruminants",1
"microbiome","sustainability",1
"rumen fermentation","ruminants",1
"dietary supplements","goats",2
"dietary supplements","polyphenols",1
"goats","grazing",1
"goats","milk/chemistry",2
"goats","polyphenols",1
"grazing","milk/chemistry",1
"grazing","polyphenols",1
"animal husbandry/economics","automatic milking system",1
"animal husbandry/economics","automation",1
"animal husbandry/economics","dairying/economics",1
"animal husbandry/economics","lactation",1
"animal husbandry/economics","seasons",1
"animal husbandry/economics","time factors",1
"animal husbandry/economics","water",1
"animals","automation",7
"automatic milking system","automation",1
"automatic milking system","dairying/economics",1
"automatic milking system","farms/economics",1
"automatic milking system","sustainability",1
"automatic milking system","time factors",1
"automatic milking system","water",1
"automation","cattle/physiology",3
"automation","dairying/economics",1
"automation","farms/economics",1
"automation","lactation",3
"automation","seasons",1
"automation","sustainability",1
"automation","time factors",2
"automation","water",1
"cattle/physiology","dairying/economics",2
"cattle/physiology","farms/economics",1
"cattle/physiology","seasons",3
"cattle/physiology","water",1
"dairying/economics","sustainability",1
"dairying/economics","time factors",1
"dairying/economics","water",1
"farms/economics","lactation",1
"farms/economics","seasons",1
"farms/economics","sustainability",1
"farms/economics","time factors",1
"farms/economics","water",1
"lactation","water",1
"seasons","sustainability",1
"seasons","water",1
"sustainability","time factors",1
"sustainability","water",1
"time factors","water",1
"ai","biosensors",2
"ai","one health",1
"biosensors","one health",1
"cattle","health",4
"farmers","fertility",1
"farmers","health",3
"farmers","lactation/physiology",1
"farmers","milk production",1
"farmers","parity",1
"farmers","pregnancy",1
"fertility","health",1
"fertility","lactation/physiology",1
"fertility","milk",1
"fertility","milk production",1
"fertility","parity",1
"health","lactation/physiology",1
"health","milk production",2
"health","parity",1
"health","pregnancy",3
"lactation/physiology","milk production",3
"lactation/physiology","parity",1
"lactation/physiology","pregnancy",6
"milk","parity",1
"milk production","parity",1
"milk production","pregnancy",1
"machine learning","multivariate analysis",1
"fertility","genetic selection",1
"fertility","methane emission",1
"fertility","milk yield",1
"genetic selection","methane emission",1
"genetic selection","milk yield",1
"methane emission","milk yield",1
"breeding","dairy cows",2
"breeding","dairying/methods",2
"breeding","energy metabolism",1
"breeding","mammary glands, animal/physiology",1
"cattle/genetics","dairy cows",3
"cattle/genetics","dairying/methods",3
"climate resilience","dairy cows",1
"climate resilience","dairying/methods",2
"climate resilience","energy metabolism",1
"climate resilience","genomics",1
"climate resilience","genotype",1
"dairy cows","dairying/methods",2
"dairy cows","energy metabolism",1
"dairy cows","genomics",1
"dairy cows","genotype",1
"dairy cows","mammary glands, animal/physiology",1
"dairy cows","milk/metabolism",1
"dairy cows","phenotype",3
"dairying/methods","energy metabolism",1
"dairying/methods","genomics",2
"dairying/methods","genotype",1
"dairying/methods","mammary glands, animal/physiology",3
"dairying/methods","phenotype",2
"energy metabolism","genomics",1
"energy metabolism","genotype",1
"energy metabolism","mammary glands, animal/physiology",1
"genomics","genotype",3
"genomics","mammary glands, animal/physiology",1
"genotype","mammary glands, animal/physiology",1
"genotype","milk/metabolism",2
"mammary glands, animal/physiology","milk/metabolism",2
"mammary glands, animal/physiology","phenotype",1
"birds","heat stress",1
"birds","stress",1
"heat stress","stress",1
"behavior, animal","diet/veterinary",1
"behavior, animal","feeding behavior",2
"dairying/methods","feeding behavior",3
"feeding behavior","milk",2
"agriculture","germany",2
"ecosystem","germany",1
"ecosystem","species specificity",2
"germany","poaceae",1
"germany","seasons",1
"germany","species specificity",1
"poaceae","seasons",1
"poaceae","species specificity",1
"agroecology","climate resilience",1
"agroecology","grassland",1
"agroecology","machine learning",1
"grassland","machine learning",1
"chickens","immunity",2
"chickens","transcriptome",3
"chickens","transcriptomics",1
"immunity","poultry diseases/virology",1
"immunity","transcriptome",2
"immunity","transcriptomics",1
"poultry diseases/virology","transcriptome",1
"poultry diseases/virology","transcriptomics",1
"animal husbandry/methods","dairying/methods",2
"animal husbandry/methods","lactation/physiology",1
"animal husbandry/methods","milk",1
"lactation/physiology","plf",2
"computer simulation","livestock",1
"computer simulation","ruminant",1
"livestock","simulation",1
"models, theoretical","ruminant",1
"ruminant","simulation",1
"gis","remote sensing",2
"ammonia","cattle",1
"ammonia","lactation",1
"ammonia","milk/metabolism",1
"ammonia","nitrogen/metabolism",1
"ammonia","rumen/metabolism",1
"ammonia","silage/analysis",1
"cattle","nitrogen",1
"cattle","nitrogen/metabolism",2
"diet/veterinary","nitrogen",1
"lactation","nitrogen",1
"methane","nitrogen/metabolism",1
"methane","silage/analysis",5
"milk/metabolism","nitrogen",1
"nitrogen","nitrogen/metabolism",1
"nitrogen","rumen/metabolism",1
"nitrogen","silage/analysis",1
"animals","temperature humidity index",1
"beef cattle","body weight",1
"beef cattle","temperature humidity index",1
"body weight","dry matter intake",1
"body weight","grazing",1
"body weight","temperature humidity index",1
"body weight","water intake",1
"cattle/physiology","temperature humidity index",1
"dry matter intake","temperature humidity index",1
"grazing","temperature humidity index",1
"temperature humidity index","water intake",1
"animals","chicken",2
"chicken","chickens/genetics",1
"chicken","polymorphism, single nucleotide",1
"chickens/genetics","polymorphism, single nucleotide",2
"animal welfare","innovation",3
"animals","innovation",2
"cattle/physiology","housing",1
"cattle/physiology","innovation",1
"dairy cattle","dairying/methods",5
"dairy cattle","environment",1
"dairy cattle","housing",1
"dairy cattle","innovation",1
"dairy cattle","welfare",5
"dairying/methods","housing",1
"dairying/methods","innovation",2
"environment","housing",1
"environment","innovation",1
"environment","welfare",1
"housing","innovation",1
"innovation","welfare",1
"food safety","poultry production",1
"food safety","salmonella",1
"poultry production","salmonella",1
"animal welfare","cattle/genetics",2
"animal welfare","genetic improvement",1
"animal welfare","selection, genetic",1
"cattle/genetics","genetic improvement",1
"cattle/genetics","resilience",2
"cattle/genetics","sustainability",2
"dairying","genetic improvement",1
"dairying","resilience",2
"dairying","selection, genetic",1
"dairying","sustainability",1
"farms","genetic improvement",1
"farms","resilience",4
"farms","selection, genetic",1
"genetic improvement","milk",1
"genetic improvement","resilience",1
"genetic improvement","selection, genetic",1
"genetic improvement","sustainability",2
"resilience","selection, genetic",1
"selection, genetic","sustainability",1
"animal welfare","milk production",1
"animal welfare","small ruminants",1
"climate resilience","plf",3
"climate resilience","small ruminants",1
"milk production","plf",1
"milk production","small ruminants",1
"plf","small ruminants",1
"models, biological","population dynamics",2
"models, biological","sheep/physiology",1
"population dynamics","sheep/physiology",1
"chicken","heat stress",2
"ammonia","brazil",1
"ammonia","environmental monitoring",1
"ammonia","environmental sustainability",1
"ammonia","housing, animal",3
"ammonia","poultry",2
"ammonia/analysis","brazil",1
"ammonia/analysis","environmental monitoring",2
"ammonia/analysis","environmental sustainability",1
"animals","environmental sustainability",2
"brazil","chickens",1
"brazil","environmental sustainability",1
"brazil","housing, animal",1
"brazil","manure",1
"brazil","poultry",1
"chickens","environmental monitoring",3
"chickens","environmental sustainability",1
"chickens","housing, animal",7
"environmental monitoring","environmental sustainability",1
"environmental monitoring","housing, animal",3
"environmental monitoring","poultry",1
"environmental sustainability","housing, animal",1
"environmental sustainability","manure",1
"environmental sustainability","poultry",1
"housing, animal","manure",1
"manure","poultry",1
"animal husbandry","decision making",1
"animal husbandry","farmers",2
"animals","image processing, computer-assisted/methods",6
"breeding/methods","computer vision",2
"breeding/methods","image processing, computer-assisted/methods",1
"breeding/methods","machine learning",2
"breeding/methods","selection, genetic",2
"breeding/methods","swine/genetics",1
"computer vision","genomics/methods",1
"computer vision","image processing, computer-assisted/methods",2
"computer vision","machine learning",3
"computer vision","phenotype",1
"computer vision","selection, genetic",2
"computer vision","swine/genetics",1
"genomics/methods","image processing, computer-assisted/methods",1
"genomics/methods","machine learning",2
"genomics/methods","phenotype",4
"genomics/methods","selection, genetic",2
"genomics/methods","swine/genetics",1
"image processing, computer-assisted/methods","machine learning",3
"image processing, computer-assisted/methods","phenotype",1
"image processing, computer-assisted/methods","selection, genetic",1
"image processing, computer-assisted/methods","swine/genetics",1
"machine learning","selection, genetic",3
"machine learning","swine/genetics",1
"selection, genetic","swine/genetics",1
"automation","dairy cattle",1
"agriculture","air pollution, indoor/analysis",1
"agriculture","ammonia/analysis",1
"agriculture","chickens/physiology",1
"agriculture","housing, animal",1
"agriculture","models, statistical",2
"agriculture","ventilation",1
"air pollution, indoor/analysis","animal welfare",1
"air pollution, indoor/analysis","models, statistical",1
"air pollution, indoor/analysis","ventilation",1
"ammonia/analysis","animal welfare",1
"ammonia/analysis","models, statistical",1
"ammonia/analysis","ventilation",2
"animal welfare","models, statistical",1
"animals","ventilation",3
"chickens/physiology","models, statistical",1
"chickens/physiology","ventilation",2
"housing, animal","models, statistical",1
"housing, animal","ventilation",3
"models, statistical","ventilation",1
"anaerobic digestion","bioenergy",1
"anaerobic digestion","biogas",3
"conservation of natural resources","sheep/genetics",1
"genome-wide association study","milk",1
"animal welfare/standards","biomarkers",1
"animal welfare/standards","cattle diseases/diagnosis",1
"animal welfare/standards","cattle/physiology",1
"animal welfare/standards","productivity",1
"biomarkers","cattle/physiology",2
"biomarkers","health",3
"biomarkers","productivity",1
"biomarkers","welfare",2
"cattle diseases/diagnosis","cattle/physiology",2
"cattle diseases/diagnosis","health",2
"cattle diseases/diagnosis","productivity",2
"cattle diseases/diagnosis","welfare",3
"cattle/physiology","productivity",1
"health","productivity",1
"productivity","welfare",2
"cattle","emissions",2
"cattle","greenhouse gas",7
"emissions","greenhouse gas",1
"ammonia","australia",1
"ammonia","broiler chicken",1
"animals","broiler chicken",3
"australia","broiler chicken",1
"australia","chickens",1
"australia","housing, animal",1
"australia","poultry",1
"broiler chicken","chickens",1
"broiler chicken","housing, animal",1
"broiler chicken","poultry",1
"food security","plf",1
"beef cattle","computer vision",2
"beef cattle","plf",5
"computer vision","plf",6
"genome","genotype",2
"livestock production","survey",1
"animal husbandry/methods","consumer behavior",1
"animal husbandry/methods","sustainable development",3
"consumer behavior","food security",1
"consumer behavior","food supply",1
"consumer behavior","poultry",1
"consumer behavior","sustainability",1
"consumer behavior","sustainable development",1
"food security","sustainable development",1
"food supply","poultry",1
"poultry","sustainable development",2
"ecosystem","water",4
"dairy cattle","thermal stress",2
"ai","object detection",1
"conservation","production performance",1
"conservation","sustainable development",1
"conservation","welfare",1
"production performance","sustainable development",1
"production performance","welfare",2
"sustainable development","welfare",1
"animal feed/analysis","gastrointestinal microbiome",3
"animal feed/analysis","metabolome",2
"animal nutritional physiological phenomena","broiler",1
"animal nutritional physiological phenomena","liver/metabolism",1
"animal nutritional physiological phenomena","metabolome",1
"animal nutritional physiological phenomena","transcriptome",3
"broiler","gastrointestinal microbiome",2
"broiler","liver/metabolism",2
"broiler","metabolome",2
"broiler","transcriptome",3
"chickens/physiology","gastrointestinal microbiome",1
"chickens/physiology","liver/metabolism",1
"chickens/physiology","metabolome",1
"chickens/physiology","transcriptome",1
"diet/veterinary","liver/metabolism",2
"diet/veterinary","metabolome",3
"diet/veterinary","transcriptome",4
"gastrointestinal microbiome","liver/metabolism",2
"gastrointestinal microbiome","random allocation",2
"gastrointestinal microbiome","transcriptome",2
"liver/metabolism","metabolome",2
"liver/metabolism","random allocation",2
"metabolome","random allocation",2
"metabolome","transcriptome",3
"random allocation","transcriptome",2
"cattle","energy metabolism",3
"energy metabolism","fertility",1
"energy metabolism","milk/chemistry",1
"energy metabolism","postpartum period",1
"energy metabolism","sensitivity and specificity",1
"fertility","lactation",3
"fertility","postpartum period",1
"fertility","sensitivity and specificity",1
"lactation","sensitivity and specificity",4
"milk/chemistry","postpartum period",1
"postpartum period","sensitivity and specificity",1
"environmental monitoring/methods","groundwater",2
"environmental monitoring/methods","water pollutants, chemical/analysis",3
"groundwater","machine learning",2
"groundwater","nitrates/analysis",2
"machine learning","water pollutants, chemical/analysis",2
"nitrates/analysis","water pollutants, chemical/analysis",3
"cattle","lipid metabolism",2
"dairy cow","gene expression regulation",1
"dairy cow","lipid metabolism",1
"gene expression regulation","lipid metabolism",1
"gene expression regulation","milk/chemistry",1
"lipid metabolism","milk/chemistry",1
"buffalo","extensive farming",1
"dry matter intake","rumination",1
"agriculture","plant breeding",1
"adult","goats/physiology",1
"adult","heart rate",1
"animal welfare","heart rate",1
"goats/physiology","heart rate",1
"goats/physiology","young adult",1
"heart rate","young adult",1
"animal feed/analysis","feces/microbiology",2
"cattle/metabolism","fatty acids, volatile/metabolism",1
"cattle/metabolism","feces/microbiology",1
"cattle/metabolism","gastrointestinal microbiome",1
"diet/veterinary","feces/microbiology",2
"fatty acids, volatile/metabolism","feces/microbiology",1
"fatty acids, volatile/metabolism","gastrointestinal microbiome",1
"feces/microbiology","fermentation",1
"feces/microbiology","gastrointestinal microbiome",1
"feces/microbiology","lactation",1
"goat","plf",1
"goat","technology",1
"goat","welfare",1
"sheep","technology",2
"sheep","welfare",1
"technology","welfare",2
"anaerobic digestion","cold stress",1
"anaerobic digestion","greenhouse gas emissions",1
"biogas","cold stress",1
"biogas","greenhouse gas emissions",1
"cold stress","greenhouse gas emissions",1
"agriculture","conservation of natural resources/methods",4
"agriculture","environmental monitoring",5
"agriculture","tropical climate",2
"conservation of natural resources/methods","satellite imagery",2
"conservation of natural resources/methods","tropical climate",1
"environmental monitoring","forests",3
"environmental monitoring","satellite imagery",1
"environmental monitoring","tropical climate",1
"forests","satellite imagery",4
"satellite imagery","tropical climate",1
"agriculture","kenya",2
"cattle","climate",2
"cattle","environmental monitoring",3
"cattle","kenya",1
"cattle","rivers",1
"climate","environmental monitoring",1
"climate","kenya",1
"climate","rivers",2
"environmental monitoring","kenya",2
"environmental monitoring","rivers",1
"kenya","rivers",1
"dairy","goats",1
"dairy","mexico",1
"dairy","production",1
"dairy","welfare",1
"goats","mexico",1
"goats","production",1
"goats","sustainability",1
"goats","welfare",1
"meat","mexico",1
"meat","production",2
"meat","welfare",1
"mexico","production",1
"mexico","sustainability",1
"mexico","welfare",1
"production","sustainability",1
"production","welfare",3
"sustainability","welfare",2
"animals","cold stress",1
"cold stress","energy metabolism",1
"cold stress","signal transduction",1
"energy metabolism","signal transduction",1
"animal husbandry/methods","models, theoretical",6
"animal nutritional physiological phenomena","food supply",1
"animal nutritional physiological phenomena","sustainable development",1
"food supply","models, theoretical",3
"models, theoretical","sustainable development",2
"animal husbandry/methods","breeding",7
"animal husbandry/methods","breeding/methods",5
"animal husbandry/methods","chickens/genetics",2
"animal husbandry/methods","disease resistance",2
"animal husbandry/methods","disease resistance/genetics",1
"breeding","breeding/methods",3
"breeding","disease resistance",1
"breeding","poultry",2
"breeding/methods","chickens/genetics",1
"breeding/methods","disease resistance/genetics",1
"breeding/methods","poultry",1
"chickens/genetics","disease resistance",1
"chickens/genetics","disease resistance/genetics",1
"disease resistance","disease resistance/genetics",1
"disease resistance","poultry",2
"disease resistance/genetics","poultry",1
"animal welfare","biomarkers",3
"animal welfare","stress",1
"biomarkers","dairying",2
"biomarkers","stress",1
"cattle/physiology","stress",1
"dairying","stress",1
"attitude","farmers",1
"animal welfare","antioxidants",1
"animal welfare","feed",2
"antioxidants","feed",1
"antioxidants","sustainability",1
"feed","sustainability",2
"animal behaviour","disease resistance",1
"animal behaviour","genetic selection",1
"animal behaviour","resilience",1
"animal behaviour","robustness",1
"animal welfare","disease resistance",2
"animal welfare","genetic selection",2
"animal welfare","robustness",2
"disease resistance","genetic selection",2
"disease resistance","resilience",1
"disease resistance","robustness",2
"genetic selection","resilience",1
"genetic selection","robustness",2
"resilience","robustness",2
"animals","multiomics",4
"genomics/methods","multiomics",2
"genomics/methods","swine",1
"genomics/methods","transcriptome",1
"livestock/genetics","multiomics",1
"livestock/genetics","swine",1
"livestock/genetics","transcriptome",1
"multiomics","swine",1
"multiomics","transcriptome",3
"swine","transcriptome",1
"meat","small ruminants",1
"big data","cattle",1
"big data","dairy cow",1
"big data","eating",1
"big data","milk",1
"eating","farms",2
"milk composition","milk quality",1
"ai","digital livestock transformation",3
"ai","lactation/physiology",1
"ai","logistic models",1
"ai","milk production",1
"ai","milk/metabolism",1
"ai","plant breeding",1
"lactation/physiology","logistic models",1
"lactation/physiology","plant breeding",1
"logistic models","milk/metabolism",1
"logistic models","plant breeding",1
"milk production","plant breeding",1
"milk/metabolism","plant breeding",1
"behavior","heat stress",4
"ammonia","housing, animal/standards",1
"ammonia","humidity",2
"ammonia/analysis","housing, animal/standards",1
"ammonia/analysis","humidity",1
"broiler","housing, animal/standards",1
"broiler","humidity",2
"broiler","manure",1
"chickens","humidity",3
"housing, animal/standards","humidity",1
"housing, animal/standards","manure",1
"housing, animal/standards","temperature",1
"humidity","manure",1
"adult","age factors",1
"adult","animal husbandry/methods",1
"adult","ethiopia",1
"age factors","animal husbandry/methods",2
"age factors","ethiopia",1
"age factors","middle aged",1
"age factors","young adult",1
"animal husbandry/methods","ethiopia",1
"animal husbandry/methods","middle aged",1
"animal husbandry/methods","young adult",1
"ethiopia","middle aged",1
"ethiopia","young adult",1
"cattle/genetics","dairy",1
"cattle/genetics","farms/economics",1
"cattle/genetics","technology",1
"dairy","dairying/economics",1
"dairy","farms/economics",1
"dairy","management",1
"farms/economics","management",1
"management","technology",1
"environmental sustainability","typology",1
"animal welfare","european union",1
"animal welfare","food quality",1
"animal welfare","organic",1
"animal welfare","organic agriculture",2
"animal welfare","supply chain",1
"animals","food quality",4
"animals","supply chain",1
"dairy","european union",1
"dairy","food quality",1
"dairy","innovation",2
"dairy","organic",1
"dairy","organic agriculture",1
"dairy","supply chain",1
"dairying/methods","european union",1
"dairying/methods","food quality",2
"dairying/methods","organic",1
"dairying/methods","organic agriculture",1
"dairying/methods","supply chain",1
"europe","european union",1
"europe","food quality",1
"europe","innovation",1
"europe","organic",1
"europe","organic agriculture",1
"europe","supply chain",2
"european union","food quality",1
"european union","innovation",1
"european union","organic",1
"european union","organic agriculture",1
"european union","supply chain",1
"food quality","innovation",1
"food quality","organic",1
"food quality","organic agriculture",1
"food quality","supply chain",1
"innovation","organic",1
"innovation","organic agriculture",1
"innovation","supply chain",1
"organic","organic agriculture",1
"organic","supply chain",1
"organic agriculture","supply chain",1
"diagnosis","infrared thermography",1
"diagnosis","mastitis",1
"diagnosis","ruminants",2
"infrared thermography","ruminants",1
"mastitis","ruminants",1
"agriculture/methods","animal feed",1
"agriculture/methods","poaceae",1
"animal feed","animal husbandry/methods",2
"animal feed","conservation of natural resources",1
"animal feed","crops, agricultural/growth & development",1
"animal feed","ecosystem",1
"animal feed","environmental pollution/prevention & control",1
"animal feed","fertilizers",1
"animal feed","manure",1
"animal feed","nutrient management",1
"animal feed","poaceae",2
"animal husbandry/methods","crops, agricultural/growth & development",1
"animal husbandry/methods","ecosystem",1
"animal husbandry/methods","fertilizers",1
"animal husbandry/methods","manure",1
"animal husbandry/methods","poaceae",1
"animals","crops, agricultural/growth & development",3
"conservation of natural resources","crops, agricultural/growth & development",3
"conservation of natural resources","fertilizers",1
"conservation of natural resources","manure",1
"crops, agricultural/growth & development","ecosystem",3
"crops, agricultural/growth & development","environmental pollution/prevention & control",1
"crops, agricultural/growth & development","nitrogen/metabolism",1
"crops, agricultural/growth & development","poaceae",1
"ecosystem","environmental pollution/prevention & control",1
"ecosystem","fertilizers",1
"ecosystem","manure",2
"ecosystem","nitrogen/metabolism",1
"ecosystem","nutrient management",1
"environmental pollution/prevention & control","fertilizers",1
"environmental pollution/prevention & control","manure",1
"environmental pollution/prevention & control","poaceae",1
"environmental pollution/prevention & control","sustainability",1
"fertilizers","nitrogen/metabolism",2
"fertilizers","poaceae",1
"manure","nitrogen/metabolism",1
"manure","poaceae",1
"manure","sustainability",1
"nitrogen/metabolism","poaceae",1
"nitrogen/metabolism","sustainability",1
"nutrient management","poaceae",1
"poaceae","sustainability",1
"aquaculture","conservation of natural resources/methods",1
"aquaculture","development",1
"aquaculture","ecosystem",1
"aquaculture","food supply",1
"conservation of natural resources/methods","development",1
"development","ecosystem",1
"apoptosis","fat",1
"animals","growth performance",3
"growth performance","immunity",2
"growth performance","microbiota",2
"growth performance","nitrogen",1
"growth performance","plant breeding",1
"immunity","microbiota",1
"immunity","nitrogen",1
"immunity","plant breeding",1
"microbiota","nitrogen",1
"microbiota","plant breeding",1
"nitrogen","plant breeding",1
"beef","europe",1
"beef","supply chain",1
"animal distribution","uncertainty",1
"animal welfare","swine",1
"dairy cattle","poultry",1
"dairy cattle","swine",1
"poultry","swine",1
"circular economy","environmental monitoring",1
"environmental monitoring","wastewater",1
"cattle","digestion",5
"cattle","forage",2
"cattle","zea mays",2
"digestion","forage",2
"digestion","milk/metabolism",3
"digestion","ruminant",2
"digestion","silage/analysis",4
"forage","ruminant",1
"methane","ruminant",2
"milk/metabolism","ruminant",1
"ruminant","silage/analysis",2
"ruminant","zea mays",2
"algorithms","breeding",1
"algorithms","dairying/methods",1
"algorithms","genetic selection",1
"algorithms","genomic selection",1
"algorithms","selection, genetic",1
"breeding","genetic selection",1
"breeding","genomic selection",1
"breeding","machine learning",4
"cattle","genomic selection",1
"cattle","selection, genetic",2
"dairy cattle","genetic selection",1
"dairy cattle","selection, genetic",1
"dairying/methods","genetic selection",1
"dairying/methods","genomic selection",2
"dairying/methods","selection, genetic",1
"genetic selection","genomic selection",1
"genetic selection","machine learning",1
"genetic selection","selection, genetic",1
"genomic selection","machine learning",1
"genomic selection","selection, genetic",1
"development","south africa",1
"genomics/methods","genotype",2
"genomics/methods","italy",1
"genomics/methods","population density",1
"genotype","italy",1
"genotype","population density",1
"italy","population density",1
"agriculture","socioeconomic factors",2
"conservation of natural resources","environmental monitoring",2
"environmental monitoring","socioeconomic factors",1
"forests","socioeconomic factors",2
"amino acids/metabolism","animal feed/analysis",1
"amino acids/metabolism","animal nutritional physiological phenomena",1
"amino acids/metabolism","broiler chicken",1
"amino acids/metabolism","chickens/physiology",1
"amino acids/metabolism","diet/veterinary",1
"amino acids/metabolism","energy metabolism",1
"amino acids/metabolism","random allocation",1
"animal feed/analysis","broiler chicken",1
"animal nutritional physiological phenomena","broiler chicken",1
"broiler chicken","chickens/physiology",2
"broiler chicken","diet/veterinary",1
"broiler chicken","energy metabolism",1
"broiler chicken","random allocation",1
"chickens/physiology","energy metabolism",2
"energy metabolism","random allocation",1
"animal husbandry/methods","pig",1
"animal husbandry/methods","swine/physiology",4
"animal welfare/standards","breeding",1
"animal welfare/standards","conservation of natural resources/methods",1
"animal welfare/standards","environment",1
"animal welfare/standards","pig",1
"animal welfare/standards","sustainability",1
"animal welfare/standards","swine/physiology",1
"animals","pig",3
"breeding","conservation of natural resources/methods",1
"breeding","pig",1
"breeding","swine/physiology",1
"conservation of natural resources/methods","pig",1
"conservation of natural resources/methods","swine/physiology",1
"environment","pig",1
"environment","swine/physiology",2
"pig","sustainability",1
"pig","swine/physiology",1
"proteomics","sheep",1
"agriculture/statistics & numerical data","animals",2
"agriculture/statistics & numerical data","cluster analysis",1
"agriculture/statistics & numerical data","genomics",1
"agriculture/statistics & numerical data","software",1
"cluster analysis","genomics",1
"cluster analysis","software",1
"big data","data integration",1
"big data","digital livestock transformation",2
"big data","sensor",1
"data integration","digital livestock transformation",1
"data integration","sensor",1
"digital livestock transformation","sensor",1
"animal husbandry/methods","chickens",9
"animal husbandry/methods","laying hens",2
"housing, animal","laying hens",1
"agriculture","extensive farming",1
"agriculture","italy",1
"agriculture","spain",1
"animals","extensive farming",1
"dairying","extensive farming",1
"dairying","italy",1
"dairying","sheep",1
"dairying","spain",1
"extensive farming","farms",1
"extensive farming","italy",1
"extensive farming","livestock",1
"extensive farming","plf",2
"extensive farming","sheep",1
"extensive farming","spain",1
"farms","italy",1
"farms","spain",1
"italy","livestock",1
"italy","plf",1
"italy","sheep",2
"italy","spain",1
"livestock","spain",2
"plf","spain",1
"sheep","spain",1
"animals","enteric methane",4
"breeding","enteric methane",1
"breeding","management",1
"breeding","methane/biosynthesis",1
"breeding","milk/chemistry",1
"breeding","rumen/metabolism",1
"cattle","enteric methane",1
"dairy cattle","enteric methane",1
"dairy cattle","management",2
"dairy cattle","methane/biosynthesis",1
"enteric methane","lactation",1
"enteric methane","management",1
"enteric methane","methane/biosynthesis",2
"enteric methane","milk/chemistry",1
"enteric methane","rumen/metabolism",2
"management","methane/biosynthesis",1
"management","milk/chemistry",1
"management","rumen/metabolism",1
"methane/biosynthesis","rumen/metabolism",1
"circular economy","microbiome",1
"circular economy","milk quality",1
"microbiome","milk quality",1
"agriculture","animals, wild",1
"animals, wild","conservation of natural resources",3
"animal feed/analysis","dairy cows",2
"animal feed/analysis","fertility",1
"animal feed/analysis","nutrition",3
"animal feed/analysis","production",1
"animal nutritional physiological phenomena","dairy cows",2
"animal nutritional physiological phenomena","fertility",1
"animal nutritional physiological phenomena","nutrition",2
"animal nutritional physiological phenomena","production",1
"body composition","dairy cows",1
"body composition","dietary supplements",1
"body composition","fertility",1
"body composition","milk/chemistry",1
"body composition","nutrition",1
"body composition","production",1
"dairy cows","diet/veterinary",2
"dairy cows","dietary supplements",1
"dairy cows","fertility",1
"dairy cows","milk/chemistry",2
"dairy cows","nutrition",1
"dairy cows","production",1
"diet/veterinary","fertility",1
"diet/veterinary","production",1
"dietary supplements","fertility",1
"dietary supplements","nutrition",1
"dietary supplements","production",1
"fertility","nutrition",1
"fertility","production",1
"milk/chemistry","nutrition",1
"milk/chemistry","production",1
"nutrition","production",1
"beef","buffalo",1
"beef","cheese",1
"beef","dairy cow",1
"beef","fatty acid profile",1
"beef","goat",1
"beef","sheep",2
"buffalo","cheese",1
"buffalo","dairy cow",1
"buffalo","fatty acid profile",1
"buffalo","goat",1
"buffalo","sheep",2
"cheese","goat",1
"dairy cow","goat",1
"dairy cow","sheep",1
"fatty acid profile","goat",1
"fatty acid profile","sheep",1
"animal feed/analysis","environment",4
"animal feed/analysis","precision nutrition",2
"animal feed/analysis","swine",1
"animals","precision nutrition",2
"cattle","precision nutrition",1
"diet/veterinary","precision nutrition",1
"diet/veterinary","swine",1
"environment","precision nutrition",1
"environment","retrospective studies",1
"environment","ruminant",1
"environment","swine",1
"nitrogen/metabolism","precision nutrition",1
"nitrogen/metabolism","retrospective studies",1
"nitrogen/metabolism","ruminant",1
"precision nutrition","retrospective studies",1
"precision nutrition","ruminant",1
"precision nutrition","swine",1
"retrospective studies","ruminant",1
"retrospective studies","swine",1
"ruminant","swine",1
"body weight","eating/physiology",1
"body weight","rumen",1
"body weight","rumen/microbiology",1
"body weight","time factors",2
"cattle/physiology","eating/physiology",2
"cattle/physiology","rumen/microbiology",1
"eating/physiology","methane/metabolism",1
"eating/physiology","rumen",1
"eating/physiology","rumen/microbiology",1
"eating/physiology","time factors",1
"lactation/physiology","rumen/microbiology",1
"rumen","time factors",1
"rumen/microbiology","time factors",1
"behaviour","sheep",1
"agriculture/statistics & numerical data","agroecology",1
"agriculture/statistics & numerical data","buffaloes",1
"agriculture/statistics & numerical data","cattle",1
"agriculture/statistics & numerical data","chickens",1
"agriculture/statistics & numerical data","goats",1
"agriculture/statistics & numerical data","horses",1
"agriculture/statistics & numerical data","livestock",1
"agriculture/statistics & numerical data","population density",1
"agriculture/statistics & numerical data","risk factors",1
"agriculture/statistics & numerical data","sheep",1
"agriculture/statistics & numerical data","swine",1
"agroecology","buffaloes",1
"agroecology","cattle",1
"agroecology","chickens",1
"agroecology","goats",1
"agroecology","horses",1
"agroecology","population density",1
"agroecology","risk factors",1
"agroecology","sheep",1
"agroecology","swine",1
"buffaloes","chickens",1
"buffaloes","horses",1
"buffaloes","livestock",1
"buffaloes","population density",1
"buffaloes","risk factors",1
"buffaloes","swine",1
"cattle","chickens",2
"cattle","population density",1
"chickens","goats",1
"chickens","horses",1
"chickens","population density",1
"chickens","sheep",1
"chickens","swine",2
"goats","horses",1
"goats","livestock",1
"goats","population density",1
"goats","risk factors",2
"goats","swine",1
"horses","livestock",2
"horses","population density",1
"horses","risk factors",1
"livestock","population density",2
"livestock","risk factors",1
"population density","risk factors",1
"population density","sheep",1
"population density","swine",1
"risk factors","swine",1
"chickens/growth & development","immunity",1
"agriculture","technologies",1
"digital livestock transformation","technologies",2
"animal husbandry/methods","cattle/genetics",1
"animal husbandry/methods","gene regulatory networks",1
"animals","gene regulatory networks",4
"cattle/genetics","gene regulatory networks",1
"animals","soil/chemistry",6
"biodiversity","grassland",4
"biodiversity","herbivory",1
"biodiversity","south africa",1
"ecosystem","herbivory",2
"grassland","nitrogen/analysis",1
"grassland","soil/chemistry",5
"grassland","south africa",2
"herbivory","nitrogen/analysis",1
"herbivory","soil/chemistry",3
"herbivory","south africa",1
"soil/chemistry","south africa",1
"age factors","animal feed",2
"age factors","animal nutritional physiological phenomena",2
"age factors","cattle",2
"age factors","dietary supplements",1
"age factors","grassland",1
"age factors","seasons",1
"animal feed","dietary supplements",2
"animal feed","grassland",1
"animal feed","seasons",1
"animal husbandry/methods","dietary supplements",1
"animal husbandry/methods","grassland",2
"animal husbandry/methods","seasons",4
"animal nutritional physiological phenomena","grassland",1
"animal nutritional physiological phenomena","seasons",1
"dietary supplements","grassland",1
"dietary supplements","seasons",1
"grassland","seasons",5
"animal feed/analysis","digestion/drug effects",8
"animal nutritional physiological phenomena","digestion/drug effects",4
"animal nutritional physiological phenomena","eating",3
"animal nutritional physiological phenomena","feedlot",1
"digestion/drug effects","eating",1
"digestion/drug effects","feedlot",1
"digestion/drug effects","fermentation",3
"digestion/drug effects","rumen/metabolism",3
"eating","feedlot",1
"eating","fermentation",1
"conservation","disease",1
"diversity","energy consumption",2
"diversity","environment",2
"diversity","remote sensing",2
"diversity","sustainable development",2
"energy consumption","environment",2
"energy consumption","remote sensing",2
"energy consumption","sustainable development",2
"environment","remote sensing",2
"remote sensing","sustainable development",3
"biotechnology","sustainability",1
"biotechnology","synthetic biology",1
"sustainability","synthetic biology",1
"climate resilience","europe",2
"europe","grassland",1
"europe","livestock",2
"europe","manure",1
"europe","soil/chemistry",2
"grassland","livestock",4
"grassland","manure",1
"livestock","soil/chemistry",2
"agriculture","dairying/methods",2
"agriculture","milk",3
"dairy cattle","farmers",1
"dairy cattle","livestock",1
"dairy cattle","milk",2
"dairy cattle","technology",1
"dairying/methods","livestock",2
"farmers","welfare",2
"farms","welfare",1
"health","technology",1
"milk","welfare",2
"animal feed/analysis","poultry/physiology",3
"animal husbandry/methods","microalgae",1
"animal husbandry/methods","poultry/physiology",5
"animal nutritional physiological phenomena","poultry/physiology",2
"animals","poultry/physiology",5
"microalgae","poultry/physiology",1
"machine learning","sheep",5
"machine learning","xgboost",3
"random forest","sheep",1
"random forest","xgboost",2
"sheep","xgboost",1
"animal husbandry/methods","animal production",2
"animal husbandry/methods","animals, wild",1
"animal husbandry/methods","climate resilience",7
"animal husbandry/methods","tropical climate",3
"animal production","animals",2
"animal production","animals, wild",1
"animal production","climate resilience",1
"animal production","conservation of natural resources",1
"animal production","tropical climate",1
"animals, wild","climate resilience",1
"animals, wild","tropical climate",1
"climate resilience","tropical climate",1
"algorithms","big data",2
"australia","cattle",2
"australia","cattle/physiology",1
"australia","environmental monitoring",1
"australia","grassland",1
"australia","methane",3
"australia","methane/analysis",1
"cattle","methane/analysis",3
"cattle/physiology","environmental monitoring",1
"cattle/physiology","grassland",3
"grassland","methane",1
"grassland","methane/analysis",2
"climate resilience","health",1
"food security","health",1
"food security","policy",1
"health","policy",2
"digestion","greenhouse gas",1
"greenhouse gas","lactation",1
"greenhouse gas","methane",3
"greenhouse gas","milk",2
"greenhouse gas","ruminant",2
"greenhouse gas","zea mays",1
"milk","silage/analysis",1
"rumen","ruminant",1
"renewable energy","smart farm",1
"carbon dioxide","climate resilience",1
"carbon dioxide","global warming",1
"carbon dioxide","greenhouse gas",1
"climate resilience","global warming",2
"climate resilience","greenhouse gas",2
"global warming","greenhouse gas",2
"adaptation","anaerobic digestion",1
"adaptation","india",1
"adaptation","resilience",2
"anaerobic digestion","environment",1
"anaerobic digestion","india",1
"anaerobic digestion","mitigation",1
"anaerobic digestion","resilience",1
"anaerobic digestion","sustainability",1
"environment","india",1
"environment","mitigation",3
"india","mitigation",1
"india","resilience",1
"india","sustainability",1
"mitigation","resilience",1
"mitigation","sustainability",1
"adaptation","animals",5
"adaptation","biodiversity",1
"adaptation","ecology",1
"adaptation","ecosystem",1
"adaptation","farms",1
"agriculture","ecology",1
"agriculture","resilience",2
"animals","ecology",3
"biodiversity","ecology",1
"biodiversity","farms",1
"biodiversity","resilience",1
"ecology","ecosystem",3
"ecology","farms",1
"ecology","resilience",1
"ecosystem","resilience",1
"developing countries","genomics",1
"anti-bacterial agents/pharmacology","bacteria/genetics",2
"anti-bacterial agents/pharmacology","bioinformatics",1
"anti-bacterial agents/pharmacology","environment",1
"bacteria/genetics","bioinformatics",1
"bacteria/genetics","environment",1
"bioinformatics","environment",1
"cattle","developing countries",1
"dairying/methods","developing countries",1
"developing countries","farmers",1
"air pollutants/analysis","ammonia/analysis",2
"air pollutants/analysis","animal husbandry/methods",3
"air pollutants/analysis","cattle",3
"air pollutants/analysis","housing, animal",4
"air pollutants/analysis","microclimate",1
"air pollutants/analysis","models, biological",1
"air pollutants/analysis","temperature",2
"ammonia/analysis","animal husbandry/methods",1
"ammonia/analysis","cattle",2
"ammonia/analysis","microclimate",1
"ammonia/analysis","models, biological",1
"animal husbandry/methods","microclimate",2
"animals","microclimate",2
"cattle","manure/analysis",2
"cattle","microclimate",1
"cattle","models, biological",3
"housing, animal","manure/analysis",1
"housing, animal","microclimate",2
"housing, animal","models, biological",1
"housing, animal","temperature",3
"manure/analysis","microclimate",1
"manure/analysis","models, biological",1
"microclimate","models, biological",1
"microclimate","temperature",1
"models, biological","temperature",2
"animal husbandry","hot temperature",1
"animal husbandry","humidity",1
"animal husbandry","tropical climate",2
"cattle/physiology","humidity",2
"cattle/physiology","tropical climate",1
"hot temperature","tropical climate",2
"humidity","tropical climate",3
"ecosystem services","environmental impact",1
"ecosystem services","extensive farming",1
"ecosystem services","plf",1
"environmental impact","extensive farming",1
"environmental impact","plf",1
"algorithms","image processing, computer-assisted/methods",2
"algorithms","neural networks, computer",5
"cattle","image processing, computer-assisted/methods",2
"cattle","neural networks, computer",2
"image processing, computer-assisted/methods","neural networks, computer",2
"behavior","digestion",1
"behavior","eating",2
"behavior","rumen/physiology",1
"digestion","rumen/physiology",1
"eating","rumen/physiology",1
"age factors","body weight",2
"age factors","goats",1
"age factors","metabolites",1
"age factors","time factors",1
"body weight","goats",1
"body weight","metabolites",1
"goats","metabolites",1
"goats","time factors",1
"metabolites","time factors",1
"ai","body weight",2
"ai","selection, genetic",1
"body weight","computer vision",1
"body weight","livestock",2
"body weight","machine learning",5
"body weight","selection, genetic",1
"computer vision","livestock",3
"livestock","selection, genetic",1
"agriculture","review",1
"agriculture","synthetic biology",1
"agriculture/methods","review",1
"agriculture/methods","synthetic biology",1
"review","synthetic biology",1
"farms","milk production",1
"farms","nutrient management",1
"milk production","nutrient management",1
"environmental sustainability","resilience",1
"environmental sustainability","synthetic biology",1
"resilience","synthetic biology",1
"cattle","global warming",3
"cattle","greenhouse gases/analysis",1
"cattle","sustainable development",1
"global warming","greenhouse gases",1
"global warming","greenhouse gases/analysis",2
"global warming","reproduction",1
"global warming","sustainable development",1
"greenhouse gases","greenhouse gases/analysis",1
"greenhouse gases","reproduction",1
"greenhouse gases","sustainable development",2
"greenhouse gases/analysis","reproduction",1
"greenhouse gases/analysis","sustainable development",1
"reproduction","sustainable development",1
"biomarkers","eating",1
"biomarkers","heat stress",1
"biomarkers","innovation",1
"biomarkers","rumination",1
"eating","heat stress",1
"eating","innovation",1
"heat stress","innovation",1
"heat stress","rumination",2
"innovation","rumination",1
"forecasting","production",1
"forecasting","ruminant",1
"livestock","production",2
"production","ruminant",1
"broiler","global warming",1
"beef cattle","estrus detection",1
"beef cattle","infrared thermography",1
"estrus detection","infrared thermography",2
"infrared thermography","reproduction",1
"agriculture/methods","crops, agricultural",4
"agriculture/methods","grassland",2
"conservation of natural resources","crops, agricultural",5
"conservation of natural resources","greenhouse gases",2
"crops, agricultural","grassland",1
"crops, agricultural","greenhouse gases",1
"crops, agricultural","soil",1
"grassland","greenhouse gases",1
"greenhouse gases","soil",1
"abattoirs","cattle",1
"abattoirs","cattle diseases/epidemiology",1
"abattoirs","retrospective studies",1
"abattoirs","seasons",1
"cattle diseases/epidemiology","retrospective studies",1
"cattle diseases/epidemiology","seasons",1
"retrospective studies","seasons",1
"animals","surveillance",5
"influenza in birds/epidemiology","spatio-temporal analysis",1
"influenza in birds/epidemiology","surveillance",1
"models, theoretical","surveillance",1
"poultry","spatio-temporal analysis",1
"poultry","surveillance",2
"spatio-temporal analysis","surveillance",2
"biomarkers/metabolism","cattle",2
"biomarkers/metabolism","cell line",1
"biomarkers/metabolism","mice",1
"cattle","cell line",1
"cattle","mice",2
"cell line","mice",1
"animal husbandry","dairying/methods",1
"animal husbandry","housing, animal",2
"cattle/physiology","housing, animal",3
"broiler chicken","feed efficiency",1
"broiler chicken","meat quality",1
"broiler chicken","nutrition",2
"feed efficiency","meat quality",1
"feed efficiency","nutrition",1
"agriculture","avian influenza",1
"agriculture","influenza in birds/epidemiology",1
"agriculture","poultry",2
"agriculture","risk factors",1
"agriculture","spatial analysis",2
"avian influenza","poultry",2
"avian influenza","spatial analysis",1
"influenza in birds/epidemiology","spatial analysis",1
"poultry","spatial analysis",1
"risk factors","spatial analysis",1
"animal distribution","italy",1
"animal distribution","ndvi",1
"animal distribution","remote sensing",1
"animals","ndvi",1
"climate resilience","italy",1
"climate resilience","ndvi",1
"climate resilience","remote sensing",2
"ecosystem","italy",1
"ecosystem","models, biological",2
"italy","models, biological",1
"italy","ndvi",1
"italy","remote sensing",1
"models, biological","ndvi",1
"models, biological","remote sensing",1
"ndvi","remote sensing",1
"gwas","heritability",1
"animal husbandry/methods","farmers",4
"animal husbandry/methods","health",3
"animal husbandry/methods","perception",1
"animal husbandry/methods","poultry diseases/prevention & control",1
"animal welfare","poultry diseases/prevention & control",1
"chickens","farmers",1
"chickens","health",2
"chickens","laying hen",1
"chickens","perception",1
"chickens","poultry diseases/prevention & control",1
"chickens","welfare",1
"farmers","laying hen",1
"farmers","poultry",2
"farmers","poultry diseases/prevention & control",1
"health","laying hen",1
"health","perception",1
"laying hen","perception",1
"laying hen","poultry diseases/prevention & control",1
"laying hen","welfare",2
"perception","poultry",1
"perception","poultry diseases/prevention & control",1
"perception","welfare",1
"computer vision","sensors",1
"chickens/physiology","microbiome",1
"animals","risk assessment",2
"biosecurity","cross-sectional studies",1
"biosecurity","farms",1
"biosecurity","risk assessment",1
"biosecurity","surveys and questionnaires",1
"cattle","cross-sectional studies",5
"cattle","risk assessment",1
"cross-sectional studies","dairying/methods",3
"cross-sectional studies","farms",1
"cross-sectional studies","risk assessment",1
"dairying/methods","risk assessment",1
"farms","risk assessment",1
"farms","surveys and questionnaires",3
"risk assessment","surveys and questionnaires",1
"climate resilience","nutrition",1
"food security","nutrition",1
"animal feed","energy metabolism",1
"animal feed","feeding behavior",3
"animal feed","inflammation",1
"animal feed","oxidation-reduction",1
"animal feed","swine/physiology",1
"diet/veterinary","oxidation-reduction",2
"eating","inflammation",1
"eating","nitrogen/metabolism",1
"eating","oxidation-reduction",1
"eating","swine/physiology",1
"energy metabolism","inflammation",1
"energy metabolism","nitrogen/metabolism",1
"energy metabolism","oxidation-reduction",1
"feeding behavior","inflammation",1
"feeding behavior","nitrogen/metabolism",1
"feeding behavior","oxidation-reduction",1
"feeding behavior","swine/physiology",1
"inflammation","nitrogen/metabolism",1
"inflammation","oxidation-reduction",1
"inflammation","residual feed intake",1
"inflammation","swine/physiology",1
"nitrogen/metabolism","oxidation-reduction",1
"nitrogen/metabolism","residual feed intake",1
"nitrogen/metabolism","swine/physiology",1
"oxidation-reduction","residual feed intake",1
"oxidation-reduction","swine/physiology",1
"residual feed intake","swine/physiology",1
"animal feed/analysis","biomarkers",1
"animal feed/analysis","dairy sheep",1
"animal feed/analysis","sheep/physiology",4
"animal feed/analysis","transcriptomics",1
"animal nutritional physiological phenomena","dairy sheep",1
"animal nutritional physiological phenomena","milk/metabolism",2
"animal nutritional physiological phenomena","sheep/physiology",4
"animal nutritional physiological phenomena","transcriptomics",1
"biomarkers","dairy sheep",1
"biomarkers","feed efficiency",1
"biomarkers","lactation",2
"biomarkers","machine learning",2
"biomarkers","milk/metabolism",1
"biomarkers","sheep/physiology",1
"biomarkers","transcriptome",1
"biomarkers","transcriptomics",1
"dairy sheep","dairying",1
"dairy sheep","diet/veterinary",1
"dairy sheep","feed efficiency",1
"dairy sheep","lactation",1
"dairy sheep","machine learning",1
"dairy sheep","milk/metabolism",1
"dairy sheep","sheep/physiology",1
"dairy sheep","transcriptome",1
"dairy sheep","transcriptomics",1
"dairying","feed efficiency",2
"dairying","sheep/physiology",1
"dairying","transcriptome",1
"dairying","transcriptomics",1
"diet/veterinary","sheep/physiology",4
"diet/veterinary","transcriptomics",1
"feed efficiency","sheep/physiology",1
"feed efficiency","transcriptome",1
"feed efficiency","transcriptomics",1
"lactation","sheep/physiology",1
"lactation","transcriptome",2
"lactation","transcriptomics",1
"machine learning","milk/metabolism",3
"machine learning","sheep/physiology",1
"machine learning","transcriptome",1
"machine learning","transcriptomics",1
"milk/metabolism","sheep/physiology",1
"milk/metabolism","transcriptome",2
"milk/metabolism","transcriptomics",1
"sheep/physiology","transcriptome",1
"sheep/physiology","transcriptomics",1
"apoptosis","avian proteins/metabolism",1
"apoptosis","chickens/physiology",1
"apoptosis","energy metabolism",1
"avian proteins/metabolism","energy metabolism",1
"australia","cow",1
"australia","dairying",2
"australia","fertility",1
"australia","genomics",1
"australia","meat",1
"australia","quantitative trait, heritable",1
"australia","semen analysis/veterinary",1
"australia","united kingdom",1
"breeding","cow",1
"breeding","fertility",2
"breeding","semen analysis/veterinary",1
"breeding","united kingdom",1
"cattle/genetics","cow",1
"cattle/genetics","fertility",2
"cattle/genetics","meat",1
"cattle/genetics","semen analysis/veterinary",1
"cattle/genetics","united kingdom",1
"cow","dairying",1
"cow","fertility",1
"cow","meat",1
"cow","quantitative trait, heritable",1
"cow","semen analysis/veterinary",1
"cow","united kingdom",1
"dairying","fertility",3
"dairying","genomics",1
"dairying","meat",1
"dairying","quantitative trait, heritable",1
"dairying","semen analysis/veterinary",1
"fertility","genomics",2
"fertility","meat",1
"fertility","quantitative trait, heritable",1
"fertility","semen analysis/veterinary",1
"fertility","united kingdom",1
"genomics","meat",2
"genomics","quantitative trait, heritable",3
"genomics","semen analysis/veterinary",1
"genomics","united kingdom",1
"meat","quantitative trait, heritable",1
"meat","semen analysis/veterinary",1
"meat","united kingdom",1
"quantitative trait, heritable","semen analysis/veterinary",1
"quantitative trait, heritable","united kingdom",1
"semen analysis/veterinary","united kingdom",1
"chickens","image processing, computer-assisted/methods",2
"chickens","machine learning",4
"image processing, computer-assisted/methods","meat/analysis",1
"machine learning","meat/analysis",1
"environment","influenza in birds/epidemiology",1
"farms","risk factors",1
"animal feed","automation",1
"animal feed","behavior, animal",2
"animal feed","cattle/physiology",2
"animal feed","dairying/methods",2
"animal feed","housing, animal",1
"animal feed","logistic models",1
"animal feed","time factors",2
"automation","behavior, animal",1
"automation","dairying/methods",3
"automation","feeding behavior",1
"automation","housing, animal",1
"automation","logistic models",1
"behavior, animal","logistic models",1
"cattle/physiology","logistic models",1
"dairying/methods","logistic models",1
"feeding behavior","housing, animal",1
"feeding behavior","logistic models",1
"feeding behavior","time factors",2
"housing, animal","logistic models",1
"housing, animal","time factors",2
"logistic models","time factors",1
"gut microbiota","livestock",1
"gut microbiota","ruminants",2
"agriculture","aquaculture",1
"agriculture","greenhouse gas",2
"agriculture","renewable energy",2
"aquaculture","greenhouse gas",1
"aquaculture","renewable energy",1
"greenhouse gas","renewable energy",1
"behavior, animal/physiology","ecosystem",1
"behavior, animal/physiology","geographic information systems",1
"behavior, animal/physiology","sheep/physiology",1
"ecosystem","sheep/physiology",2
"geographic information systems","sheep/physiology",1
"body temperature","sensors",1
"dairy cow","temperature-humidity index",2
"animal nutritional physiological phenomena","animal welfare",1
"animal nutritional physiological phenomena","body weight",2
"animal nutritional physiological phenomena","cattle diseases/diagnosis",1
"animal nutritional physiological phenomena","cattle/genetics",1
"animal nutritional physiological phenomena","dairying/economics",1
"animal nutritional physiological phenomena","estrus detection",1
"animal nutritional physiological phenomena","lameness, animal/diagnosis",1
"animal nutritional physiological phenomena","monitoring, physiologic/instrumentation",1
"animal nutritional physiological phenomena","plf",2
"animal nutritional physiological phenomena","pregnancy",1
"animal nutritional physiological phenomena","productivity",1
"animal nutritional physiological phenomena","reproduction",1
"animal nutritional physiological phenomena","welfare",1
"animal welfare","body weight",2
"animal welfare","eating",1
"animal welfare","estrus detection",1
"animal welfare","lactation/physiology",3
"animal welfare","pregnancy",3
"animal welfare","productivity",1
"animal welfare","reproduction",1
"body weight","cattle diseases/diagnosis",1
"body weight","cattle/genetics",2
"body weight","dairying/economics",1
"body weight","estrus detection",1
"body weight","lameness, animal/diagnosis",1
"body weight","monitoring, physiologic/instrumentation",1
"body weight","plf",1
"body weight","productivity",1
"body weight","welfare",1
"cattle diseases/diagnosis","cattle/genetics",1
"cattle diseases/diagnosis","eating",2
"cattle diseases/diagnosis","estrus detection",1
"cattle diseases/diagnosis","lactation/physiology",1
"cattle diseases/diagnosis","monitoring, physiologic/instrumentation",1
"cattle diseases/diagnosis","pregnancy",2
"cattle diseases/diagnosis","reproduction",2
"cattle/genetics","estrus detection",1
"cattle/genetics","lactation/physiology",1
"cattle/genetics","lameness, animal/diagnosis",1
"cattle/genetics","monitoring, physiologic/instrumentation",1
"cattle/genetics","plf",2
"cattle/genetics","productivity",1
"cattle/genetics","welfare",1
"dairying/economics","eating",1
"dairying/economics","estrus detection",1
"dairying/economics","lactation/physiology",1
"dairying/economics","monitoring, physiologic/instrumentation",1
"dairying/economics","plf",1
"dairying/economics","pregnancy",2
"dairying/economics","productivity",1
"eating","estrus detection",1
"eating","lameness, animal/diagnosis",1
"eating","monitoring, physiologic/instrumentation",1
"eating","plf",1
"eating","productivity",1
"eating","reproduction",1
"eating","welfare",1
"estrus detection","lactation/physiology",1
"estrus detection","lameness, animal/diagnosis",1
"estrus detection","monitoring, physiologic/instrumentation",1
"estrus detection","pregnancy",2
"estrus detection","productivity",1
"estrus detection","welfare",1
"lactation/physiology","lameness, animal/diagnosis",1
"lactation/physiology","monitoring, physiologic/instrumentation",1
"lactation/physiology","productivity",1
"lactation/physiology","reproduction",1
"lactation/physiology","welfare",1
"lameness, animal/diagnosis","monitoring, physiologic/instrumentation",1
"lameness, animal/diagnosis","pregnancy",1
"lameness, animal/diagnosis","productivity",1
"lameness, animal/diagnosis","reproduction",1
"lameness, animal/diagnosis","welfare",2
"monitoring, physiologic/instrumentation","productivity",1
"monitoring, physiologic/instrumentation","reproduction",1
"plf","pregnancy",3
"plf","productivity",1
"plf","reproduction",2
"pregnancy","productivity",1
"pregnancy","welfare",2
"productivity","reproduction",1
"reproduction","welfare",1
"laying hens","microalgae",1
"chickens","reproducibility of results",2
"poultry diseases/virology","reproducibility of results",1
"reproducibility of results","sensitivity and specificity",1
"animal feed","climate resilience",1
"animal feed","hot temperature",2
"animal feed","nitrogen/analysis",1
"animal feed","soil/chemistry",1
"animal feed","water",1
"cattle","nitrogen/analysis",1
"cattle","soil/chemistry",1
"climate resilience","hot temperature",2
"climate resilience","nitrogen/analysis",1
"hot temperature","nitrogen/analysis",1
"hot temperature","soil/chemistry",1
"hot temperature","water",1
"nitrogen/analysis","water",1
"soil/chemistry","water",2
"pigs","poultry",1
"beef cattle","behavior, animal/physiology",1
"beef cattle","dairying",1
"beef cattle","parturition",1
"beef cattle","pregnancy",1
"beef cattle","temperature",1
"behavior","parturition",2
"behavior","pregnancy",2
"behavior","seasons",1
"behavior","temperature",1
"behavior, animal/physiology","dairying",1
"behavior, animal/physiology","parturition",2
"behavior, animal/physiology","pregnancy",2
"behavior, animal/physiology","seasons",1
"behavior, animal/physiology","temperature",1
"cattle/physiology","parturition",3
"dairying","parturition",1
"parturition","seasons",1
"parturition","temperature",1
"parturition","time factors",1
"pregnancy","seasons",2
"pregnancy","temperature",2
"consumer behavior","italy",1
"consumer behavior","sheep",2
"consumer behavior","taste",1
"italy","milk",1
"italy","taste",1
"milk","taste",2
"sheep","taste",1
"dairy","mastitis, bovine/diagnosis",1
"dairying/methods","mastitis, bovine/diagnosis",3
"bioenergy","gis",1
"adult","breeding",1
"nutrition","transcriptomics",1
"nutrition","weaning",1
"transcriptomics","weaning",1
"air pollutants/metabolism","body weight",1
"air pollutants/metabolism","cattle/genetics",2
"air pollutants/metabolism","dairy cattle",1
"air pollutants/metabolism","heritability",1
"air pollutants/metabolism","milk/chemistry",1
"air pollutants/metabolism","phenotype",1
"air pollutants/metabolism","spectroscopy, fourier transform infrared/veterinary",1
"body weight","dairying/methods",1
"body weight","heritability",1
"body weight","milk/chemistry",1
"body weight","phenotype",1
"body weight","spectroscopy, fourier transform infrared/veterinary",1
"cattle/genetics","heritability",2
"cattle/genetics","methane/metabolism",5
"cattle/genetics","spectroscopy, fourier transform infrared/veterinary",1
"dairy cattle","heritability",1
"dairying/methods","heritability",3
"dairying/methods","milk/chemistry",5
"dairying/methods","spectroscopy, fourier transform infrared/veterinary",1
"heritability","methane",1
"heritability","methane/metabolism",1
"heritability","milk/chemistry",1
"heritability","phenotype",1
"heritability","spectroscopy, fourier transform infrared/veterinary",1
"methane","spectroscopy, fourier transform infrared/veterinary",1
"methane/metabolism","phenotype",3
"methane/metabolism","spectroscopy, fourier transform infrared/veterinary",1
"biodiversity","multivariate analysis",1
"environment","multivariate analysis",1
"environment","soil/chemistry",1
"multivariate analysis","soil/chemistry",2
"bacteria/genetics","china",1
"bacteria/genetics","fertilizers",1
"bacteria/genetics","nitrogen",1
"bacteria/genetics","water",1
"china","fertilizers",1
"china","nitrogen",1
"china","soil microbiology",1
"china","soil/chemistry",3
"china","water",1
"fertilizers","nitrogen",1
"fertilizers","soil microbiology",1
"fertilizers","water",1
"nitrogen","soil microbiology",1
"nitrogen","soil/chemistry",1
"nitrogen","water",1
"soil microbiology","water",1
"cattle/physiology","china",1
"cattle/physiology","herbivory",1
"cattle/physiology","population dynamics",1
"cattle/physiology","soil/chemistry",1
"china","herbivory",1
"china","population dynamics",1
"population dynamics","soil/chemistry",1
"automation","cattle",3
"automation","cattle diseases/epidemiology",1
"automation","diagnosis",1
"automation","ruminants",2
"cattle diseases/epidemiology","diagnosis",1
"cattle diseases/epidemiology","ruminants",1
"cattle","metabolome",3
"cattle","pasture",2
"dairying/methods","metabolome",1
"dairying/methods","pasture",1
"diet/veterinary","farms",1
"farms","metabolome",1
"farms","milk/chemistry",1
"farms","seasons",1
"lactation","metabolome",2
"metabolome","milk/chemistry",2
"metabolome","pasture",1
"metabolome","pregnancy",1
"metabolome","seasons",1
"milk/chemistry","pasture",1
"milk/chemistry","seasons",1
"pasture","pregnancy",1
"dairy cows","heat stress",4
"dairy cows","microclimate",1
"heat stress","microclimate",1
"animal husbandry/methods","avian influenza",1
"animal husbandry/methods","disease outbreaks/veterinary",1
"animal husbandry/methods","influenza in birds/epidemiology",1
"animal husbandry/methods","poultry diseases/virology",1
"avian influenza","chickens",1
"avian influenza","poultry diseases/virology",1
"avian influenza","salmonella",1
"chickens","disease outbreaks/veterinary",1
"chickens","influenza in birds/epidemiology",1
"chickens","salmonella",3
"disease outbreaks/veterinary","poultry diseases/virology",1
"disease outbreaks/veterinary","salmonella",1
"influenza in birds/epidemiology","poultry diseases/virology",1
"influenza in birds/epidemiology","salmonella",1
"poultry diseases/virology","salmonella",1
"diagnosis","genetic diversity",1
"animals","biotechnology",1
"biotechnology","food security",1
"biotechnology","genome",1
"biotechnology","genomics",1
"biotechnology","genomics/methods",1
"biotechnology","plant breeding",1
"biotechnology","selective breeding",1
"food security","genome",1
"food security","genomics",1
"food security","genomics/methods",1
"food security","plant breeding",1
"food security","selective breeding",1
"genome","genomics/methods",2
"genome","plant breeding",1
"genome","selective breeding",1
"genomics","genomics/methods",1
"genomics","plant breeding",1
"genomics","selective breeding",2
"genomics/methods","plant breeding",1
"genomics/methods","selective breeding",1
"plant breeding","selective breeding",1
"animals","pakistan",1
"climate resilience","goats/physiology",1
"climate resilience","models, theoretical",3
"climate resilience","pakistan",1
"climate resilience","sheep/physiology",2
"ecosystem","goats/physiology",2
"goats/physiology","models, theoretical",1
"goats/physiology","pakistan",1
"models, theoretical","pakistan",1
"models, theoretical","sheep/physiology",1
"pakistan","sheep/physiology",1
"aquaculture","microbiota",1
"animal feed/analysis","greenhouse gas",1
"cattle","digestion/drug effects",1
"digestion/drug effects","methane/metabolism",3
"digestion/drug effects","ruminant",2
"greenhouse gas","methane/metabolism",2
"methane/metabolism","ruminant",2
"drinking water","environmental monitoring",2
"drinking water","kenya",1
"drinking water","reproducibility of results",1
"drinking water","water",2
"drinking water","water supply",1
"environmental monitoring","reproducibility of results",1
"environmental monitoring","water",3
"environmental monitoring","water supply",1
"kenya","reproducibility of results",1
"kenya","water",1
"kenya","water supply",1
"reproducibility of results","water",1
"reproducibility of results","water supply",1
"water","water supply",1
"food security","greenhouse gases",2
"food security","livestock",2
"food security","technology",1
"greenhouse gases","livestock",3
"greenhouse gases","technology",1
"sustainability","technology",2
"behavior","physiology",1
"health","physiology",2
"health","production",2
"heat stress","physiology",2
"heat stress","production",1
"physiology","production",1
"physiology","welfare",2
"animal welfare","breeding",2
"animal welfare","gene expression profiling",1
"animal welfare","genomics/methods",1
"animal welfare","livestock/genetics",1
"animal welfare","metabolomics",1
"animal welfare","proteomics",2
"breeding","gene expression profiling",1
"breeding","genomics/methods",4
"breeding","metabolomics",1
"breeding","proteomics",1
"gene expression profiling","genomics/methods",1
"gene expression profiling","livestock/genetics",1
"gene expression profiling","metabolomics",1
"gene expression profiling","proteomics",1
"genomics/methods","metabolomics",1
"genomics/methods","proteomics",1
"livestock/genetics","metabolomics",1
"livestock/genetics","proteomics",1
"metabolomics","proteomics",4
"animal feed/analysis","time factors",1
"diet/veterinary","time factors",2
"digestibility","digestion/drug effects",1
"digestibility","sheep/physiology",1
"digestibility","time factors",1
"digestion/drug effects","sheep/physiology",2
"digestion/drug effects","time factors",1
"sheep/physiology","time factors",1
"genetics","heritability",1
"bibliometric analysis","bibliometrics",2
"bibliometric analysis","internet of things",1
"bibliometric analysis","supply chain",1
"bibliometrics","internet of things",1
"bibliometrics","supply chain",1
"internet of things","supply chain",1
"brazil","ecosystem",2
"brazil","environment",2
"brazil","uncertainty",1
"conservation of natural resources/methods","uncertainty",1
"ecosystem","uncertainty",1
"environment","uncertainty",1
"disease","surveillance",1
"age factors","fatty acids/analysis",1
"age factors","milk",1
"age factors","nutritional status",1
"age factors","random allocation",1
"age factors","rumen/chemistry",1
"age factors","weaning",1
"animal feed","nutritional status",1
"animal feed","rumen/chemistry",1
"animal feed","weaning",1
"animal nutritional physiological phenomena","fatty acids/analysis",2
"animal nutritional physiological phenomena","rumen/chemistry",1
"animal nutritional physiological phenomena","weaning",1
"body weight","fatty acids/analysis",1
"body weight","nutritional status",1
"body weight","random allocation",1
"body weight","rumen/chemistry",1
"cattle","nutritional status",3
"fatty acids/analysis","milk",1
"fatty acids/analysis","nutritional status",1
"fatty acids/analysis","random allocation",2
"fatty acids/analysis","rumen/chemistry",1
"fatty acids/analysis","weaning",1
"milk","nutritional status",1
"milk","random allocation",1
"milk","rumen/chemistry",1
"milk","weaning",3
"nutritional status","random allocation",1
"nutritional status","rumen/chemistry",1
"nutritional status","weaning",1
"random allocation","rumen/chemistry",1
"rumen/chemistry","weaning",1
"behavior","body temperature",1
"behavior","postpartum period",1
"behavior","resilience",1
"behavior","transition period",1
"behavior, animal","body temperature",1
"behavior, animal","eating",1
"behavior, animal","parturition",1
"behavior, animal","postpartum period",1
"behavior, animal","pregnancy",1
"behavior, animal","resilience",1
"behavior, animal","transition period",1
"body temperature","dairy cow",1
"body temperature","parturition",1
"body temperature","postpartum period",1
"body temperature","pregnancy",1
"body temperature","resilience",1
"body temperature","transition period",1
"cattle/physiology","postpartum period",1
"cattle/physiology","resilience",2
"cattle/physiology","transition period",1
"dairy cow","parturition",1
"eating","parturition",2
"eating","postpartum period",1
"eating","resilience",2
"eating","transition period",2
"lactation","parturition",2
"parturition","resilience",2
"parturition","transition period",2
"postpartum period","resilience",1
"postpartum period","transition period",1
"pregnancy","resilience",3
"resilience","transition period",2
"cattle","disease outbreaks/veterinary",2
"cattle","models, theoretical",4
"disease outbreaks/veterinary","ecosystem",2
"disease outbreaks/veterinary","machine learning",1
"ecosystem","risk factors",1
"machine learning","risk factors",1
"aquaculture","deep learning",1
"adaptation","biomarkers",1
"adaptation","breeding",1
"adaptation","gwas",1
"adaptation","livestock/genetics",1
"animals","gwas",1
"biomarkers","breeding",1
"biomarkers","climate resilience",1
"biomarkers","gwas",1
"biomarkers","sustainability",1
"breeding","gwas",1
"climate resilience","gwas",1
"climate resilience","livestock/genetics",1
"gwas","livestock/genetics",1
"gwas","sustainability",1
"dairy cows","reproduction",1
"mastitis","milk",1
"mastitis","reproduction",1
"environmental monitoring","sustainable development",1
"agriculture/methods","solar energy",1
"crops, agricultural/growth & development","solar energy",1
"broiler","production performance",1
"broiler","welfare",2
"animal welfare","tropical climate",1
"biodiversity","remote sensing technology",1
"biodiversity","wood",1
"ecosystem","wood",1
"grassland","wood",1
"remote sensing technology","wood",1
"chicken","climate resilience",1
"deep learning","smart farm",1
"antimicrobial resistance","cattle diseases",1
"antimicrobial resistance","goats",1
"antimicrobial resistance","ruminants",1
"cattle diseases","goats",1
"cattle diseases","mastitis, bovine/microbiology",1
"cattle diseases","milk/microbiology",1
"cattle diseases","ruminants",1
"goats","mastitis, bovine/microbiology",1
"goats","milk/microbiology",1
"mastitis, bovine/microbiology","ruminants",1
"milk/microbiology","ruminants",1
"behavior recognition","cow behavior",2
"behavior recognition","deep learning",2
"cow behavior","deep learning",1
"avian proteins/metabolism","broiler chicken",1
"avian proteins/metabolism","chick embryo",1
"avian proteins/metabolism","hot temperature",1
"broiler chicken","chick embryo",1
"broiler chicken","hot temperature",1
"chick embryo","chickens/physiology",1
"chick embryo","hot temperature",2
"chickens/physiology","hot temperature",4
"animal welfare","environmental sustainability",1
"animal welfare","public health",1
"consumer behavior","environmental sustainability",1
"consumer behavior","public health",1
"environmental sustainability","public health",1
"cold stress","immune response",1
"cold stress","laying hens",1
"immune response","laying hens",1
"cattle","metabolomics",3
"cattle diseases/diagnosis","dairy cattle",1
"cattle diseases/diagnosis","machine learning",4
"cattle diseases/diagnosis","metabolomics",1
"dairy cattle","lameness, animal/diagnosis",1
"dairy cattle","metabolomics",1
"lactation","lameness, animal/diagnosis",1
"lactation","metabolomics",1
"lameness","machine learning",2
"lameness","metabolomics",1
"lameness, animal/diagnosis","machine learning",2
"lameness, animal/diagnosis","metabolomics",1
"lameness, animal/diagnosis","milk",1
"machine learning","metabolomics",2
"metabolomics","milk",1
"animal monitoring","computer vision",1
"climate resilience","greenhouse effect",4
"climate resilience","greenhouse gases/analysis",4
"climate resilience","methane/analysis",3
"greenhouse effect","greenhouse gases/analysis",4
"greenhouse effect","methane/analysis",2
"greenhouse effect","temperature",1
"greenhouse gases/analysis","methane/analysis",3
"greenhouse gases/analysis","temperature",1
"methane/analysis","temperature",1
"disease","disease resistance/genetics",1
"agriculture","india",2
"climate resilience","environmental monitoring/methods",4
"climate resilience","india",2
"climate resilience","satellite imagery",3
"conservation of natural resources","india",1
"conservation of natural resources","machine learning",1
"conservation of natural resources","satellite imagery",4
"conservation of natural resources","soil/chemistry",2
"environmental monitoring/methods","india",2
"environmental monitoring/methods","satellite imagery",4
"india","machine learning",2
"india","satellite imagery",1
"india","soil/chemistry",1
"machine learning","soil/chemistry",1
"satellite imagery","soil/chemistry",1
"plf","precision agriculture",1
"climate resilience","remote sensing technology",2
"conservation of natural resources","remote sensing technology",1
"environmental monitoring/methods","grassland",1
"grassland","remote sensing",1
"remote sensing","remote sensing technology",2
"remote sensing","soil/chemistry",1
"remote sensing technology","soil/chemistry",2
"agriculture","breeding",2
"agriculture","genomics",1
"agriculture","surveys and questionnaires",1
"breeding","surveys and questionnaires",1
"genomics","surveys and questionnaires",1
"accelerometer","cattle diseases/diagnosis",1
"accelerometer","dairying/methods",1
"accelerometer","lameness",1
"accelerometer","lameness, animal/diagnosis",1
"accelerometer","welfare",1
"behavior, animal","welfare",1
"cattle diseases/diagnosis","dairying/methods",3
"dairying/methods","lameness",2
"dairying/methods","lameness, animal/diagnosis",3
"animal health","animal welfare",3
"animal health","climate resilience",1
"animal health","disease",1
"animal health","environmental impact",1
"animal health","global warming",1
"animal health","greenhouse gas emissions",1
"animal health","greenhouse gases/analysis",1
"animal health","livestock",2
"animal husbandry/methods","disease",1
"animal husbandry/methods","environmental impact",2
"animal husbandry/methods","global warming",1
"animal husbandry/methods","greenhouse gas emissions",2
"animal husbandry/methods","greenhouse gases/analysis",2
"animal welfare","disease",1
"animal welfare","environmental impact",1
"animal welfare","global warming",1
"animal welfare","greenhouse gas emissions",1
"animal welfare","greenhouse gases/analysis",1
"animals","greenhouse gas emissions",3
"climate resilience","disease",1
"climate resilience","environmental impact",1
"climate resilience","greenhouse gas emissions",2
"disease","environmental impact",1
"disease","global warming",1
"disease","greenhouse gas emissions",1
"disease","greenhouse gases/analysis",1
"disease","livestock",1
"environmental impact","global warming",1
"environmental impact","greenhouse gas emissions",1
"environmental impact","greenhouse gases/analysis",1
"environmental impact","livestock",3
"global warming","greenhouse gas emissions",2
"global warming","livestock",1
"greenhouse gas emissions","greenhouse gases/analysis",2
"greenhouse gas emissions","livestock",1
"greenhouse gases/analysis","livestock",5
"antioxidants/pharmacology","neural networks, computer",1
"cattle","economics",1
"climate","economics",1
"climate","greenhouse gas",1
"climate","technology",1
"economics","greenhouse gas",1
"economics","technology",1
"greenhouse gas","technology",1
"beef cattle","genomics",2
"ai","microbiota",1
"eating/genetics","feed intake",1
"eating/genetics","genetic variation",1
"eating/genetics","genetics",1
"eating/genetics","methane",1
"eating/genetics","methane/biosynthesis",1
"eating/genetics","sheep",1
"eating/genetics","sheep/genetics",1
"eating/genetics","time factors",1
"feed intake","genetic variation",1
"feed intake","genetics",1
"feed intake","methane",1
"feed intake","methane/biosynthesis",1
"feed intake","sheep/genetics",1
"feed intake","time factors",1
"genetic variation","genetics",1
"genetic variation","methane/biosynthesis",1
"genetic variation","sheep",1
"genetic variation","sheep/genetics",1
"genetics","methane",1
"genetics","methane/biosynthesis",2
"genetics","sheep",1
"genetics","sheep/genetics",1
"genetics","time factors",1
"methane","sheep/genetics",1
"methane/biosynthesis","sheep",1
"methane/biosynthesis","sheep/genetics",1
"methane/biosynthesis","time factors",1
"sheep/genetics","time factors",1
"behavior, animal","hot temperature",2
"gene editing","synthetic biology",1
"ecology","geographic information systems",1
"animals","trees",1
"brazil","mammals",2
"brazil","spatial analysis",1
"brazil","trees",1
"ecosystem","mammals",1
"ecosystem","spatial analysis",1
"ecosystem","trees",1
"forests","mammals",1
"forests","spatial analysis",1
"forests","trees",4
"mammals","spatial analysis",1
"mammals","trees",1
"spatial analysis","trees",1
"animal feed/analysis","growth performance",2
"animal feed/analysis","microbiota",3
"broiler","growth performance",1
"broiler","microbiota",1
"broiler","zea mays",1
"chickens","growth performance",1
"chickens","zea mays",1
"diet/veterinary","growth performance",2
"diet/veterinary","microbiota",3
"dietary supplements","growth performance",1
"dietary supplements","microbiota",1
"growth performance","zea mays",1
"microbiota","zea mays",1
"animal feed/analysis","laying hens",2
"animal husbandry/methods","dietary supplements/analysis",2
"animal husbandry/methods","fatty acid",1
"animal husbandry/methods","fatty acids/analysis",1
"animal nutritional physiological phenomena","fatty acid",1
"animal nutritional physiological phenomena","laying hens",1
"animal nutritional physiological phenomena","ovum/physiology",1
"chickens/physiology","fatty acid",1
"chickens/physiology","fatty acids/analysis",1
"chickens/physiology","laying hens",2
"diet/veterinary","laying hens",2
"dietary supplements/analysis","fatty acid",1
"dietary supplements/analysis","fatty acids/analysis",1
"dietary supplements/analysis","laying hens",2
"dietary supplements/analysis","ovum/physiology",1
"fatty acid","laying hens",1
"fatty acid","ovum/physiology",1
"fatty acid","random allocation",1
"fatty acids/analysis","laying hens",1
"fatty acids/analysis","ovum/physiology",1
"laying hens","ovum/physiology",1
"laying hens","random allocation",2
"agriculture","decision tree",1
"animal feed/analysis","eating/genetics",1
"animal feed/analysis","production performance",1
"animal nutritional physiological phenomena","eating/genetics",1
"animal nutritional physiological phenomena","production performance",1
"animals","production performance",1
"diet/veterinary","eating/genetics",1
"diet/veterinary","production performance",1
"eating/genetics","meat/analysis",1
"eating/genetics","production performance",1
"eating/genetics","transcriptome",1
"meat/analysis","production performance",1
"meat/analysis","transcriptome",1
"production performance","transcriptome",1
"efficiency","goat",1
"efficiency","management",1
"efficiency","sheep",1
"goat","management",1
"management","sheep",1
"calcium","climate resilience",1
"calcium","livestock",1
"computer vision","deep learning",7
"deep learning","poultry",3
"farm management","nitrate",2
"algorithms","ecosystem",2
"algorithms","ethiopia",1
"algorithms","forests",2
"algorithms","water",1
"ecosystem","ethiopia",5
"ethiopia","forests",6
"ethiopia","water",1
"forests","water",1
"agriculture","animal behaviour",2
"agriculture","body weight",1
"agriculture","remote sensing technology",1
"agriculture","unmanned aerial devices",3
"animal behaviour","body weight",1
"animal behaviour","cattle/growth & development",1
"animal behaviour","remote sensing technology",1
"animal behaviour","unmanned aerial devices",1
"animal husbandry","body weight",1
"animal husbandry","cattle/growth & development",1
"animal husbandry","remote sensing technology",1
"animal husbandry","unmanned aerial devices",1
"animals","unmanned aerial devices",4
"body weight","remote sensing technology",1
"body weight","unmanned aerial devices",1
"cattle/growth & development","remote sensing technology",1
"cattle/growth & development","unmanned aerial devices",1
"remote sensing technology","unmanned aerial devices",1
"breeding","physiology",1
"animal feed/analysis","laying hen",1
"animal nutritional physiological phenomena","laying hen",1
"cattle","smart farm",1
"livestock","smart farm",1
"sensor","smart farm",1
"sensor","survey",1
"smart farm","survey",1
"china","cities",1
"cities","economic development",1
"cities","rivers",1
"economic development","sustainable development",2
"rivers","sustainable development",1
"genomic selection","gwas",1
"cattle/physiology","semen analysis/veterinary",1
"insemination, artificial/veterinary","semen analysis/veterinary",1
"dairy cattle","somatic cell count",2
"management","somatic cell count",1
"biomarkers/metabolism","sheep",1
"drinking water","pathogens",1
"drinking water","water quality",1
"environmental monitoring","pathogens",1
"pathogens","water",1
"pathogens","water quality",1
"water","water quality",1
"machine learning","support vector machine",3
"dairy cows","temperature",1
"accelerometer","agriculture",1
"accelerometer","livestock",1
"accelerometer","remote sensing",1
"accelerometer","ruminants",1
"accelerometer","sheep",1
"accelerometer","swine",1
"accelerometer","technology",1
"accelerometer","unmanned aerial devices",1
"cattle","unmanned aerial devices",2
"farms","remote sensing",1
"farms","unmanned aerial devices",1
"livestock","remote sensing",1
"livestock","unmanned aerial devices",1
"remote sensing","ruminants",1
"remote sensing","sheep",1
"remote sensing","swine",1
"remote sensing","technology",1
"remote sensing","unmanned aerial devices",1
"ruminants","technology",1
"ruminants","unmanned aerial devices",1
"sheep","unmanned aerial devices",1
"swine","technology",1
"swine","unmanned aerial devices",1
"technology","unmanned aerial devices",1
"cattle","muscle, skeletal/metabolism",2
"dairy cow","muscle, skeletal/metabolism",1
"diet/veterinary","muscle, skeletal/metabolism",1
"diet/veterinary","transition period",1
"lactation/physiology","muscle, skeletal/metabolism",1
"lactation/physiology","transition period",1
"muscle, skeletal/metabolism","pregnancy",1
"muscle, skeletal/metabolism","transition period",1
"china","dairy cow",1
"china","lactation",1
"dairy cow","spectroscopy, fourier transform infrared/veterinary",1
"dairying","fertilization",1
"dairying","spectroscopy, fourier transform infrared/veterinary",1
"lactation","spectroscopy, fourier transform infrared/veterinary",2
"breeding","china",2
"breeding","genome",4
"cattle/genetics","china",1
"china","genome",2
"animal feed/analysis","nutritive value",5
"animal nutritional physiological phenomena","dairying/methods",4
"animal nutritional physiological phenomena","nutritive value",1
"dairy cows","lactation",1
"dairy cows","nutritive value",1
"dairying/methods","nutritive value",1
"diet/veterinary","nutritive value",3
"lactation","nutritive value",1
"milk/chemistry","nutritive value",1
"animals","one health",4
"animals, wild","one health",2
"fatty acid profile","meat quality",5
"agriculture","multivariate analysis",1
"agriculture","principal component analysis",1
"china","environmental monitoring/methods",1
"china","multivariate analysis",1
"china","principal component analysis",1
"china","spatial analysis",1
"environmental monitoring/methods","multivariate analysis",2
"environmental monitoring/methods","principal component analysis",1
"environmental monitoring/methods","spatial analysis",2
"multivariate analysis","principal component analysis",1
"multivariate analysis","spatial analysis",1
"principal component analysis","soil/chemistry",1
"principal component analysis","spatial analysis",1
"soil/chemistry","spatial analysis",1
"developing countries","public health",1
"livestock","public health",1
"multivariate analysis","small ruminants",1
"animal welfare","one health",1
"behavior, animal","chickens",1
"behavior, animal","poultry",1
"poultry","reproducibility of results",1
"animal welfare","humidity",1
"animal welfare","performance",1
"animal welfare","spain",1
"animal welfare","temperature",1
"body weight","broiler",1
"body weight","chickens/physiology",1
"body weight","humidity",1
"body weight","performance",1
"body weight","spain",1
"body weight","temperature",1
"body weight","transportation",1
"broiler","performance",1
"broiler","transportation",1
"chickens/physiology","humidity",3
"chickens/physiology","performance",3
"chickens/physiology","temperature",4
"chickens/physiology","transportation",1
"humidity","performance",1
"humidity","spain",1
"humidity","transportation",1
"performance","spain",1
"performance","temperature",1
"performance","transportation",1
"spain","temperature",1
"spain","transportation",1
"temperature","transportation",1
"climate resilience","emissions",1
"chickens","prevalence",2
"chickens","random forest",1
"farms","food safety",1
"farms","prevalence",1
"farms","random forest",1
"food safety","machine learning",1
"food safety","poultry",1
"food safety","prevalence",1
"food safety","random forest",1
"machine learning","poultry",4
"machine learning","prevalence",1
"poultry","prevalence",1
"prevalence","random forest",1
"animal feed","emission",1
"animal feed","farms",1
"animal feed","methane",1
"cattle","emission",1
"eating","emission",1
"eating","greenhouse gases",1
"emission","farms",1
"emission","greenhouse gases",1
"emission","milk",1
"emission","pasture",1
"farms","greenhouse gases",1
"farms","methane",1
"greenhouse gases","pasture",1
"methane","pasture",2
"chickens","escherichia coli",1
"chickens","water",1
"escherichia coli","ovum",1
"escherichia coli","temperature",1
"escherichia coli","water",1
"ovum","temperature",1
"ovum","water",1
"temperature","water",2
"climate resilience","heat tolerance",1
"china","decision making",1
"conservation of natural resources","decision making",2
"decision making","grassland",1
"china","technology",1
"economic development","technology",1
"sustainable development","technology",1
"chickens","efficiency",1
"chickens","farms/economics",1
"chickens","technology",1
"efficiency","farms/economics",1
"efficiency","poultry",1
"efficiency","technology",1
"farms/economics","poultry",1
"animal welfare","sustainable agriculture",1
"farms","parity",1
"milk/metabolism","plf",1
"milk/metabolism","resilience",2
"parity","plf",1
"parity","reproduction",1
"parity","resilience",2
"plf","resilience",1
"animal husbandry/methods","livestock/genetics",1
"animal husbandry/methods","selective breeding",1
"disease resistance","selective breeding",1
"biofuels","climate",1
"biofuels","conservation of natural resources",1
"biofuels","surveys and questionnaires",1
"climate","conservation of natural resources",2
"climate","surveys and questionnaires",1
"conservation of natural resources","surveys and questionnaires",1
"computer vision","yolov",2
"plf","yolov",1
"bibliometric analysis","china",1
"algorithms","animal husbandry/methods",3
"algorithms","chickens/physiology",2
"algorithms","deep learning",2
"algorithms","housing, animal",1
"algorithms","object detection",1
"animal husbandry/methods","deep learning",6
"chickens/physiology","deep learning",2
"deep learning","housing, animal",2
"deep learning","neural networks, computer",3
"housing, animal","neural networks, computer",1
"neural networks, computer","object detection",1
"animal feed/analysis","rumen/microbiology",2
"diet/veterinary","goats",1
"diet/veterinary","goats/physiology",1
"diet/veterinary","rumen/microbiology",1
"dietary supplements","fermentation",2
"dietary supplements","goats/physiology",1
"dietary supplements","rumen fermentation",1
"dietary supplements","rumen/microbiology",1
"fermentation","goats",2
"fermentation","rumen/microbiology",1
"goats","goats/physiology",1
"goats","methane",1
"goats","rumen fermentation",1
"goats","rumen/microbiology",1
"goats/physiology","methane",1
"goats/physiology","rumen fermentation",1
"goats/physiology","rumen/microbiology",1
"rumen fermentation","rumen/microbiology",1
"biodiversity","trees",1
"cattle","thi",1
"dairy cow","thi",3
"fertility","transcriptomics",1
"genomics","transcriptomics",1
"computer vision","dairy cows",1
"dairy cows","yolov",1
"body weight","diet",1
"body weight","quantitative trait loci",1
"diet","quantitative trait loci",1
"food security","innovation",1
"innovation","sustainability",1
"biomass","climate",1
"biomass","climate resilience",1
"biomass","water",1
"climate","water",1
"humidity","prevalence",1
"humidity","risk factors",1
"humidity","seasons",1
"prevalence","risk factors",2
"prevalence","seasons",1
"prevalence","temperature",1
"risk factors","temperature",1
"chickens","dietary supplements/analysis",1
"chickens","liver/metabolism",2
"dietary supplements/analysis","gastrointestinal microbiome",1
"dietary supplements/analysis","liver/metabolism",1
"dietary supplements/analysis","metabolome",1
"dietary supplements/analysis","transcriptome",1
"hydrogen-ion concentration","pig",1
"hydrogen-ion concentration","swine",2
"hydrogen-ion concentration","temperature",2
"pig","swine",3
"pig","temperature",1
"swine","temperature",1
"animals","methane emission",3
"cattle/genetics","dairying/instrumentation",1
"cattle/genetics","methane emission",1
"dairy cow","dairying/instrumentation",1
"dairy cow","methane emission",1
"dairying/instrumentation","methane emission",1
"dairying/instrumentation","methane/analysis",1
"dairying/instrumentation","phenotype",1
"lactation","methane emission",2
"methane emission","methane/analysis",1
"methane emission","milk/chemistry",1
"methane emission","phenotype",1
"methane/analysis","phenotype",1
"agriculture","nitrate",1
"agriculture","nitrogen/metabolism",1
"environmental monitoring","fertilizers",1
"environmental monitoring","nitrogen/metabolism",1
"fertilizers","nitrate",1
"nitrate","nitrogen/metabolism",1
"conservation of natural resources","environmental impact",4
"conservation of natural resources","trees",3
"conservation of natural resources","united states",2
"environmental impact","environmental monitoring",1
"environmental impact","forests",1
"environmental impact","trees",1
"environmental impact","united states",1
"environmental monitoring","trees",1
"forests","united states",1
"trees","united states",1
"goats","meat quality",1
"goats","stress",1
"meat quality","stress",1
"animal welfare","temperature-humidity index",1
"air quality","broiler",1
"air quality","ventilation",2
"broiler","ventilation",1
"carbon dioxide/analysis","cattle diseases/diagnosis",1
"carbon dioxide/analysis","methane/analysis",2
"carbon dioxide/analysis","pregnancy",1
"cattle diseases/diagnosis","methane/analysis",1
"methane/analysis","pregnancy",1
"biodegradation, environmental","soil/chemistry",1
"animal husbandry/methods","linear models",1
"animal husbandry/methods","livestock/physiology",10
"animal nutritional physiological phenomena","linear models",1
"animal nutritional physiological phenomena","livestock/physiology",7
"animal nutritional physiological phenomena","neural networks, computer",1
"animals","livestock/physiology",10
"deep learning","linear models",1
"deep learning","livestock/physiology",1
"linear models","livestock/physiology",1
"linear models","neural networks, computer",2
"livestock/physiology","machine learning",3
"livestock/physiology","neural networks, computer",1
"dairy cattle","grazing",1
"grazing","sustainability",1
"apoptosis","bovine",1
"apoptosis","innate immunity",1
"dairy sheep","milk production",1
"dairy sheep","risk factors",1
"milk production","risk factors",1
"deep learning","precision farming",4
"machine learning","precision farming",1
"adaptation","agriculture/methods",1
"adaptation","climate",1
"adaptation","decision making",1
"adaptation","food supply",1
"adaptation","forecasting",1
"adaptation","models, biological",1
"adaptation","models, theoretical",1
"adaptation","rain",1
"adaptation","seasons",1
"adaptation","simulation",1
"adaptation","south africa",1
"agriculture","models, biological",1
"agriculture","south africa",1
"agriculture/methods","climate",1
"agriculture/methods","forecasting",1
"agriculture/methods","seasons",2
"agriculture/methods","simulation",1
"climate","decision making",1
"climate","food supply",1
"climate","models, biological",1
"climate","rain",2
"climate","simulation",1
"climate","south africa",1
"decision making","food supply",1
"decision making","forecasting",1
"decision making","models, biological",1
"decision making","rain",1
"decision making","seasons",1
"decision making","south africa",1
"food supply","models, biological",1
"food supply","rain",1
"food supply","seasons",1
"food supply","simulation",1
"food supply","south africa",1
"forecasting","models, biological",1
"forecasting","models, theoretical",1
"forecasting","rain",1
"forecasting","simulation",1
"forecasting","south africa",1
"models, biological","seasons",1
"models, biological","simulation",1
"models, biological","south africa",1
"models, theoretical","seasons",1
"models, theoretical","south africa",1
"rain","simulation",1
"rain","south africa",1
"seasons","simulation",1
"simulation","south africa",1
"biomarkers","dairy cows",1
"biomarkers","transition period",1
"dairy cows","transition period",1
"farms","milk/microbiology",1
"digital livestock transformation","methane emission",1
"feed efficiency","precision nutrition",1
"broiler chicken","transcriptomics",1
"animal husbandry","egg production",1
"animal husbandry","eggs",1
"animal husbandry","ovum",1
"animal welfare","egg production",1
"animal welfare","eggs",1
"chickens","egg production",1
"chickens","eggs",4
"egg production","eggs",1
"egg production","housing, animal",1
"egg production","ovum",1
"eggs","housing, animal",3
"eggs","ovum",1
"housing, animal","ovum",1
"disease outbreaks/prevention & control","logistic models",1
"disease outbreaks/prevention & control","multivariate analysis",1
"disease outbreaks/prevention & control","rural population",1
"disease outbreaks/prevention & control","surveys and questionnaires",1
"logistic models","multivariate analysis",2
"logistic models","rural population",1
"logistic models","surveys and questionnaires",1
"multivariate analysis","rural population",1
"multivariate analysis","surveys and questionnaires",1
"rural population","surveys and questionnaires",2
"animal health","biodiversity",1
"animal health","chickens/genetics",1
"animal health","genetic variation",1
"animal health","germany",1
"animal health","vaccination",1
"animal health","viral vaccines/immunology",1
"biodiversity","chickens/genetics",1
"biodiversity","genetic variation",1
"biodiversity","germany",1
"biodiversity","vaccination",1
"biodiversity","viral vaccines/immunology",1
"chickens/genetics","genetic variation",3
"chickens/genetics","germany",1
"chickens/genetics","vaccination",1
"chickens/genetics","viral vaccines/immunology",1
"genetic variation","germany",1
"genetic variation","vaccination",1
"genetic variation","viral vaccines/immunology",1
"germany","vaccination",1
"germany","viral vaccines/immunology",1
"vaccination","viral vaccines/immunology",1
"algorithms","body weight",4
"body weight","image processing, computer-assisted/methods",1
"body weight","linear models",1
"body weight","neural networks, computer",1
"image processing, computer-assisted/methods","linear models",1
"animals","temperament",2
"cattle","mammary glands, animal/physiology",2
"cattle","temperament",2
"dairying/methods","temperament",1
"lactation/physiology","mammary glands, animal/physiology",1
"lactation/physiology","temperament",1
"mammary glands, animal/physiology","temperament",1
"milk/metabolism","temperament",1
"chickens","food handling/methods",2
"acidosis","animal husbandry/instrumentation",1
"acidosis","cattle diseases/diagnosis",1
"acidosis","diagnosis",1
"acidosis","retrospective studies",1
"acidosis","rumen/physiology",1
"animal husbandry/instrumentation","cattle diseases/diagnosis",1
"animal husbandry/instrumentation","diagnosis",1
"animal husbandry/instrumentation","hydrogen-ion concentration",1
"animal husbandry/instrumentation","retrospective studies",1
"animal husbandry/instrumentation","rumen/physiology",1
"cattle diseases/diagnosis","diagnosis",1
"cattle diseases/diagnosis","hydrogen-ion concentration",1
"cattle diseases/diagnosis","retrospective studies",1
"cattle diseases/diagnosis","rumen/physiology",1
"diagnosis","hydrogen-ion concentration",1
"diagnosis","retrospective studies",1
"diagnosis","rumen/physiology",1
"hydrogen-ion concentration","retrospective studies",1
"hydrogen-ion concentration","rumen/physiology",1
"retrospective studies","rumen/physiology",1
"avian influenza","bayes theorem",1
"avian influenza","models, biological",1
"bayes theorem","influenza in birds/epidemiology",1
"bayes theorem","models, biological",1
"cattle diseases/metabolism","heat stress",1
"cattle diseases/metabolism","hot temperature",1
"cattle diseases/metabolism","humidity",1
"cattle diseases/metabolism","lactation/physiology",1
"cattle diseases/metabolism","pregnancy",1
"cattle diseases/metabolism","united states",1
"heat stress","lactation/physiology",1
"heat stress","united states",1
"hot temperature","lactation/physiology",1
"hot temperature","milk/metabolism",3
"hot temperature","pregnancy",1
"hot temperature","united states",1
"humidity","lactation/physiology",1
"humidity","milk/metabolism",3
"humidity","pregnancy",2
"humidity","united states",1
"lactation/physiology","united states",1
"milk/metabolism","united states",1
"ai","animal feed/analysis",3
"ai","cattle/physiology",1
"ai","diet/veterinary",1
"ai","eating",1
"ai","water intake",1
"cattle/physiology","machine learning",2
"machine learning","water intake",2
"cattle","prevalence",2
"cattle diseases/epidemiology","cross-sectional studies",1
"cattle diseases/epidemiology","farmers",1
"cattle diseases/epidemiology","prevalence",2
"cross-sectional studies","dairy cow",1
"cross-sectional studies","farmers",2
"cross-sectional studies","lactation",2
"cross-sectional studies","lameness",1
"cross-sectional studies","prevalence",1
"dairy cow","farmers",1
"dairy cow","prevalence",1
"dairying/methods","prevalence",1
"farmers","lactation",1
"farmers","prevalence",1
"lactation","prevalence",1
"lameness","prevalence",1
"animals","gut microbiota",2
"gastrointestinal microbiome","gut microbiota",1
"gastrointestinal microbiome","models, biological",1
"gut microbiota","models, biological",1
"aquaculture","fatty acids",1
"fatty acids","microalgae",2
"fatty acids","proteomics",1
"microalgae","proteomics",1
"farms","milk yield",1
"lactation","livestock",2
"livestock","milk yield",1
"livestock","resilience",1
"milk","milk yield",1
"milk yield","resilience",1
"ai","breeding/methods",2
"ai","chickens/physiology",2
"ai","infrared thermography",1
"ai","poultry/physiology",2
"animal husbandry/methods","computer vision",2
"animal husbandry/methods","infrared thermography",1
"animals","infrared thermography",1
"breeding/methods","chickens/physiology",1
"breeding/methods","deep learning",1
"breeding/methods","infrared thermography",1
"breeding/methods","poultry/physiology",1
"chickens/physiology","computer vision",1
"chickens/physiology","infrared thermography",1
"chickens/physiology","poultry/physiology",2
"computer vision","infrared thermography",1
"computer vision","poultry/physiology",1
"deep learning","infrared thermography",1
"deep learning","poultry/physiology",1
"infrared thermography","poultry/physiology",1
"agriculture","environmental impact",3
"animal behaviour","dairy cows",1
"animal behaviour","methane",1
"dairy cows","methane",1
"dairying/methods","genomics/methods",1
"dairying/methods","meat",1
"dairying/methods","meat/analysis",1
"food quality","genomics/methods",1
"food quality","meat/analysis",1
"food quality","milk",1
"genomics/methods","meat",1
"genomics/methods","meat/analysis",1
"genomics/methods","milk",1
"meat","meat/analysis",1
"meat","milk",2
"meat/analysis","milk",1
"dairy","efficiency",1
"dairy","modelling",1
"dairy","review",2
"dairy","sustainable agriculture",1
"efficiency","modelling",1
"efficiency","review",1
"efficiency","sustainable agriculture",1
"modelling","review",2
"modelling","sustainable agriculture",1
"review","sustainable agriculture",1
"animal welfare","mammary glands, animal/physiology",2
"behavior, animal","dairying/economics",1
"behavior, animal","mammary glands, animal/physiology",1
"dairy cow","dairying/economics",1
"dairy cow","mammary glands, animal/physiology",1
"dairying/economics","housing, animal",1
"dairying/economics","mammary glands, animal/physiology",1
"housing, animal","mammary glands, animal/physiology",1
"nutrigenomics","ruminants",1
"biogas","renewable energy",2
"biogas","sustainability",1
"renewable energy","sustainability",1
"algorithms","conservation of natural resources",1
"algorithms","satellite imagery",1
"conservation of natural resources","neural networks, computer",1
"forests","neural networks, computer",1
"neural networks, computer","satellite imagery",1
"livestock/genetics","meat/analysis",1
"breeding","cluster analysis",1
"breeding","risk factors",1
"breeding","spatio-temporal analysis",1
"breeding","surveillance",1
"cluster analysis","disease resistance/genetics",1
"cluster analysis","genotype",1
"cluster analysis","risk factors",1
"cluster analysis","sheep",1
"cluster analysis","spatio-temporal analysis",1
"cluster analysis","surveillance",1
"disease resistance/genetics","risk factors",1
"disease resistance/genetics","sheep",1
"disease resistance/genetics","spatio-temporal analysis",1
"disease resistance/genetics","surveillance",1
"genotype","risk factors",1
"genotype","sheep",1
"genotype","spatio-temporal analysis",1
"genotype","surveillance",1
"risk factors","spatio-temporal analysis",1
"risk factors","surveillance",1
"sheep","spatio-temporal analysis",1
"sheep","surveillance",1
"animals","sperm",3
"reproduction","sperm",1
"anti-bacterial agents/pharmacology","risk assessment",1
"public health","risk assessment",1
"cattle","food supply",1
"cattle","geography",1
"chickens","food supply",1
"chickens","geography",1
"chickens","models, theoretical",1
"food supply","geography",1
"food supply","swine",1
"geography","livestock",1
"geography","models, theoretical",2
"geography","swine",1
"animals","xgboost",1
"australia","heat-shock response",1
"australia","hot temperature",1
"australia","humidity",1
"australia","lactation",1
"australia","machine learning",1
"australia","milk/metabolism",1
"australia","temperature",1
"australia","xgboost",1
"cattle","heat-shock response",2
"cattle","xgboost",1
"climate resilience","humidity",1
"climate resilience","xgboost",1
"dairying","heat-shock response",1
"dairying","hot temperature",2
"dairying","humidity",1
"dairying","xgboost",1
"heat stress","machine learning",3
"heat stress","xgboost",1
"heat-shock response","hot temperature",4
"heat-shock response","humidity",3
"heat-shock response","machine learning",1
"heat-shock response","milk/metabolism",2
"heat-shock response","temperature",2
"heat-shock response","xgboost",1
"hot temperature","machine learning",2
"hot temperature","xgboost",1
"humidity","machine learning",1
"humidity","xgboost",1
"lactation","xgboost",1
"machine learning","temperature",1
"milk/metabolism","temperature",2
"milk/metabolism","xgboost",1
"temperature","xgboost",1
"meat/analysis","temperature",1
"dairy cattle","palm oil",1
"beef cattle","fatty acid profile",1
"beef cattle","meat quality",1
"beef","dairy",2
"beef","health",1
"beef","review",1
"dairy","health",1
"health","review",2
"health","sheep",1
"review","sheep",1
"machine learning","milk production",1
"machine learning","simulation",3
"milk production","simulation",1
"feed","microalgae",1
"microalgae","sustainability",2
"cow","machine learning",1
"cow","prediction",1
"cow","rumination",2
"machine learning","mastitis",1
"machine learning","rumination",2
"mastitis","prediction",1
"mastitis","rumination",1
"prediction","rumination",1
"ammonia","dairy",1
"ammonia","diet",1
"ammonia","machine learning",1
"dairy","livestock production",1
"dairy","machine learning",2
"dairy","methane",1
"diet","livestock production",1
"livestock production","machine learning",2
"livestock production","methane",1
"machine learning","methane",2
"fatty acid","immunity",1
"animal husbandry/methods","digital livestock transformation",3
"animal husbandry/methods","poultry diseases/diagnosis",4
"animal welfare","computer vision",3
"animal welfare","poultry diseases/diagnosis",1
"animals","poultry diseases/diagnosis",5
"chickens","deep learning",3
"chickens","digital livestock transformation",1
"chickens","object detection",1
"chickens","poultry diseases/diagnosis",4
"computer vision","digital livestock transformation",2
"computer vision","object detection",3
"computer vision","poultry diseases/diagnosis",1
"deep learning","digital livestock transformation",2
"deep learning","poultry diseases/diagnosis",2
"digital livestock transformation","object detection",1
"digital livestock transformation","poultry diseases/diagnosis",1
"object detection","poultry diseases/diagnosis",1
"behavior","computer vision",1
"behavior","livestock",1
"behavior","transcriptomics",1
"computer vision","transcriptomics",1
"livestock","transcriptomics",1
"food security","remote sensing",1
"dairy cows","pigs",1
"pigs","plf",1
"livestock production","one health",2
"animals, wild","population dynamics",2
"ammonia","prediction",1
"livestock production","prediction",1
"developing countries","energy efficiency",1
"animal feed","eating/physiology",1
"animal feed","heart rate",1
"eating/physiology","heart rate",2
"eating/physiology","residual feed intake",1
"heart rate","residual feed intake",1
"cattle","principal component analysis",2
"cattle diseases/diagnosis","principal component analysis",1
"dairying","principal component analysis",1
"lameness, animal/diagnosis","principal component analysis",1
"machine learning","principal component analysis",2
"digital livestock transformation","thermal stress",1
"feed additives","milk quality",1
"feed additives","oxidative stress",1
"milk quality","oxidative stress",1
"agriculture","palm oil",1
"conservation of natural resources","palm oil",1
"conservation of natural resources","unmanned aerial devices",1
"ecosystem","palm oil",1
"ecosystem","unmanned aerial devices",1
"environmental monitoring/methods","palm oil",1
"environmental monitoring/methods","unmanned aerial devices",1
"palm oil","unmanned aerial devices",1
"methane emission","rumen fermentation",1
"animal husbandry/methods","efficiency",1
"breeding/methods","efficiency",1
"breeding/methods","sustainability",1
"biomarkers","technologies",1
"agriculture","chickens",1
"agriculture","eggs",1
"agriculture","fertility",1
"chickens","fertility",1
"eggs","fertility",1
"climate resilience","conservation",1
"broiler","food safety",1
"behavior, animal","cattle diseases",1
"behavior, animal","heat stress",1
"behavior, animal","temperature",1
"cattle diseases","dairying",1
"cattle diseases","heat stress",1
"cattle diseases","hot temperature",1
"cattle diseases","temperature",1
"broilers","education",1
"broilers","poultry",1
"broilers","sustainability",1
"broilers","sustainable development",1
"chickens","education",1
"chickens","sustainable development",1
"education","poultry",2
"education","sustainable development",1
"lactation","welfare",2
"big data","smart farm",1
"beef cattle","rumen fermentation",1
"automatic milking system","genetic parameters",1
"automatic milking system","heritability",2
"automatic milking system","rumination",1
"genetic parameters","heritability",2
"genetic parameters","rumination",1
"heritability","rumination",1
"energy metabolism","goats/physiology",1
"energy metabolism","lactation/physiology",2
"goats/physiology","milk/metabolism",1
"cross-sectional studies","farmers/psychology",1
"dairying/methods","farmers/psychology",2
"cattle","metabolism",2
"cattle","stress, physiological",1
"inflammation","metabolism",1
"inflammation","stress, physiological",1
"metabolism","stress, physiological",1
"machine learning","sensitivity and specificity",2
"adaptation","animal husbandry",1
"adaptation","animal welfare",1
"adaptation","bibliometrics",1
"adaptation","greenhouse gases",1
"adaptation","heat stress",1
"animal husbandry","bibliometrics",2
"animal husbandry","climate resilience",1
"animal husbandry","food security",1
"animal husbandry","heat stress",1
"animal welfare","bibliometrics",2
"animal welfare","food security",1
"animal welfare","greenhouse gases",1
"bibliometrics","climate resilience",1
"bibliometrics","food security",1
"bibliometrics","greenhouse gases",1
"bibliometrics","heat stress",1
"bibliometrics","livestock",1
"bibliometrics","sustainability",2
"food security","heat stress",1
"greenhouse gases","heat stress",1
"heat stress","livestock",2
"heat stress","sustainability",1
"ecosystem","united states",2
"goats","united states",1
"agriculture/methods","manure/analysis",1
"agriculture/methods","swine/physiology",1
"animal husbandry/methods","carbon sequestration",1
"animal husbandry/methods","greenhouse gases",2
"animals","carbon sequestration",1
"carbon sequestration","environment",2
"carbon sequestration","manure/analysis",1
"carbon sequestration","swine/physiology",1
"environment","manure/analysis",1
"greenhouse gases","manure/analysis",2
"greenhouse gases","swine/physiology",1
"manure/analysis","swine/physiology",1
"bayes theorem","machine learning",1
"bayes theorem","mastitis, bovine/diagnosis",1
"bayes theorem","milk/microbiology",1
"bayes theorem","sensitivity and specificity",1
"dairying/methods","milk/microbiology",2
"dairying/methods","sensitivity and specificity",2
"machine learning","mastitis, bovine/diagnosis",1
"machine learning","milk/microbiology",1
"mastitis, bovine/diagnosis","milk/microbiology",1
"mastitis, bovine/diagnosis","sensitivity and specificity",2
"milk/microbiology","sensitivity and specificity",1
"algorithms","livestock",1
"algorithms","models, theoretical",3
"algorithms","spain",1
"models, theoretical","spain",1
"broilers","welfare",1
"animals","water quality",2
"carbon dioxide/analysis","ecosystem",2
"carbon dioxide/analysis","farms",2
"carbon dioxide/analysis","greenhouse gases/analysis",3
"carbon dioxide/analysis","livestock",2
"carbon dioxide/analysis","water quality",1
"ecosystem","greenhouse gases/analysis",2
"ecosystem","methane/analysis",1
"farms","greenhouse gases/analysis",1
"farms","methane/analysis",1
"farms","water quality",1
"greenhouse gases/analysis","water quality",1
"livestock","methane/analysis",2
"livestock","water quality",1
"methane/analysis","water quality",1
"cattle","udder health",2
"dairy cattle","udder health",1
"cattle/physiology","heat stress",1
"cattle/physiology","heat-shock response",1
"dairy cow","heat-shock response",1
"dairy cow","models, biological",1
"heat stress","models, biological",1
"heat-shock response","models, biological",1
"hot temperature","models, biological",1
"humidity","models, biological",1
"automation","beef",1
"automation","dairy",1
"beef","ruminants",1
"animal husbandry/methods","computer simulation",2
"chickens/physiology","computer simulation",1
"computer simulation","ovum/physiology",1
"computer simulation","temperature",1
"ovum/physiology","temperature",1
"animal husbandry/methods","unmanned aerial devices",2
"chickens/physiology","feces/microbiology",1
"chickens/physiology","microbiota",3
"dietary supplements/analysis","feces/microbiology",1
"dietary supplements/analysis","microbiota",2
"feces/microbiology","laying hens",1
"feces/microbiology","microbiota",2
"feces/microbiology","performance",1
"feces/microbiology","random allocation",1
"laying hens","microbiota",1
"laying hens","performance",1
"microbiota","performance",1
"microbiota","random allocation",1
"ammonia","fatty acid",1
"fatty acid","methane",1
"ai","big data",2
"ai","climate resilience",1
"ai","dairying/methods",4
"ai","livestock/physiology",4
"ai","precision nutrition",1
"animal feed/analysis","big data",1
"animal feed/analysis","climate resilience",2
"animal feed/analysis","livestock/physiology",1
"animal husbandry/methods","big data",1
"animal husbandry/methods","precision nutrition",1
"animal nutritional physiological phenomena","big data",1
"animal nutritional physiological phenomena","climate resilience",2
"animal nutritional physiological phenomena","precision nutrition",1
"big data","climate resilience",1
"big data","livestock/physiology",1
"big data","precision nutrition",1
"climate resilience","livestock/physiology",2
"climate resilience","precision nutrition",1
"dairying/methods","livestock/physiology",1
"dairying/methods","precision nutrition",1
"livestock/physiology","precision nutrition",1
"machine learning","precision nutrition",1
"cattle/genetics","genome-wide association study",4
"cattle/genetics","quantitative trait loci",2
"genome-wide association study","genomics",2
"genome-wide association study","methane/metabolism",2
"genome-wide association study","quantitative trait, heritable",2
"genomics","methane/metabolism",1
"genomics","polymorphism, single nucleotide",1
"genomics","quantitative trait loci",2
"methane/metabolism","polymorphism, single nucleotide",2
"methane/metabolism","quantitative trait loci",2
"methane/metabolism","quantitative trait, heritable",1
"polymorphism, single nucleotide","quantitative trait, heritable",2
"quantitative trait loci","quantitative trait, heritable",3
"bayes theorem","population dynamics",1
"bayes theorem","seasons",1
"bayes theorem","temperature",1
"population dynamics","seasons",2
"population dynamics","temperature",2
"cheese","consumer behavior",2
"microbiome","synthetic biology",1
"conservation of natural resources/methods","crops, agricultural/growth & development",2
"conservation of natural resources/methods","environmental monitoring/methods",3
"conservation of natural resources/methods","ethiopia",2
"conservation of natural resources/methods","food",1
"conservation of natural resources/methods","geographic information systems",1
"crops, agricultural/growth & development","environmental monitoring/methods",1
"crops, agricultural/growth & development","food",1
"crops, agricultural/growth & development","food supply",3
"crops, agricultural/growth & development","forests",1
"ecosystem","food",1
"environmental monitoring/methods","ethiopia",2
"environmental monitoring/methods","food",1
"environmental monitoring/methods","food supply",1
"environmental monitoring/methods","geographic information systems",3
"ethiopia","food",1
"ethiopia","food supply",1
"food","food supply",1
"food","forests",1
"food","geographic information systems",1
"food supply","forests",1
"food supply","geographic information systems",1
"forests","geographic information systems",3
"bibliometrics","sustainable development goals",1
"broilers","decision tree",1
"broilers","feed additives",1
"broilers","gut microbiota",1
"broilers","machine learning",1
"decision tree","feed additives",1
"decision tree","gut microbiota",1
"feed additives","gut microbiota",1
"feed additives","machine learning",1
"gut microbiota","machine learning",1
"brazil","china",1
"brazil","crops, agricultural/growth & development",2
"brazil","food supply",2
"brazil","india",1
"china","climate resilience",1
"china","crops, agricultural/growth & development",1
"china","food supply",2
"china","india",1
"crops, agricultural/growth & development","india",1
"food supply","india",1
"antioxidants","behavior",1
"antioxidants","gut health",1
"antioxidants","stress",1
"antioxidants","welfare",1
"behavior","gut health",1
"gut health","stress",1
"gut health","welfare",3
"stress","welfare",2
"chicken","development",1
"chicken","liver",1
"development","liver",1
"agriculture","colombia",1
"agriculture","conservation",1
"biodiversity","colombia",1
"biodiversity","conservation",2
"biodiversity","rivers",1
"biomass","colombia",1
"biomass","conservation",1
"biomass","rivers",1
"colombia","conservation",1
"colombia","ecosystem",1
"colombia","rivers",1
"conservation","ecosystem",2
"conservation","rivers",1
"animal feed/analysis","ruminants",3
"animal feed/analysis","ruminants/physiology",2
"rumen/microbiology","ruminants",1
"rumen/microbiology","ruminants/physiology",1
"ruminants","ruminants/physiology",1
"agriculture","lakes",1
"biodiversity","ethiopia",2
"biodiversity","lakes",1
"biodiversity","spatio-temporal analysis",1
"biodiversity","wetlands",1
"conservation of natural resources","ethiopia",5
"conservation of natural resources","wetlands",1
"ecosystem","spatio-temporal analysis",1
"ecosystem","wetlands",1
"ethiopia","lakes",1
"ethiopia","spatio-temporal analysis",1
"ethiopia","wetlands",1
"lakes","spatio-temporal analysis",1
"lakes","wetlands",1
"spatio-temporal analysis","wetlands",1
"animal nutritional physiological phenomena","models, biological",4
"energy metabolism","models, biological",1
"ecosystem services","small ruminants",1
"animal husbandry/instrumentation","biomarkers",1
"animal husbandry/instrumentation","cattle diseases",1
"animal husbandry/instrumentation","dairying/methods",1
"animal husbandry/instrumentation","health",1
"animal husbandry/instrumentation","lactation",1
"animal husbandry/instrumentation","milk",1
"animal husbandry/instrumentation","pregnancy",1
"animal husbandry/instrumentation","review",1
"animal welfare","cattle diseases",1
"animal welfare","review",1
"biomarkers","dairying/methods",1
"biomarkers","milk",1
"biomarkers","pregnancy",1
"biomarkers","review",1
"cattle diseases","health",1
"cattle diseases","lactation",1
"cattle diseases","milk",1
"cattle diseases","pregnancy",1
"cattle diseases","review",1
"cattle diseases","welfare",1
"dairying/methods","review",1
"lactation","review",1
"pregnancy","review",1
"animal feed","gastrointestinal microbiome/drug effects",2
"animal feed","microbiota",2
"gastrointestinal microbiome/drug effects","microbiota",2
"air quality","breeding",1
"air quality","cattle",2
"air quality","cattle/physiology",1
"air quality","sperm",1
"breeding","cattle/physiology",1
"breeding","sperm",1
"cattle","sperm",1
"cattle/physiology","sperm",1
"buffalo","milk yield",1
"dairy cows","lactation/genetics",2
"circular economy","sustainable development",1
"covid-","sustainable development",1
"broiler","microclimate",1
"broiler","simulation",1
"microclimate","simulation",1
"poultry","survey",1
"animal feed/analysis","semen analysis/veterinary",1
"antioxidants","antioxidants/metabolism",1
"antioxidants","dietary supplements/analysis",1
"antioxidants","random allocation",1
"antioxidants","semen analysis/veterinary",1
"antioxidants/metabolism","semen analysis/veterinary",1
"diet/veterinary","semen analysis/veterinary",1
"dietary supplements/analysis","semen analysis/veterinary",1
"random allocation","semen analysis/veterinary",1
"renewable energy","sustainable development",2
"animal feed","housing",1
"animal husbandry/methods","chickens/growth & development",2
"animal welfare","breeding/methods",1
"animal welfare","chickens/growth & development",1
"breeding","chickens/growth & development",1
"breeding/methods","chickens/growth & development",1
"animals","gis",1
"environmental monitoring/methods","gis",1
"environmental monitoring/methods","water",1
"geographic information systems","gis",1
"geographic information systems","livestock",1
"geographic information systems","spatial analysis",1
"geographic information systems","water",1
"gis","livestock",1
"gis","spatial analysis",1
"gis","water",1
"livestock","water",1
"spatial analysis","water",1
"ai","anaerobic digestion",1
"ai","energy efficiency",2
"ai","renewable energy",1
"anaerobic digestion","energy efficiency",1
"anaerobic digestion","renewable energy",1
"energy efficiency","renewable energy",1
"animal health","multiomics",1
"livestock","multiomics",1
"animals","sustainable agriculture",1
"breeding","quantitative trait loci",3
"breeding","sustainable agriculture",1
"cattle","genomics/methods",2
"cattle","livestock/genetics",3
"cattle","sustainable agriculture",1
"genome-wide association study","genomics/methods",1
"genome-wide association study","livestock/genetics",1
"genome-wide association study","sustainable agriculture",1
"genomics/methods","quantitative trait loci",2
"genomics/methods","sustainable agriculture",1
"livestock/genetics","quantitative trait loci",2
"livestock/genetics","selection, genetic",2
"livestock/genetics","sustainable agriculture",1
"phenotype","sustainable agriculture",1
"quantitative trait loci","selection, genetic",1
"quantitative trait loci","sustainable agriculture",1
"selection, genetic","sustainable agriculture",1
"cattle","fatty acids",1
"cheese","fatty acids",1
"cheese","milk/chemistry",1
"consumer behavior","fatty acids",1
"consumer behavior","milk/chemistry",1
"fatty acids","milk/chemistry",1
"big data","biodiversity",1
"big data","environmental monitoring/methods",1
"big data","models, biological",1
"biodiversity","models, biological",1
"environmental monitoring/methods","models, biological",1
"dairy cattle","data integration",1
"data integration","plf",2
"climate resilience","ruminants/physiology",1
"population dynamics","ruminants/physiology",1
"developing countries","economic development",1
"biodiversity","forecasting",1
"climate resilience","forecasting",1
"adaptation","anti-bacterial agents/pharmacology",1
"adaptation","chickens",1
"adaptation","drinking water",1
"animals","mitigation",2
"anti-bacterial agents/pharmacology","chickens",1
"anti-bacterial agents/pharmacology","drinking water",1
"anti-bacterial agents/pharmacology","mitigation",1
"chickens","drinking water",1
"chickens","mitigation",1
"drinking water","mitigation",1
"cloud computing","iot",2
"cloud computing","monitoring",1
"iot","monitoring",1
"beef cattle","fatty acids",1
"beef cattle","microalgae",1
"iot","machine learning",2
"iot","sustainability",1
"machine learning","sustainability",2
"nutritive value","poaceae",1
"poaceae","sheep",1
"behavior","chickens",1
"behavior","poultry",1
"chickens","video recording",1
"health","housing, animal",1
"health","video recording",1
"cell line","escherichia coli",1
"cell line","signal transduction/drug effects",1
"cell line","swine",1
"escherichia coli","signal transduction/drug effects",1
"escherichia coli","swine",1
"signal transduction/drug effects","swine",1
"agriculture/methods","conservation",1
"agriculture/methods","livestock",4
"agriculture/methods","time factors",1
"animals","conservation",3
"biodiversity","crops, agricultural",2
"biodiversity","ecosystem services",1
"conservation","conservation of natural resources",1
"conservation","crops, agricultural",1
"conservation","environment",1
"conservation","environmental monitoring/methods",1
"conservation","livestock",1
"conservation","time factors",1
"conservation of natural resources","time factors",1
"crops, agricultural","ecosystem services",1
"crops, agricultural","environment",1
"crops, agricultural","environmental monitoring/methods",1
"crops, agricultural","time factors",1
"ecosystem services","environmental monitoring/methods",1
"ecosystem services","time factors",1
"livestock","time factors",1
"anaerobic digestion","methane",1
"gis","precision agriculture",1
"gis","sensors",1
"precision agriculture","remote sensing",1
"precision agriculture","sensors",1
"animal husbandry/methods","farms",3
"chickens/growth & development","farms",1
"chickens/growth & development","machine learning",1
"chickens/growth & development","neural networks, computer",1
"farms","neural networks, computer",1
"digital livestock transformation","internet of things",2
"conservation","food security",1
"conservation","food supply",1
"biomarkers","principal component analysis",1
"biomarkers","sheep",1
"biomarkers","support vector machine",1
"principal component analysis","sheep",1
"principal component analysis","support vector machine",1
"sheep","support vector machine",1
"livestock","ventilation",1
"animals","uncertainty",1
"cattle/physiology","uncertainty",1
"dairy cow","sensitivity and specificity",1
"dairy cow","uncertainty",1
"lactation","rumen/chemistry",1
"lactation","uncertainty",1
"methane","sensitivity and specificity",1
"methane","uncertainty",1
"methane/biosynthesis","rumen/chemistry",1
"methane/biosynthesis","sensitivity and specificity",1
"methane/biosynthesis","uncertainty",1
"rumen/chemistry","sensitivity and specificity",1
"rumen/chemistry","uncertainty",1
"sensitivity and specificity","uncertainty",1
"animal husbandry/methods","avian proteins/metabolism",1
"animal husbandry/methods","biomarkers/metabolism",1
"animal husbandry/methods","organic agriculture",1
"animal husbandry/methods","proteomics",1
"animal husbandry/methods","stress, physiological",2
"animal welfare","avian proteins/metabolism",1
"animal welfare","biomarkers/metabolism",1
"animal welfare","meat/analysis",1
"animal welfare","stress, physiological",1
"avian proteins/metabolism","biomarkers/metabolism",1
"avian proteins/metabolism","meat/analysis",1
"avian proteins/metabolism","organic agriculture",1
"avian proteins/metabolism","stress, physiological",1
"biomarkers/metabolism","chickens/physiology",1
"biomarkers/metabolism","meat/analysis",1
"biomarkers/metabolism","organic agriculture",1
"biomarkers/metabolism","proteomics",2
"biomarkers/metabolism","stress, physiological",1
"chickens/physiology","organic agriculture",1
"chickens/physiology","stress, physiological",2
"meat/analysis","organic agriculture",1
"meat/analysis","proteomics",1
"meat/analysis","stress, physiological",1
"organic agriculture","proteomics",1
"organic agriculture","stress, physiological",1
"proteomics","stress, physiological",1
"air pollutants/analysis","air pollution, indoor/analysis",2
"air pollutants/analysis","ammonia",1
"air pollutants/analysis","eggs",2
"air pollutants/analysis","greenhouse gas",1
"air pollutants/analysis","humidity",1
"air pollution, indoor/analysis","ammonia",1
"air pollution, indoor/analysis","animal husbandry/methods",3
"air pollution, indoor/analysis","chickens",2
"air pollution, indoor/analysis","eggs",2
"air pollution, indoor/analysis","environmental monitoring/methods",2
"air pollution, indoor/analysis","greenhouse gas",1
"air pollution, indoor/analysis","humidity",1
"air pollution, indoor/analysis","particulate matter/analysis",2
"air pollution, indoor/analysis","temperature",1
"ammonia","eggs",1
"ammonia","environmental monitoring/methods",1
"ammonia","greenhouse gas",1
"ammonia","particulate matter/analysis",1
"animal husbandry/methods","eggs",2
"animal husbandry/methods","environmental monitoring/methods",2
"animal husbandry/methods","greenhouse gas",2
"animal husbandry/methods","humidity",3
"animal husbandry/methods","particulate matter/analysis",2
"chickens","greenhouse gas",1
"eggs","environmental monitoring/methods",1
"eggs","greenhouse gas",1
"eggs","humidity",1
"eggs","particulate matter/analysis",2
"eggs","temperature",1
"environmental monitoring/methods","greenhouse gas",2
"environmental monitoring/methods","housing, animal",2
"environmental monitoring/methods","humidity",1
"environmental monitoring/methods","temperature",1
"greenhouse gas","housing, animal",1
"greenhouse gas","humidity",1
"greenhouse gas","particulate matter/analysis",1
"greenhouse gas","temperature",1
"housing, animal","humidity",2
"housing, animal","particulate matter/analysis",3
"humidity","particulate matter/analysis",1
"particulate matter/analysis","temperature",1
"cattle","parturition",1
"eating","parity",1
"milk/metabolism","parturition",1
"milk/metabolism","transition period",1
"parity","parturition",1
"parity","transition period",1
"acidosis","animal feed",1
"acidosis","cattle diseases/metabolism",1
"acidosis","digestion",1
"acidosis","fatty acids, volatile/metabolism",1
"acidosis","fermentation",1
"acidosis","rumen/metabolism",1
"animal feed","cattle diseases/metabolism",1
"animal feed","fatty acids, volatile/metabolism",1
"animal feed","hydrogen-ion concentration",1
"cattle diseases/metabolism","digestion",1
"cattle diseases/metabolism","fatty acids, volatile/metabolism",1
"cattle diseases/metabolism","fermentation",1
"cattle diseases/metabolism","hydrogen-ion concentration",2
"cattle diseases/metabolism","rumen/metabolism",2
"digestion","fatty acids, volatile/metabolism",1
"digestion","fermentation",3
"digestion","hydrogen-ion concentration",1
"fermentation","hydrogen-ion concentration",2
"animal feed/analysis","gastrointestinal microbiome/drug effects",2
"chickens/physiology","gastrointestinal microbiome/drug effects",1
"diet/veterinary","gastrointestinal microbiome/drug effects",2
"dietary supplements/analysis","gastrointestinal microbiome/drug effects",2
"gastrointestinal microbiome/drug effects","random allocation",2
"air pollution, indoor/analysis","air quality",1
"air pollution, indoor/analysis","cluster analysis",1
"air pollution, indoor/analysis","data mining",1
"air pollution, indoor/analysis","microclimate",1
"air pollution, indoor/analysis","multivariate analysis",1
"air pollution, indoor/analysis","seasons",1
"air quality","animal husbandry/methods",1
"air quality","chickens/physiology",1
"air quality","cluster analysis",1
"air quality","data mining",1
"air quality","environmental monitoring/methods",1
"air quality","housing, animal",2
"air quality","microclimate",1
"air quality","multivariate analysis",1
"air quality","seasons",1
"animal husbandry/methods","cluster analysis",1
"animal husbandry/methods","data mining",1
"animal husbandry/methods","multivariate analysis",1
"chickens/physiology","cluster analysis",1
"chickens/physiology","data mining",1
"chickens/physiology","environmental monitoring/methods",1
"chickens/physiology","microclimate",1
"chickens/physiology","multivariate analysis",1
"chickens/physiology","seasons",2
"cluster analysis","data mining",1
"cluster analysis","environmental monitoring/methods",1
"cluster analysis","housing, animal",1
"cluster analysis","microclimate",1
"cluster analysis","multivariate analysis",1
"data mining","environmental monitoring/methods",1
"data mining","housing, animal",1
"data mining","microclimate",1
"data mining","multivariate analysis",1
"data mining","seasons",1
"environmental monitoring/methods","microclimate",1
"housing, animal","multivariate analysis",1
"housing, animal","seasons",2
"microclimate","multivariate analysis",1
"microclimate","seasons",1
"multivariate analysis","seasons",1
"feed efficiency","laying hens",1
"cattle","methane emission",3
"diet/veterinary","methane emission",1
"digestion","methane emission",1
"digestion","milk production",1
"forage","methane emission",1
"forage","milk",1
"methane emission","methane/biosynthesis",1
"methane emission","milk",1
"methane emission","milk production",1
"methane/biosynthesis","milk production",1
"biodegradation, environmental","biomass",1
"biodegradation, environmental","dairying",1
"biodegradation, environmental","fermentation",1
"biodegradation, environmental","hydrogen-ion concentration",1
"biodegradation, environmental","oxidation-reduction",1
"biodegradation, environmental","wastewater",1
"biomass","dairying",1
"biomass","hydrogen-ion concentration",1
"biomass","oxidation-reduction",1
"biomass","wastewater",1
"dairying","fermentation",1
"dairying","hydrogen-ion concentration",1
"dairying","oxidation-reduction",1
"dairying","wastewater",1
"fermentation","oxidation-reduction",2
"fermentation","wastewater",1
"hydrogen-ion concentration","oxidation-reduction",1
"hydrogen-ion concentration","wastewater",1
"oxidation-reduction","wastewater",1
"ai","broiler",1
"animal behaviour","cattle",1
"automatic milking system","dairy cow",1
"automatic milking system","temperature-humidity index",1
"food security","stakeholder",1
"amino acids","soil",1
"animal husbandry/methods","support vector machine",1
"chickens","neural networks, computer",1
"chickens","support vector machine",1
"machine learning","poultry diseases/diagnosis",1
"neural networks, computer","poultry diseases/diagnosis",1
"neural networks, computer","support vector machine",1
"poultry diseases/diagnosis","support vector machine",1
"dairy cows","data integration",1
"amino acids","dairy cattle",1
"amino acids","lactation",1
"amino acids","metabolites",1
"amino acids","plf",1
"dairy cattle","metabolites",1
"lactation","metabolites",1
"metabolites","plf",1
"animal husbandry/methods","modeling",2
"computer simulation","livestock/physiology",1
"computer simulation","nutrition",1
"livestock/physiology","modeling",2
"livestock/physiology","models, theoretical",3
"livestock/physiology","nutrition",1
"modeling","nutrition",1
"models, theoretical","nutrition",1
"dairying/methods","mastitis",2
"dairying/methods","milk yield",2
"dairying/methods","models, biological",1
"lactation","mastitis",1
"lactation","mastitis, bovine/diagnosis",2
"lactation","models, biological",1
"mastitis","milk/metabolism",1
"mastitis","models, biological",1
"mastitis","sensitivity and specificity",1
"mastitis, bovine/diagnosis","milk yield",1
"mastitis, bovine/diagnosis","milk/metabolism",1
"mastitis, bovine/diagnosis","models, biological",1
"milk yield","models, biological",1
"milk yield","sensitivity and specificity",1
"milk/metabolism","models, biological",1
"milk/metabolism","sensitivity and specificity",1
"models, biological","sensitivity and specificity",1
"algorithms","goats/physiology",1
"body weight","goats/physiology",1
"goats/physiology","machine learning",1
"palm oil","soil",1
"global warming","precision farming",1
"greenhouse gas emissions","precision farming",1
"inflammation","milk",1
"broiler chicken","gut health",1
"fertilizers","sustainable development",1
"precision agriculture","sustainable development",1
"climate resilience","goats",1
"conservation of natural resources","goats",1
"forests","goats",1
"climate resilience","surveys and questionnaires",1
"europe","machine learning",1
"europe","surveys and questionnaires",1
"machine learning","surveys and questionnaires",1
"surveys and questionnaires","sustainable development",1
"environmental monitoring/methods","feces/microbiology",1
"agriculture","herbivory",1
"agriculture/methods","carbon dioxide",1
"agriculture/methods","carbon dioxide/analysis",2
"agriculture/methods","greenhouse effect",1
"agriculture/methods","greenhouse gases/analysis",2
"agriculture/methods","methane",1
"agriculture/methods","pasture",1
"carbon dioxide","conservation of natural resources/methods",1
"carbon dioxide","greenhouse effect",1
"carbon dioxide","livestock",1
"carbon dioxide","models, theoretical",1
"carbon dioxide","pasture",1
"carbon dioxide/analysis","conservation of natural resources/methods",1
"carbon dioxide/analysis","greenhouse effect",1
"carbon dioxide/analysis","models, theoretical",1
"conservation of natural resources/methods","greenhouse effect",1
"conservation of natural resources/methods","greenhouse gases/analysis",1
"conservation of natural resources/methods","livestock",2
"conservation of natural resources/methods","methane",1
"conservation of natural resources/methods","pasture",1
"greenhouse effect","livestock",2
"greenhouse effect","models, theoretical",1
"greenhouse effect","pasture",1
"greenhouse gases/analysis","models, theoretical",1
"greenhouse gases/analysis","pasture",1
"methane","models, theoretical",1
"models, theoretical","pasture",1
"animal husbandry/methods","livestock production",1
"animal nutritional physiological phenomena","conservation of natural resources",2
"animal nutritional physiological phenomena","environment",2
"animal nutritional physiological phenomena","environmental impact",1
"conservation of natural resources","livestock production",1
"conservation of natural resources","livestock/physiology",2
"conservation of natural resources","models, biological",1
"environment","livestock production",1
"environment","livestock/physiology",1
"environment","models, biological",1
"environment","models, theoretical",1
"environmental impact","livestock production",1
"environmental impact","livestock/physiology",1
"environmental impact","models, biological",1
"environmental impact","models, theoretical",1
"livestock production","livestock/physiology",1
"livestock production","models, biological",1
"livestock/physiology","models, biological",1
"cattle","cattle/genetics",1
"cattle/genetics","principal component analysis",1
"ai","feeding behavior",1
"ai","prediction accuracy",1
"animal feed/analysis","deep learning",1
"animal feed/analysis","prediction accuracy",1
"cattle","deep learning",2
"dairying/methods","deep learning",3
"dairying/methods","prediction accuracy",1
"deep learning","feeding behavior",1
"deep learning","prediction accuracy",1
"feeding behavior","prediction accuracy",1
"machine learning","prediction accuracy",2
"plf","stakeholder",1
"environment","prediction",1
"adaptation","greenhouse effect",1
"adaptation","greenhouse gases/analysis",1
"adaptation","policy",1
"adaptation","sustainable development goals",1
"animals","sustainable development goals",1
"climate resilience","sustainable development goals",2
"greenhouse effect","policy",1
"greenhouse effect","sustainable development goals",1
"greenhouse gases/analysis","policy",1
"greenhouse gases/analysis","sustainable development goals",1
"livestock","sustainable development goals",1
"policy","sustainable development goals",1
"agriculture","bayes theorem",1
"agriculture","trees",1
"bayes theorem","biomass",1
"bayes theorem","conservation of natural resources",1
"bayes theorem","forests",1
"bayes theorem","models, theoretical",1
"bayes theorem","trees",1
"bayes theorem","tropical climate",1
"biomass","models, theoretical",1
"biomass","trees",1
"forests","models, theoretical",2
"models, theoretical","trees",1
"models, theoretical","tropical climate",1
"trees","tropical climate",1
"animal feed","cattle diseases/diagnosis",1
"animal feed","dry matter intake",1
"animal feed","sensitivity and specificity",1
"cattle","dry matter intake",1
"cattle diseases/diagnosis","dry matter intake",1
"cattle diseases/diagnosis","feeding behavior",1
"cattle diseases/diagnosis","phenotype",1
"diet/veterinary","sensitivity and specificity",1
"dry matter intake","feeding behavior",1
"dry matter intake","sensitivity and specificity",1
"dry matter intake","time factors",1
"eating","sensitivity and specificity",1
"eating","time factors",1
"feeding behavior","sensitivity and specificity",1
"phenotype","sensitivity and specificity",1
"phenotype","time factors",1
"sensitivity and specificity","time factors",1
"environmental monitoring/methods","fertilizers",1
"environmental monitoring/methods","risk assessment",1
"fertilizers","groundwater",1
"fertilizers","india",1
"fertilizers","machine learning",1
"fertilizers","nitrates/analysis",1
"fertilizers","risk assessment",1
"fertilizers","seasons",1
"fertilizers","water pollutants, chemical/analysis",1
"fertilizers","water quality",1
"groundwater","india",1
"groundwater","risk assessment",1
"groundwater","seasons",1
"india","nitrates/analysis",1
"india","risk assessment",1
"india","seasons",1
"india","water pollutants, chemical/analysis",1
"india","water quality",1
"machine learning","risk assessment",1
"machine learning","seasons",1
"nitrates/analysis","risk assessment",1
"risk assessment","seasons",1
"risk assessment","water pollutants, chemical/analysis",1
"risk assessment","water quality",1
"seasons","water pollutants, chemical/analysis",1
"seasons","water quality",1
"agriculture/methods","farms",1
"agriculture/methods","water supply",1
"conservation of natural resources","farms",1
"conservation of natural resources","water supply",2
"crops, agricultural","decision making",1
"crops, agricultural","models, theoretical",2
"crops, agricultural","water supply",1
"decision making","water supply",1
"farms","water supply",1
"models, theoretical","water supply",1
"biogas","methane",2
"animal distribution","logistic models",1
"animal distribution","multivariate analysis",1
"animal distribution","temperature",1
"animal distribution","united states",1
"climate resilience","logistic models",1
"climate resilience","mexico",1
"climate resilience","multivariate analysis",1
"climate resilience","united states",1
"ecosystem","logistic models",1
"ecosystem","multivariate analysis",1
"logistic models","mexico",1
"logistic models","models, biological",1
"logistic models","population dynamics",1
"logistic models","temperature",1
"logistic models","united states",1
"mexico","models, biological",1
"mexico","multivariate analysis",1
"mexico","temperature",1
"mexico","united states",1
"models, biological","multivariate analysis",1
"models, biological","united states",1
"multivariate analysis","population dynamics",1
"multivariate analysis","temperature",1
"multivariate analysis","united states",1
"population dynamics","united states",1
"temperature","united states",1
"animal husbandry/methods","bioinformatics",1
"animals","bioinformatics",5
"bioinformatics","poultry diseases/diagnosis",1
"milk production","rumen fermentation",1
"chicken","gwas",1
"chicken","heat tolerance",1
"gwas","heat tolerance",1
"goat","sustainable development",1
"goats","sustainable development",1
"abattoirs","housing, animal",1
"abattoirs","plf",1
"abattoirs","swine/physiology",1
"housing, animal","swine/physiology",1
"plf","swine/physiology",1
"cattle diseases/diagnosis","deep learning",1
"cattle diseases/diagnosis","housing, animal",1
"deep learning","lameness, animal/diagnosis",1
"housing, animal","lameness, animal/diagnosis",1
"cattle diseases/metabolism","diet/veterinary",1
"cattle diseases/metabolism","rumen fermentation",1
"hydrogen-ion concentration","lactation",1
"hydrogen-ion concentration","milk/metabolism",1
"hydrogen-ion concentration","rumen fermentation",1
"lactation","rumen fermentation",1
"milk/metabolism","rumen fermentation",1
"agriculture","environmental sustainability",1
"environmental sustainability","fertilizers",1
"environmental sustainability","soil",1
"beef cattle","methane",4
"animal health","ecology",1
"animal health","health",1
"animal welfare","ecology",1
"ecology","health",2
"ai","reproducibility of results",1
"modeling","reproducibility of results",1
"modeling","sustainable development",1
"models, theoretical","reproducibility of results",1
"reproducibility of results","simulation",1
"reproducibility of results","sustainable development",1
"simulation","sustainable development",1
"agriculture","crops, agricultural",3
"agriculture","temperature",1
"climate resilience","crops, agricultural",1
"crops, agricultural","ecosystem",2
"crops, agricultural","temperature",1
"animal nutritional physiological phenomena/drug effects","broiler",1
"animal nutritional physiological phenomena/drug effects","chickens/growth & development",3
"animal nutritional physiological phenomena/drug effects","digestion/drug effects",3
"animal nutritional physiological phenomena/drug effects","gastrointestinal microbiome/drug effects",1
"broiler","chickens/growth & development",2
"broiler","digestion/drug effects",1
"broiler","gastrointestinal microbiome/drug effects",1
"chickens/growth & development","dietary supplements/analysis",4
"chickens/growth & development","digestion/drug effects",2
"chickens/growth & development","gastrointestinal microbiome/drug effects",2
"dietary supplements/analysis","digestion/drug effects",3
"digestion/drug effects","gastrointestinal microbiome/drug effects",1
"digestion/drug effects","random allocation",3
"animal feed/analysis","oxidation-reduction",1
"cattle","oxidation-reduction",1
"diet/veterinary","ruminants",1
"fatty acids, volatile/metabolism","oxidation-reduction",1
"fatty acids, volatile/metabolism","ruminants",1
"fatty acids, volatile/metabolism","sheep",1
"fermentation","ruminants",1
"fermentation","sheep",1
"oxidation-reduction","rumen/metabolism",1
"oxidation-reduction","ruminants",1
"oxidation-reduction","sheep",1
"rumen/metabolism","ruminants",1
"rumen/metabolism","sheep",1
"broiler chicken","environment",1
"broiler chicken","sustainability",1
"environment","nutrition",1
"nutrition","sustainability",1
"cattle","eating/physiology",1
"cattle","heart rate",1
"eating/physiology","energy metabolism",1
"energy metabolism","heart rate",1
"calcium","mastitis, bovine/microbiology",1
"cattle","performance",1
"cattle","physiology",1
"heat stress","performance",1
"performance","physiology",1
"performance","welfare",1
"accelerometer","infrared thermography",1
"accelerometer","machine learning",3
"accelerometer","management",1
"accelerometer","plf",1
"accelerometer","rumination",1
"infrared thermography","machine learning",1
"infrared thermography","management",1
"infrared thermography","rumination",1
"machine learning","management",1
"management","rumination",1
"plf","rumination",1
"covid-","italy",1
"anti-bacterial agents/pharmacology","polyphenols",1
"animal welfare","cattle/metabolism",1
"animal welfare","diet/veterinary",2
"cattle/metabolism","decision making",1
"cattle/metabolism","pregnancy",1
"dairying/methods","decision making",1
"decision making","diet/veterinary",1
"decision making","lactation/physiology",1
"decision making","pregnancy",1
"animal husbandry/methods","organic",1
"chickens","organic",1
"adult","farms",1
"adult","perception",1
"dairying/methods","perception",1
"farmers/psychology","farms",1
"farmers/psychology","perception",1
"farms","middle aged",1
"farms","perception",1
"farms","united states",1
"middle aged","perception",1
"perception","surveys and questionnaires",2
"perception","united states",1
"animal feed","animal feed/analysis",1
"animal feed","circular economy",1
"animal feed","polyphenols",1
"animal feed","sheep/physiology",1
"animal feed/analysis","circular economy",2
"animal nutritional physiological phenomena","circular economy",2
"animal nutritional physiological phenomena","polyphenols",2
"animals","circular economy",3
"circular economy","diet/veterinary",2
"circular economy","methane/metabolism",2
"circular economy","milk/chemistry",1
"circular economy","polyphenols",2
"circular economy","sheep/physiology",2
"methane/metabolism","polyphenols",2
"methane/metabolism","sheep/physiology",2
"milk/chemistry","sheep/physiology",1
"milk/chemistry","sustainability",1
"polyphenols","sheep/physiology",2
"polyphenols","sustainability",1
"sheep/physiology","sustainability",1
"meat quality","metabolome",1
"food quality","models, statistical",1
"decision tree","random forest",1
"animal nutritional physiological phenomena","digital livestock transformation",1
"digital livestock transformation","livestock/physiology",1
"digital livestock transformation","plf",3
"livestock/physiology","plf",1
"climate","ethiopia",1
"climate","forests",1
"climate","satellite imagery",1
"climate resilience","ethiopia",3
"conservation of natural resources","rain",2
"conservation of natural resources","rivers",1
"conservation of natural resources","temperature",1
"ethiopia","rain",2
"ethiopia","rivers",1
"ethiopia","satellite imagery",2
"ethiopia","seasons",2
"ethiopia","temperature",1
"forests","rain",2
"forests","rivers",1
"forests","seasons",2
"forests","temperature",1
"rain","rivers",1
"rain","satellite imagery",2
"rain","temperature",1
"rivers","satellite imagery",1
"rivers","seasons",1
"rivers","temperature",1
"satellite imagery","seasons",2
"satellite imagery","temperature",1
"animals","snp",2
"cattle","genomics",1
"cattle","snp",2
"cattle","species specificity",1
"cattle","swine/genetics",1
"genomics","mammals",1
"genomics","pigs",1
"genomics","snp",2
"genomics","swine/genetics",1
"mammals","pigs",1
"mammals","snp",1
"mammals","species specificity",1
"mammals","swine/genetics",1
"pigs","snp",1
"pigs","species specificity",1
"pigs","swine/genetics",1
"snp","species specificity",1
"snp","swine/genetics",1
"species specificity","swine/genetics",1
"microalgae","nutritive value",1
"body composition","environment",1
"animal husbandry/methods","circular economy",1
"animal husbandry/methods","greenhouse effect",2
"circular economy","climate resilience",2
"circular economy","greenhouse effect",1
"circular economy","greenhouse gas emissions",1
"circular economy","greenhouse gases/analysis",1
"circular economy","plf",1
"circular economy","poultry",1
"climate resilience","poultry",2
"greenhouse effect","greenhouse gas emissions",1
"greenhouse effect","plf",1
"greenhouse effect","poultry",1
"greenhouse gas emissions","plf",1
"greenhouse gas emissions","poultry",1
"greenhouse gases/analysis","plf",1
"greenhouse gases/analysis","poultry",1
"animal feed/analysis","sustainable development",1
"animal welfare","poultry/physiology",1
"environment","poultry/physiology",1
"poultry/physiology","sustainability",1
"poultry/physiology","sustainable development",1
"cattle","multiomics",1
"lipid metabolism","multiomics",1
"lipid metabolism","muscle, skeletal/metabolism",1
"lipid metabolism","transcriptome",1
"multiomics","muscle, skeletal/metabolism",1
"muscle, skeletal/metabolism","transcriptome",1
"animal husbandry/methods","antioxidants/metabolism",1
"animal husbandry/methods","oxidative stress",1
"animal husbandry/methods","performance",1
"antioxidants/metabolism","climate resilience",2
"antioxidants/metabolism","performance",1
"antioxidants/metabolism","poultry",1
"chickens/physiology","climate resilience",1
"climate resilience","diet/veterinary",3
"climate resilience","oxidative stress",1
"climate resilience","performance",1
"oxidative stress","performance",1
"oxidative stress","poultry",2
"performance","poultry",1
"animal husbandry/methods","physiology",1
"animal husbandry/methods","volatile organic compounds/analysis",2
"animal welfare","livestock/physiology",1
"animal welfare","physiology",1
"animal welfare","volatile organic compounds/analysis",1
"animals","physiology",1
"health","livestock/physiology",1
"health","volatile organic compounds/analysis",1
"livestock/physiology","physiology",1
"livestock/physiology","volatile organic compounds/analysis",1
"physiology","volatile organic compounds/analysis",1
"bioinformatics","gene regulatory networks",1
"bioinformatics","genomics",1
"bioinformatics","genotype",1
"bioinformatics","livestock",1
"bioinformatics","metabolome",1
"bioinformatics","metabolomics",1
"bioinformatics","phenotype",1
"bioinformatics","proteomics",2
"bioinformatics","quantitative trait loci",1
"bioinformatics","quantitative trait, heritable",1
"bioinformatics","signal transduction",1
"bioinformatics","transcriptome",1
"gene regulatory networks","genomics",1
"gene regulatory networks","genotype",1
"gene regulatory networks","livestock",1
"gene regulatory networks","metabolome",1
"gene regulatory networks","metabolomics",1
"gene regulatory networks","phenotype",1
"gene regulatory networks","proteomics",1
"gene regulatory networks","quantitative trait loci",1
"gene regulatory networks","quantitative trait, heritable",1
"gene regulatory networks","signal transduction",2
"gene regulatory networks","transcriptome",1
"genomics","livestock",1
"genomics","metabolome",1
"genomics","metabolomics",1
"genomics","proteomics",1
"genomics","signal transduction",1
"genomics","transcriptome",1
"genotype","livestock",1
"genotype","metabolome",1
"genotype","metabolomics",1
"genotype","proteomics",1
"genotype","quantitative trait, heritable",1
"genotype","signal transduction",1
"livestock","metabolome",1
"livestock","metabolomics",1
"livestock","phenotype",2
"livestock","proteomics",1
"livestock","quantitative trait loci",1
"livestock","quantitative trait, heritable",1
"livestock","signal transduction",1
"livestock","transcriptome",1
"metabolome","metabolomics",1
"metabolome","phenotype",1
"metabolome","proteomics",1
"metabolome","quantitative trait loci",1
"metabolome","quantitative trait, heritable",1
"metabolome","signal transduction",1
"metabolomics","phenotype",1
"metabolomics","quantitative trait loci",1
"metabolomics","quantitative trait, heritable",1
"metabolomics","signal transduction",1
"metabolomics","transcriptome",2
"phenotype","proteomics",1
"phenotype","signal transduction",1
"phenotype","transcriptome",1
"proteomics","quantitative trait loci",1
"proteomics","quantitative trait, heritable",1
"proteomics","signal transduction",1
"quantitative trait loci","signal transduction",1
"quantitative trait loci","transcriptome",1
"quantitative trait, heritable","signal transduction",1
"quantitative trait, heritable","transcriptome",1
"signal transduction","transcriptome",1
"ai","sustainability",1
"big data","sustainability",2
"breeding","germany",1
"breeding","milk",2
"cattle/genetics","germany",1
"dairy cows","dairying",2
"dairy cows","germany",1
"dairy cows","resilience",1
"germany","lactation/genetics",1
"germany","milk",1
"germany","phenotype",1
"germany","resilience",1
"lactation/genetics","resilience",1
"cattle/genetics","temperature",2
"dairy cow","milk production",1
"breeding","random forest",1
"breeding/methods","cattle",1
"breeding/methods","quantitative trait loci",1
"breeding/methods","random forest",1
"genomics/methods","random forest",1
"livestock/genetics","machine learning",1
"livestock/genetics","random forest",1
"machine learning","quantitative trait loci",1
"deep learning","environmental monitoring/methods",1
"deep learning","nitrates/analysis",1
"deep learning","water pollutants, chemical/analysis",1
"environmental monitoring/methods","precision agriculture",1
"nitrates/analysis","precision agriculture",1
"precision agriculture","water pollutants, chemical/analysis",1
"algorithms","carbon/analysis",1
"algorithms","climate resilience",1
"carbon/analysis","climate resilience",1
"breeding","swine/genetics",3
"cattle/genetics","swine/genetics",2
"genetic variation","genome-wide association study",2
"genetic variation","swine/genetics",1
"data integration","data management",1
"data integration","machine learning",2
"data management","machine learning",1
"animal feed/analysis","monitoring",1
"animal nutritional physiological phenomena","monitoring",1
"animal nutritional physiological phenomena","poultry",2
"animals","monitoring",3
"chickens","digestion",1
"chickens","monitoring",1
"digestion","monitoring",1
"digestion","poultry",1
"monitoring","poultry",1
"agriculture","computer simulation",1
"agriculture","geography",1
"agriculture","risk assessment",2
"biodiversity","computer simulation",1
"biodiversity","geography",1
"biodiversity","risk assessment",1
"climate resilience","computer simulation",1
"climate resilience","kenya",1
"climate resilience","models, statistical",1
"climate resilience","risk assessment",1
"climate resilience","species specificity",1
"computer simulation","ecosystem",1
"computer simulation","geography",1
"computer simulation","kenya",1
"computer simulation","models, statistical",1
"computer simulation","risk assessment",1
"computer simulation","species specificity",1
"ecosystem","risk assessment",1
"geography","kenya",1
"geography","risk assessment",1
"geography","species specificity",1
"kenya","models, statistical",1
"kenya","risk assessment",1
"kenya","species specificity",1
"models, statistical","risk assessment",1
"models, statistical","species specificity",1
"risk assessment","species specificity",1
"behaviour","dairy cow",1
"behaviour","thi",1
"air pollutants/metabolism","digestion",1
"air pollutants/metabolism","eating",1
"air pollutants/metabolism","enteric methane",1
"air pollutants/metabolism","feed efficiency",1
"air pollutants/metabolism","fertility",1
"air pollutants/metabolism","milk/metabolism",1
"air pollutants/metabolism","mitigation",2
"cattle/genetics","digestion",1
"cattle/genetics","enteric methane",1
"cattle/genetics","livestock",1
"cattle/genetics","mitigation",1
"dairying","digestion",1
"dairying","enteric methane",1
"dairying","mitigation",1
"dairying","ruminants",1
"digestion","enteric methane",1
"digestion","environment",1
"digestion","fertility",1
"digestion","livestock",1
"digestion","mitigation",1
"digestion","ruminants",1
"eating","enteric methane",1
"eating","fertility",1
"eating","livestock",1
"eating","methane/metabolism",2
"eating","mitigation",1
"eating","ruminants",1
"enteric methane","environment",1
"enteric methane","feed efficiency",1
"enteric methane","fertility",1
"enteric methane","livestock",1
"enteric methane","methane/metabolism",2
"enteric methane","milk/metabolism",1
"enteric methane","mitigation",1
"environment","feed efficiency",1
"environment","fertility",1
"environment","ruminants",2
"feed efficiency","fertility",1
"feed efficiency","livestock",1
"feed efficiency","mitigation",1
"feed efficiency","ruminants",1
"fertility","livestock",1
"fertility","methane/metabolism",1
"fertility","milk/metabolism",1
"fertility","mitigation",1
"fertility","ruminants",1
"livestock","milk/metabolism",2
"livestock","mitigation",1
"methane/metabolism","mitigation",2
"milk/metabolism","mitigation",1
"milk/metabolism","ruminants",1
"mitigation","ruminants",1
"adult","animals, wild",1
"adult","biomass",1
"adult","buffaloes",1
"adult","population dynamics",1
"adult","seasons",1
"animals, wild","biomass",1
"animals, wild","buffaloes",1
"animals, wild","middle aged",1
"animals, wild","seasons",2
"animals, wild","young adult",1
"biomass","buffaloes",1
"biomass","cattle",1
"biomass","middle aged",1
"biomass","population dynamics",1
"biomass","seasons",1
"biomass","young adult",1
"buffaloes","middle aged",1
"buffaloes","population dynamics",1
"buffaloes","seasons",1
"buffaloes","young adult",1
"middle aged","population dynamics",1
"middle aged","seasons",1
"population dynamics","young adult",1
"seasons","young adult",1
"behavior","thi",1
"dairy cattle","thi",1
"chick embryo","chickens/growth & development",2
"chick embryo","lipid metabolism",1
"chick embryo","liver/metabolism",1
"chick embryo","temperature",1
"chickens/growth & development","lipid metabolism",1
"chickens/growth & development","liver",1
"chickens/growth & development","liver/metabolism",1
"chickens/growth & development","temperature",1
"lipid metabolism","liver",2
"lipid metabolism","liver/metabolism",2
"lipid metabolism","temperature",1
"liver","liver/metabolism",4
"liver","temperature",1
"liver/metabolism","temperature",1
"animal production","grassland",1
"pig","surveillance",1
"buffaloes","milk/chemistry",2
"animal feed/analysis","innate immunity",1
"animal feed/analysis","poultry diseases/prevention & control",1
"animal feed/analysis","viral vaccines/immunology",1
"innate immunity","poultry",1
"innate immunity","poultry diseases/prevention & control",1
"innate immunity","random allocation",1
"innate immunity","viral vaccines/immunology",1
"poultry","viral vaccines/immunology",1
"poultry diseases/prevention & control","random allocation",1
"poultry diseases/prevention & control","viral vaccines/immunology",1
"random allocation","viral vaccines/immunology",1
"animal feed","dairy cow",1
"animal feed","food handling/methods",1
"cattle/metabolism","food handling/methods",1
"dairy cow","diet",1
"dairy cow","fatty acids/analysis",1
"dairy cow","food handling/methods",1
"diet","fatty acids/analysis",1
"diet","food handling/methods",1
"diet","methane/metabolism",1
"diet","milk/chemistry",1
"eating","fatty acids/analysis",1
"eating","food handling/methods",1
"eating","milk/chemistry",1
"fatty acids/analysis","food handling/methods",1
"fatty acids/analysis","methane/metabolism",1
"food handling/methods","lactation",1
"food handling/methods","methane/metabolism",1
"food handling/methods","milk/chemistry",1
"lactation","methane/metabolism",2
"china","food security",1
"conservation of natural resources","food security",1
"chickens","disease resistance",1
"disease resistance","salmonella",1
"poultry","salmonella",1
"behavior, animal/physiology","dairying/economics",1
"behavior, animal/physiology","monitoring",1
"behavior, animal/physiology","prediction",1
"behavior, animal/physiology","reproduction/physiology",1
"behavior, animal/physiology","sensor",1
"cattle/physiology","monitoring",1
"cattle/physiology","prediction",1
"cattle/physiology","sensor",1
"dairying/economics","monitoring",1
"dairying/economics","parturition",1
"dairying/economics","prediction",1
"dairying/economics","reproduction/physiology",1
"dairying/economics","sensor",1
"monitoring","parturition",1
"monitoring","prediction",1
"monitoring","pregnancy",1
"monitoring","reproduction/physiology",1
"parturition","prediction",1
"parturition","reproduction/physiology",1
"parturition","sensor",1
"prediction","pregnancy",1
"prediction","sensor",1
"pregnancy","sensor",1
"reproduction/physiology","sensor",1
"animal feed/analysis","chick embryo",1
"animal feed/analysis","gene expression",1
"animal feed/analysis","hot temperature",2
"broiler","hot temperature",1
"chick embryo","diet/veterinary",1
"chick embryo","dietary supplements/analysis",1
"chick embryo","heat stress",1
"chickens/growth & development","gene expression",1
"chickens/growth & development","heat stress",1
"chickens/growth & development","hot temperature",1
"diet/veterinary","hot temperature",2
"dietary supplements/analysis","gene expression",1
"dietary supplements/analysis","heat stress",1
"dietary supplements/analysis","hot temperature",2
"gene expression","hot temperature",1
"animal nutritional physiological phenomena","silage/analysis",1
"cattle/metabolism","digestibility",1
"cattle/metabolism","silage/analysis",1
"dairy cow","fermentation",1
"dairy cow","rumen/metabolism",1
"dairy cow","silage/analysis",1
"dietary supplements","rumen/metabolism",1
"digestibility","fermentation",1
"digestibility","lactation",1
"digestibility","milk/metabolism",1
"digestibility","rumen/metabolism",1
"digestibility","silage/analysis",1
"methane/metabolism","silage/analysis",1
"animals","vaccine",4
"cattle","disease",1
"cattle","vaccine",1
"disease","vaccine",1
"digital livestock transformation","iot",1
"iot","technologies",1
"agriculture","animal husbandry/methods",2
"agriculture","breeding/methods",1
"agriculture","sperm",1
"agriculture","swine/physiology",1
"ai","sperm",1
"ai","swine/physiology",1
"animal husbandry/methods","sperm",1
"breeding/methods","sperm",1
"breeding/methods","swine/physiology",1
"sperm","swine/physiology",1
"environment","satellite imagery",1
"animal husbandry/methods","technology",1
"animal nutritional physiological phenomena","technology",1
"livestock/physiology","technology",1
"models, theoretical","technology",1
"animal welfare","dairy farming",2
"animal welfare","germany",1
"animals","dairy farming",1
"cattle","dairy farming",1
"dairy farming","dairying",1
"dairy farming","farmers/psychology",1
"dairy farming","germany",1
"dairy farming","surveys and questionnaires",1
"dairying","farmers/psychology",1
"dairying","surveys and questionnaires",2
"farmers/psychology","germany",1
"chickens/physiology","machine learning",3
"neural networks, computer","plf",1
"animals","feed",2
"chickens","fatty acids",2
"chickens","feed",1
"fatty acids","feed",1
"fatty acids","meat/analysis",1
"fatty acids","poultry",1
"feed","meat/analysis",1
"feed","poultry",1
"agriculture/methods","ecology",1
"agriculture/methods","geography",1
"agriculture/methods","models, statistical",1
"conservation of natural resources/methods","ecology",1
"conservation of natural resources/methods","geography",1
"conservation of natural resources/methods","mexico",1
"conservation of natural resources/methods","models, statistical",1
"ecology","environmental monitoring/methods",1
"ecology","geography",1
"ecology","mexico",1
"ecology","models, statistical",1
"ecology","models, theoretical",1
"environmental monitoring/methods","geography",1
"environmental monitoring/methods","models, statistical",1
"environmental monitoring/methods","models, theoretical",1
"geography","mexico",1
"mexico","models, statistical",1
"mexico","models, theoretical",1
"models, statistical","models, theoretical",1
"agriculture","databases, factual",1
"brazil","conservation of natural resources",1
"brazil","databases, factual",1
"conservation of natural resources","databases, factual",1
"crops, agricultural/growth & development","databases, factual",1
"databases, factual","food supply",1
"buffaloes","metabolome",1
"goats","metabolome",1
"crops, agricultural","soil/chemistry",1
"farms","soil/chemistry",1
"animal nutritional physiological phenomena","microbiota",2
"meat/analysis","microbiota",1
"ai","data management",1
"crops, agricultural/growth & development","deep learning",1
"ai","avian influenza",1
"ai","birds",1
"ai","diagnosis",1
"ai","disease outbreaks/veterinary",1
"ai","surveillance",1
"avian influenza","biosensors",1
"avian influenza","birds",1
"avian influenza","diagnosis",1
"avian influenza","surveillance",1
"biosensors","birds",1
"biosensors","diagnosis",1
"biosensors","disease outbreaks/veterinary",1
"biosensors","poultry",1
"biosensors","surveillance",1
"birds","diagnosis",1
"birds","disease outbreaks/veterinary",2
"birds","poultry",1
"birds","surveillance",1
"diagnosis","disease outbreaks/veterinary",1
"diagnosis","poultry",1
"diagnosis","surveillance",1
"disease outbreaks/veterinary","poultry",1
"disease outbreaks/veterinary","surveillance",2
"animal husbandry","cloud computing",1
"animal husbandry","computer vision",1
"animal husbandry","object detection",1
"animal husbandry","software",1
"animals","cloud computing",1
"cloud computing","computer vision",1
"cloud computing","livestock",2
"cloud computing","object detection",1
"cloud computing","software",1
"computer vision","software",1
"livestock","object detection",1
"livestock","software",1
"object detection","software",1
"animal welfare","attitude",2
"attitude","climate resilience",1
"attitude","feed",1
"climate resilience","feed",1
"agriculture","deep learning",1
"agriculture","neural networks, computer",1
"animal husbandry","deep learning",1
"animal husbandry","neural networks, computer",1
"animal husbandry","poultry",3
"neural networks, computer","poultry",1
"carbon dioxide/analysis","climate resilience",1
"carbon dioxide/analysis","food security",1
"animal husbandry","europe",1
"animals","databases, factual",4
"databases, factual","disease outbreaks/prevention & control",1
"air pollutants/analysis","air quality",1
"air pollutants/analysis","carbon dioxide/analysis",1
"air pollutants/analysis","emissions",1
"air pollutants/analysis","farms",1
"air pollutants/analysis","sensor",1
"air pollutants/analysis","ventilation",1
"air pollutants/analysis","volatile organic compounds/analysis",1
"air quality","dairying",1
"air quality","emissions",1
"air quality","environmental monitoring",1
"air quality","farms",1
"air quality","particulate matter/analysis",1
"air quality","sensor",1
"air quality","volatile organic compounds/analysis",1
"ammonia/analysis","dairying",1
"ammonia/analysis","emissions",1
"ammonia/analysis","farms",1
"ammonia/analysis","particulate matter/analysis",1
"ammonia/analysis","sensor",1
"ammonia/analysis","volatile organic compounds/analysis",1
"animals","emissions",1
"carbon dioxide/analysis","cattle",1
"carbon dioxide/analysis","emissions",1
"carbon dioxide/analysis","environmental monitoring",1
"carbon dioxide/analysis","housing, animal",1
"carbon dioxide/analysis","particulate matter/analysis",1
"carbon dioxide/analysis","sensor",1
"carbon dioxide/analysis","ventilation",1
"carbon dioxide/analysis","volatile organic compounds/analysis",1
"cattle","particulate matter/analysis",1
"cattle","ventilation",1
"dairying","emissions",1
"dairying","particulate matter/analysis",1
"dairying","sensor",1
"dairying","ventilation",1
"dairying","volatile organic compounds/analysis",1
"emissions","farms",1
"emissions","housing, animal",1
"emissions","particulate matter/analysis",1
"emissions","sensor",1
"emissions","ventilation",1
"emissions","volatile organic compounds/analysis",1
"environmental monitoring","particulate matter/analysis",3
"environmental monitoring","sensor",1
"environmental monitoring","ventilation",1
"environmental monitoring","volatile organic compounds/analysis",1
"farms","housing, animal",1
"farms","particulate matter/analysis",1
"farms","ventilation",1
"farms","volatile organic compounds/analysis",1
"housing, animal","sensor",1
"housing, animal","volatile organic compounds/analysis",1
"particulate matter/analysis","sensor",1
"particulate matter/analysis","ventilation",1
"particulate matter/analysis","volatile organic compounds/analysis",1
"sensor","ventilation",1
"sensor","volatile organic compounds/analysis",1
"ventilation","volatile organic compounds/analysis",1
"climate resilience","socioeconomic factors",1
"ethiopia","socioeconomic factors",1
"behavior","greenhouse gas",1
"behavior","methane",1
"behavior","milk",1
"behavior","milk production",1
"behavior","rumen",1
"greenhouse gas","lactation/physiology",1
"greenhouse gas","milk production",1
"methane","milk production",1
"milk production","rumen",1
"animal feed","gut health",1
"animal nutritional physiological phenomena","diet",1
"animal nutritional physiological phenomena","gut health",1
"diet","microbiota",2
"feed efficiency","gut health",1
"feed efficiency","microbiota",1
"gut health","microbiota",1
"animal behavior","beef cattle",1
"animal behavior","sustainability",1
"beef cattle","sustainability",2
"feed intake","machine learning",1
"feed intake","water intake",1
"climate resilience","dairy",1
"cattle","feed",1
"environment","feed",1
"environment","herbivory",1
"environment","nutritional status",2
"environment","pregnancy",1
"feed","herbivory",1
"feed","livestock",1
"feed","nutritional status",1
"feed","phenotype",1
"feed","pregnancy",1
"feed","reproduction",1
"feed","ruminants",1
"herbivory","livestock",3
"herbivory","nutritional status",1
"herbivory","phenotype",1
"herbivory","pregnancy",1
"herbivory","ruminants",1
"livestock","nutritional status",1
"livestock","pregnancy",1
"livestock","reproduction",2
"nutritional status","reproduction",1
"nutritional status","ruminants",1
"phenotype","ruminants",1
"pregnancy","ruminants",1
"cattle/physiology","mammary glands, animal/physiology",1
"adult","farmers",1
"adult","rural population",1
"cross-sectional studies","rural population",1
"farmers","middle aged",1
"farmers","rural population",1
"farmers","surveys and questionnaires",2
"middle aged","rural population",1
"deep learning","transportation",1
"body weight","prediction",1
"prediction","weaning",1
"animal feed","gut microbiota",1
"dietary supplements","gastrointestinal microbiome/drug effects",1
"dietary supplements","gut microbiota",1
"dietary supplements","swine",1
"gastrointestinal microbiome/drug effects","gut microbiota",1
"gastrointestinal microbiome/drug effects","swine",1
"gut microbiota","swine",1
"chickens/physiology","manure/analysis",1
"chickens/physiology","volatile organic compounds/analysis",1
"manure/analysis","plf",1
"manure/analysis","stress, physiological",1
"manure/analysis","volatile organic compounds/analysis",1
"plf","stress, physiological",1
"plf","volatile organic compounds/analysis",1
"stress, physiological","volatile organic compounds/analysis",1
"dairy cattle","infrared thermography",1
"agriculture/methods","air pollutants/analysis",1
"agriculture/methods","animal feed/analysis",1
"air pollutants/analysis","animal feed/analysis",1
"air pollutants/analysis","crops, agricultural/growth & development",1
"air pollutants/analysis","grassland",1
"air pollutants/analysis","greenhouse gases/analysis",3
"air pollutants/analysis","livestock",1
"animal feed/analysis","crops, agricultural/growth & development",1
"animal feed/analysis","grassland",2
"animal feed/analysis","greenhouse gases/analysis",1
"animal feed/analysis","livestock",3
"animal feed/analysis","seasons",1
"crops, agricultural/growth & development","grassland",1
"crops, agricultural/growth & development","greenhouse gases/analysis",1
"crops, agricultural/growth & development","livestock",1
"crops, agricultural/growth & development","seasons",1
"grassland","greenhouse gases/analysis",1
"greenhouse gases/analysis","seasons",2
"amino acids/metabolism","muscle, skeletal/metabolism",2
"animal husbandry/methods","gastrointestinal microbiome",1
"animal husbandry/methods","microbiome",1
"cattle/genetics","sheep/genetics",1
"milk/chemistry","sheep/genetics",1
"big data","internet of things",1
"digital livestock transformation","precision agriculture",1
"internet of things","precision agriculture",1
"china","manure",2
"algorithms","poultry",1
"algorithms","precision agriculture",1
"algorithms","sustainability",1
"algorithms","technology",1
"big data","poultry",2
"big data","technology",1
"machine learning","technology",1
"poultry","precision agriculture",1
"precision agriculture","technology",1
"animal husbandry/methods","water quality",1
"health","water quality",1
"poultry","water quality",1
"sustainability","water quality",1
"agriculture/statistics & numerical data","diet",1
"agriculture/statistics & numerical data","food",1
"agriculture/statistics & numerical data","united states",1
"conservation of natural resources","diet",1
"conservation of natural resources","food",1
"diet","food",1
"diet","united states",1
"food","united states",1
"animal husbandry/methods","modelling",1
"animal husbandry/methods","remote sensing technology",1
"animal nutritional physiological phenomena","grazing",1
"animal nutritional physiological phenomena","modelling",1
"animal nutritional physiological phenomena","remote sensing technology",1
"animals","modelling",1
"cattle","modelling",1
"cattle","remote sensing technology",1
"cattle/physiology","modelling",1
"cattle/physiology","remote sensing technology",1
"grazing","modelling",1
"grazing","models, theoretical",1
"grazing","remote sensing technology",1
"modelling","models, biological",1
"modelling","remote sensing technology",1
"models, biological","remote sensing technology",1
"models, theoretical","remote sensing technology",1
"dairy cow","global warming",1
"global warming","heat stress",1
"global warming","thi",1
"cold stress","nutrition",1
"heat stress","nutrition",1
"broiler","health",1
"broiler","organic",1
"broiler","sustainability",1
"health","organic",1
"organic","sustainability",1
"organic","welfare",1
"cattle diseases/diagnosis","rumen",1
"dairying/economics","rumen",1
"cattle","salmonella",1
"dairying/economics","models, theoretical",1
"dairying/economics","salmonella",1
"models, theoretical","salmonella",1
"animal feed/analysis","breeding/methods",1
"animal feed/analysis","enteric methane",2
"animal feed/analysis","greenhouse gases",1
"animal feed/analysis","livestock/genetics",1
"animal feed/analysis","methane/biosynthesis",1
"animal feed/analysis","quantitative trait, heritable",1
"animal feed/analysis","selection, genetic",1
"breeding/methods","enteric methane",1
"breeding/methods","genetics",1
"breeding/methods","greenhouse gases",1
"breeding/methods","methane/biosynthesis",1
"breeding/methods","ruminants",1
"enteric methane","genetics",1
"enteric methane","greenhouse gases",1
"enteric methane","livestock/genetics",1
"enteric methane","quantitative trait, heritable",1
"enteric methane","selection, genetic",1
"genetics","greenhouse gases",2
"genetics","livestock/genetics",1
"genetics","quantitative trait, heritable",1
"genetics","ruminants",1
"genetics","selection, genetic",1
"greenhouse gases","livestock/genetics",1
"greenhouse gases","methane/biosynthesis",1
"greenhouse gases","quantitative trait, heritable",1
"greenhouse gases","selection, genetic",1
"livestock/genetics","methane/biosynthesis",1
"livestock/genetics","ruminants",1
"methane/biosynthesis","quantitative trait, heritable",1
"methane/biosynthesis","ruminants",1
"methane/biosynthesis","selection, genetic",1
"quantitative trait, heritable","ruminants",1
"quantitative trait, heritable","selection, genetic",1
"ruminants","selection, genetic",1
"breeding","gastrointestinal microbiome",1
"breeding","microbiome",1
"gastrointestinal microbiome","sheep",1
"animal welfare","beef cattle",1
"animal welfare","feedlot",1
"beef cattle","feedlot",1
"computer vision","feedlot",1
"feedlot","plf",1
"automation","estrus detection",1
"automation","fertility",1
"automation","pregnancy",1
"cattle/physiology","fertility",1
"estrus detection","fertility",2
"estrus detection","lactation",1
"ai","dairy cow",2
"air pollutants/metabolism","australia",1
"air pollutants/metabolism","beef cattle",1
"air pollutants/metabolism","brazil",1
"air pollutants/metabolism","greenhouse gas",1
"animal husbandry","australia",2
"animal husbandry","greenhouse gas",1
"animal husbandry","mitigation",1
"australia","beef cattle",2
"australia","brazil",1
"australia","environment",1
"australia","environmental monitoring/methods",1
"australia","greenhouse gas",1
"australia","methane/metabolism",2
"australia","mitigation",1
"beef cattle","environment",1
"beef cattle","environmental monitoring/methods",1
"beef cattle","greenhouse gas",1
"beef cattle","methane/metabolism",3
"beef cattle","mitigation",1
"brazil","environmental monitoring/methods",1
"brazil","greenhouse gas",1
"brazil","methane",1
"brazil","methane/metabolism",1
"brazil","mitigation",1
"environment","greenhouse gas",2
"environmental monitoring/methods","mitigation",1
"greenhouse gas","mitigation",1
"methane","mitigation",1
"agriculture","greenhouse effect",1
"agriculture","methane/analysis",1
"agriculture","nutritional status",1
"animal husbandry/methods","methane/analysis",1
"animal husbandry/methods","nutritional status",1
"cattle","greenhouse effect",1
"climate resilience","nutritional status",1
"climate resilience","resilience",2
"environment","greenhouse effect",1
"greenhouse effect","greenhouse gas",1
"greenhouse effect","greenhouse gases",1
"greenhouse effect","nutritional status",1
"greenhouse effect","resilience",1
"greenhouse gas","greenhouse gases",1
"greenhouse gas","methane/analysis",1
"greenhouse gas","nutritional status",1
"greenhouse gas","resilience",1
"greenhouse gas","sustainability",1
"greenhouse gases","nutritional status",1
"greenhouse gases","resilience",1
"methane/analysis","nutritional status",1
"methane/analysis","resilience",1
"methane/analysis","sustainability",1
"nutritional status","resilience",1
"nutritional status","sustainability",1
"breeding/methods","genomic selection",2
"genomic selection","sheep/genetics",1
"animal husbandry/methods","heat tolerance",1
"animal husbandry/methods","heat-shock response",1
"animal husbandry/methods","hot temperature",2
"animal husbandry/methods","management",1
"animal husbandry/methods","semen analysis/veterinary",1
"animals","heat tolerance",1
"chickens/physiology","heat tolerance",1
"chickens/physiology","heat-shock response",2
"chickens/physiology","management",1
"chickens/physiology","tropical climate",1
"heat tolerance","heat-shock response",1
"heat tolerance","hot temperature",1
"heat tolerance","humidity",1
"heat tolerance","management",1
"heat tolerance","semen analysis/veterinary",1
"heat tolerance","temperature",1
"heat tolerance","tropical climate",1
"heat-shock response","management",1
"heat-shock response","semen analysis/veterinary",1
"heat-shock response","tropical climate",1
"hot temperature","management",1
"hot temperature","semen analysis/veterinary",1
"humidity","management",1
"humidity","semen analysis/veterinary",1
"management","semen analysis/veterinary",1
"management","temperature",1
"management","tropical climate",1
"semen analysis/veterinary","temperature",1
"semen analysis/veterinary","tropical climate",1
"temperature","tropical climate",1
"cattle","gene regulatory networks",1
"gene expression profiling","gene regulatory networks",1
"gene expression profiling","signal transduction",1
"gene expression regulation","gene regulatory networks",1
"animal husbandry/instrumentation","eggs",1
"eggs","poultry",1
"health","internet of things",1
"internet of things","welfare",1
"behavior recognition","yolov",2
"cow behavior","yolov",1
"animal feed/analysis","tropical climate",1
"animal husbandry","cattle/genetics",1
"australia","phenotype",1
"australia","tropical climate",1
"beef cattle","tropical climate",1
"cattle/genetics","tropical climate",1
"methane","tropical climate",1
"methane/metabolism","tropical climate",1
"phenotype","tropical climate",1
"sustainability","tropical climate",1
"chicken","poultry diseases/virology",1
"agriculture/statistics & numerical data","climate resilience",1
"agriculture/statistics & numerical data","environmental monitoring",1
"agriculture/statistics & numerical data","south africa",1
"agriculture/statistics & numerical data","spatio-temporal analysis",1
"climate resilience","environmental monitoring",2
"climate resilience","spatio-temporal analysis",1
"environmental monitoring","spatio-temporal analysis",1
"south africa","spatio-temporal analysis",1
"emission","livestock production",1
"emission","machine learning",1
"agriculture","bacteria/genetics",1
"agriculture","biofuels",1
"agriculture","european union",1
"agriculture","monitoring",1
"bacteria/genetics","biofuels",1
"bacteria/genetics","european union",1
"bacteria/genetics","monitoring",1
"bacteria/genetics","risk assessment",1
"biofuels","european union",1
"biofuels","monitoring",1
"biofuels","risk assessment",1
"biofuels","soil microbiology",1
"european union","monitoring",1
"european union","risk assessment",1
"european union","soil microbiology",1
"monitoring","risk assessment",1
"monitoring","soil microbiology",1
"risk assessment","soil microbiology",1
"meat/analysis","swine",1
"algorithms","unmanned aerial devices",1
"circular economy","conservation",1
"conservation","sustainability",1
"cattle","fatty acid profile",1
"cattle","meat quality",1
"animals, wild","simulation",1
"cattle","one health",1
"cattle","simulation",1
"one health","simulation",1
"cattle","methane emissions",1
"global warming","methane emissions",1
"greenhouse gas","methane emissions",1
"cluster analysis","technology",1
"behavior","diagnosis",1
"animal feed/analysis","egg production",1
"animal feed/analysis","models, theoretical",1
"animal nutritional physiological phenomena","egg production",1
"animal nutritional physiological phenomena","growth",1
"diet/veterinary","egg production",1
"diet/veterinary","models, theoretical",1
"diet/veterinary","poultry/physiology",1
"egg production","growth",2
"egg production","models, theoretical",1
"egg production","poultry",1
"egg production","poultry/physiology",1
"growth","models, biological",1
"growth","models, theoretical",1
"growth","poultry",1
"growth","poultry/physiology",1
"models, biological","poultry/physiology",1
"models, theoretical","poultry/physiology",1
"poultry","poultry/physiology",1
"air pollutants/analysis","china",1
"chickens","china",1
"chickens","seasons",1
"china","environmental monitoring",1
"china","particulate matter/analysis",1
"china","seasons",1
"manure","particulate matter/analysis",1
"particulate matter/analysis","seasons",1
"microbiota","sustainability",1
"microbiota","swine",1
"sustainability","swine",1
"sustainable development","water supply",2
"feeding behavior","rumen",1
"one health","ruminants",1
"consumer behavior","covid-",1
"consumer behavior","machine learning",1
"covid-","machine learning",1
"animal husbandry/methods","time factors",1
"chickens/physiology","time factors",1
"adult","feeding behavior",1
"adult","reproducibility of results",1
"feeding behavior","middle aged",1
"feeding behavior","reproducibility of results",1
"feeding behavior","surveys and questionnaires",1
"feeding behavior","young adult",1
"middle aged","reproducibility of results",1
"reproducibility of results","surveys and questionnaires",1
"reproducibility of results","young adult",1
"animal nutritional physiological phenomena","fatty acids, volatile/metabolism",1
"beef cattle","dietary supplements/analysis",1
"beef cattle","digestion/drug effects",1
"beef cattle","dose-response relationship, drug",1
"beef cattle","fatty acids, volatile/metabolism",1
"beef cattle","fermentation",1
"beef cattle","rumen/metabolism",1
"cattle/physiology","dietary supplements/analysis",2
"cattle/physiology","dose-response relationship, drug",1
"dietary supplements/analysis","methane",1
"digestion/drug effects","dose-response relationship, drug",1
"digestion/drug effects","fatty acids, volatile/metabolism",1
"digestion/drug effects","methane",1
"dose-response relationship, drug","fatty acids, volatile/metabolism",1
"dose-response relationship, drug","fermentation",1
"dose-response relationship, drug","methane",1
"dose-response relationship, drug","methane/metabolism",1
"dose-response relationship, drug","rumen/metabolism",1
"animal feed/analysis","dairy cattle",1
"animal feed/analysis","genome",1
"animal feed/analysis","genomics",1
"animal feed/analysis","metabolism",1
"cattle/genetics","metabolism",1
"cattle/genetics","nutrition",1
"dairy cattle","genome",1
"dairy cattle","metabolism",1
"dairy cattle","nutrition",1
"diet/veterinary","genome",1
"diet/veterinary","genomics",1
"diet/veterinary","metabolism",1
"genome","metabolism",1
"genome","nutrition",1
"genomics","metabolism",1
"genomics","nutrition",1
"metabolism","nutrition",1
"breeding","goat",1
"genetic variation","genome",2
"genetic variation","goat",1
"genetic variation","polymorphism, single nucleotide",2
"genetic variation","quantitative trait loci",1
"genome","genome-wide association study",2
"genome","goat",1
"genome","phenotype",3
"genome","polymorphism, single nucleotide",4
"genome","quantitative trait loci",2
"genome","quantitative trait, heritable",1
"genome-wide association study","goat",1
"goat","polymorphism, single nucleotide",1
"goat","quantitative trait loci",1
"goat","quantitative trait, heritable",1
"animal husbandry","goats/physiology",1
"animal husbandry","grassland",1
"animal husbandry","horses",1
"animal husbandry","lactation",1
"biodiversity","goats/physiology",1
"biodiversity","horses",1
"biodiversity","lactation",1
"biodiversity","sheep",1
"cattle","goats/physiology",1
"ecosystem","horses",1
"ecosystem","lactation",1
"goats/physiology","grassland",1
"goats/physiology","horses",1
"goats/physiology","livestock",1
"goats/physiology","sheep",1
"grassland","horses",1
"grassland","lactation",1
"horses","lactation",1
"lactation","sheep",1
"grazing management","soil",1
"cattle","estrus detection",2
"estrus detection","time factors",1
"fertility","time factors",2
"greenhouse gas","rumen fermentation",1
"ai","farmers",1
"ai","sheep",3
"animal husbandry/methods","sheep",2
"farmers","sheep",1
"dairy cattle","snp",1
"animal nutritional physiological phenomena","antioxidants/metabolism",1
"animal nutritional physiological phenomena","enteric methane",1
"animal nutritional physiological phenomena","ruminant",1
"antioxidants/metabolism","circular economy",1
"antioxidants/metabolism","digestion/drug effects",1
"antioxidants/metabolism","enteric methane",1
"antioxidants/metabolism","fermentation",1
"antioxidants/metabolism","methane/metabolism",1
"antioxidants/metabolism","polyphenols",1
"antioxidants/metabolism","rumen/metabolism",1
"antioxidants/metabolism","ruminant",1
"antioxidants/metabolism","sheep/physiology",1
"circular economy","digestion/drug effects",1
"circular economy","enteric methane",1
"circular economy","fermentation",1
"circular economy","rumen/metabolism",1
"circular economy","ruminant",1
"climate resilience","digestion/drug effects",1
"climate resilience","enteric methane",1
"climate resilience","fermentation",2
"climate resilience","methane/metabolism",1
"climate resilience","polyphenols",1
"climate resilience","rumen/metabolism",2
"climate resilience","ruminant",1
"diet/veterinary","enteric methane",1
"digestion/drug effects","enteric methane",1
"digestion/drug effects","polyphenols",1
"enteric methane","fermentation",1
"enteric methane","polyphenols",1
"enteric methane","ruminant",1
"enteric methane","sheep/physiology",1
"fermentation","polyphenols",1
"fermentation","sheep/physiology",1
"polyphenols","rumen/metabolism",1
"polyphenols","ruminant",1
"rumen/metabolism","sheep/physiology",1
"ruminant","sheep/physiology",1
"animal welfare/standards","australia",1
"animal welfare/standards","sheep/physiology",1
"animal husbandry/methods","farmers/psychology",1
"farmers/psychology","livestock",1
"abattoirs","chickens",1
"abattoirs","climate",1
"abattoirs","humidity",1
"abattoirs","meat",1
"abattoirs","tropical climate",1
"chickens","climate",1
"chickens","tropical climate",1
"climate","humidity",2
"climate","meat",1
"climate","tropical climate",1
"humidity","meat",1
"meat","tropical climate",1
"feed additives","heat stress",1
"adaptation","ruminants",1
"cattle/genetics","hot temperature",1
"cattle/genetics","humidity",1
"genotype","hot temperature",1
"genotype","humidity",1
"genotype","lactation/genetics",1
"hot temperature","lactation/genetics",1
"humidity","lactation/genetics",1
"lactation/genetics","temperature",1
"poultry","production",2
"dairy sheep","fatty acid profile",1
"agriculture/methods","internet of things",1
"crops, agricultural/growth & development","internet of things",1
"heat stress","milk quality",1
"heat stress","somatic cell count",1
"milk quality","pasture",1
"milk quality","rumination",1
"milk quality","somatic cell count",1
"milk quality","temperature humidity index",1
"pasture","rumination",1
"pasture","somatic cell count",1
"pasture","temperature humidity index",1
"rumination","somatic cell count",1
"rumination","temperature humidity index",1
"somatic cell count","temperature humidity index",1
"dairying","mastitis, bovine/diagnosis",1
"mastitis, bovine/diagnosis","seasons",1
"data mining","farmers",1
"farmers","machine learning",1
"algorithms","environmental monitoring",1
"algorithms","lakes",1
"algorithms","water quality",1
"environmental monitoring","lakes",1
"lakes","water quality",1
"acidosis","adaptation",1
"animal husbandry/methods","reproduction",1
"chickens/physiology","reproduction",1
"machine learning","models, biological",1
"machine learning","ovum/physiology",1
"machine learning","reproduction",1
"models, biological","reproduction",1
"ovum/physiology","reproduction",1
"body temperature","plf",1
"cattle/genetics","prediction accuracy",1
"genome","genomic selection",1
"genome","prediction accuracy",1
"genomic selection","genomics/methods",1
"genomic selection","genotype",1
"genomic selection","phenotype",1
"genomic selection","polymorphism, single nucleotide",1
"genomic selection","prediction accuracy",1
"genomics/methods","prediction accuracy",1
"genotype","prediction accuracy",1
"polymorphism, single nucleotide","prediction accuracy",1
"fermentation","milk",1
"fermentation","taste",1
"goats","taste",1
"digestion","stress, physiological",1
"animal husbandry/methods","south africa",1
"conservation of natural resources","resilience",1
"livestock/physiology","resilience",1
"livestock/physiology","south africa",1
"livestock/physiology","sustainability",1
"resilience","south africa",1
"south africa","sustainability",1
"animal feed/analysis","greenhouse gas emissions",1
"animal nutritional physiological phenomena","cattle/growth & development",1
"animal nutritional physiological phenomena","greenhouse gas emissions",1
"animal nutritional physiological phenomena","nitrogen/metabolism",1
"cattle/growth & development","greenhouse gas emissions",1
"cattle/growth & development","methane/metabolism",1
"diet/veterinary","greenhouse gas emissions",1
"greenhouse gas emissions","methane/metabolism",1
"greenhouse gas emissions","nitrogen/metabolism",1
"methane/metabolism","nitrogen/metabolism",1
"conservation of natural resources","population density",2
"livestock","south africa",1
"population density","south africa",1
"environmental monitoring","environmental monitoring/methods",1
"environmental monitoring","greenhouse gases/analysis",1
"environmental monitoring/methods","greenhouse gases/analysis",2
"dairy cows","milk composition",2
"dairy cows","milk production",1
"heat stress","milk composition",1
"heat stress","milk production",1
"milk composition","milk production",1
"housing, animal","poultry production",1
"bos taurus","bovine",1
"bos taurus","pathogens",1
"bovine","pathogens",1
"farm management","grassland",1
"farm management","mitigation",1
"grassland","mitigation",1
"grassland","nitrate",1
"mitigation","nitrate",1
"disease outbreaks/veterinary","livestock",1
"disease outbreaks/veterinary","vaccine",1
"livestock","surveillance",1
"livestock","vaccine",1
"surveillance","vaccine",1
"conservation of natural resources","geographic information systems",4
"environmental monitoring/methods","kenya",1
"environmental monitoring/methods","soil",1
"environmental monitoring/methods","trees",1
"forests","kenya",1
"forests","soil",1
"geographic information systems","kenya",1
"geographic information systems","soil",1
"geographic information systems","trees",1
"kenya","soil",1
"kenya","trees",1
"soil","trees",1
"deep learning","yolov",1
"machine learning","yolov",1
"resilience","welfare",1
"robustness","sensors",1
"robustness","welfare",1
"sensors","welfare",1
"animal husbandry/instrumentation","cattle/physiology",1
"animal husbandry/instrumentation","grazing management",1
"animals","grazing management",2
"cattle/physiology","grazing management",1
"grazing management","livestock",1
"amino acids","animal feed",1
"amino acids","sustainability",1
"animal feed","microalgae",1
"body weight","buffalo",1
"body weight","principal component analysis",1
"body weight","random forest",1
"buffalo","principal component analysis",1
"buffalo","random forest",1
"principal component analysis","random forest",1
"dairy cattle","sensor",1
"health","sensor",1
"dairy farming","machine learning",1
"data management","databases, factual",1
"data management","phenotype",1
"databases, factual","phenotype",1
"egg production","gut health",1
"egg production","immunity",1
"egg production","meat quality",1
"egg production","public health",1
"egg production","welfare",1
"growth","gut health",1
"growth","meat quality",1
"growth","public health",1
"growth","welfare",1
"gut health","immunity",1
"gut health","meat quality",1
"gut health","public health",1
"immunity","meat quality",1
"immunity","public health",1
"immunity","welfare",1
"meat quality","public health",1
"meat quality","welfare",1
"public health","welfare",1
"air pollutants/analysis","methane emissions",1
"air pollutants/analysis","satellite imagery",1
"air pollutants/analysis","wetlands",1
"environmental monitoring/methods","methane emissions",1
"environmental monitoring/methods","methane/analysis",1
"environmental monitoring/methods","wetlands",2
"greenhouse gases/analysis","methane emissions",1
"greenhouse gases/analysis","satellite imagery",1
"greenhouse gases/analysis","wetlands",1
"methane emissions","satellite imagery",1
"methane emissions","seasons",1
"methane emissions","wetlands",1
"methane/analysis","satellite imagery",1
"methane/analysis","wetlands",1
"satellite imagery","wetlands",1
"seasons","wetlands",1
"gene editing","swine",1
"cattle","phylogeny",1
"feces/microbiology","machine learning",1
"feces/microbiology","phylogeny",1
"machine learning","phylogeny",1
"machine learning","swine",1
"phylogeny","swine",1
"animal husbandry/methods","animal monitoring",1
"animal husbandry/methods","germany",1
"animal monitoring","animals",1
"animal monitoring","behavior, animal",1
"animal monitoring","cattle/physiology",1
"animal monitoring","germany",1
"animal monitoring","housing, animal",1
"animal monitoring","plf",1
"behavior, animal","germany",1
"cattle/physiology","germany",1
"germany","housing, animal",1
"germany","plf",1
"dairying","perception",1
"dairying","survey",1
"germany","perception",1
"germany","survey",1
"perception","survey",1
"survey","surveys and questionnaires",1
"biodiversity","environmental impact",2
"biodiversity","population density",1
"ecosystem","environmental impact",1
"environmental impact","population density",1
"population density","sustainable development",1
"microbiota","transcriptomics",1
"ecosystem","housing",1
"europe","housing",1
"housing","soil/chemistry",1
"aquaculture","feed efficiency",1
"aquaculture","machine learning",2
"aquaculture","metabolomics",1
"aquaculture","random forest",1
"feed efficiency","metabolomics",1
"feed efficiency","proteomics",1
"feed efficiency","random forest",1
"machine learning","proteomics",2
"metabolomics","random forest",1
"proteomics","random forest",1
"machine learning","metabolome",1
"metabolome","milk/metabolism",1
"metabolome","spectroscopy, fourier transform infrared/veterinary",1
"milk/metabolism","spectroscopy, fourier transform infrared/veterinary",1
"chickens","lipid metabolism",1
"chickens","stress",1
"chickens","stress, physiological",1
"immunity","lipid metabolism",1
"immunity","liver",2
"immunity","liver/metabolism",2
"immunity","stress",1
"immunity","stress, physiological",1
"lipid metabolism","stress",1
"lipid metabolism","stress, physiological",1
"liver","stress",1
"liver","stress, physiological",1
"liver/metabolism","stress",1
"liver/metabolism","stress, physiological",1
"china","prediction",1
"mammals","sheep",1
"feed intake","laying hen",1
"feed intake","production performance",1
"laying hen","production performance",1
"livestock","nutrition",2
"livestock","nutritive value",1
"nutrition","nutritive value",1
"carbon dioxide","greenhouse gases",1
"carbon dioxide","hydrogen-ion concentration",1
"carbon dioxide","manure/analysis",1
"carbon dioxide","methane/analysis",1
"carbon dioxide","swine",1
"greenhouse gases","hydrogen-ion concentration",1
"greenhouse gases","swine",1
"hydrogen-ion concentration","manure/analysis",1
"hydrogen-ion concentration","methane/analysis",1
"manure/analysis","swine",1
"methane/analysis","swine",1
"bovine","cross-sectional studies",1
"bovine","dairying",1
"bovine","lactation",1
"bovine","milk",1
"cross-sectional studies","dairying",2
"cross-sectional studies","milk",1
"covid-","policy",1
"policy","resilience",1
"global warming","methane emission",1
"global warming","rumination",1
"methane emission","rumination",1
"beef cattle","modelling",1
"beef cattle","pasture",1
"beef cattle","review",1
"modelling","pasture",1
"pasture","review",1
"fertility","plf",1
"fertility","retrospective studies",1
"fertilization","plf",1
"insemination, artificial/veterinary","plf",1
"insemination, artificial/veterinary","retrospective studies",1
"milk/chemistry","plf",1
"milk/chemistry","retrospective studies",1
"plf","retrospective studies",1
"plf","time factors",1
"gene editing","poultry",1
"apoptosis","heat stress",1
"apoptosis","sperm",1
"apoptosis","transcriptome",1
"heat stress","sperm",1
"heat stress","transcriptome",1
"sperm","transcriptome",1
"big data","deep learning",1
"big data","iot",1
"big data","pathogens",1
"big data","production",1
"deep learning","iot",1
"deep learning","pathogens",1
"deep learning","production",1
"deep learning","sensors",1
"iot","pathogens",1
"iot","poultry",1
"iot","production",1
"iot","sensors",1
"machine learning","pathogens",1
"machine learning","production",1
"pathogens","poultry",1
"pathogens","production",1
"pathogens","sensors",1
"poultry","sensors",1
"production","sensors",1
"cattle diseases/diagnosis","cow",1
"cattle diseases/diagnosis","monitoring",1
"cattle diseases/diagnosis","rumination",1
"cow","health",1
"cow","lactation",1
"cow","milk",1
"cow","monitoring",1
"cow","reproduction",1
"health","monitoring",1
"health","rumination",1
"lactation","monitoring",1
"lactation","rumination",1
"milk","monitoring",1
"milk","rumination",1
"monitoring","reproduction",1
"monitoring","rumination",1
"reproduction","rumination",1
"environmental impact","modelling",1
"cattle","liver",2
"lactation/physiology","liver",1
"lactation/physiology","liver/metabolism",1
"lactation/physiology","metabolomics",1
"lactation/physiology","proteomics",1
"liver","metabolomics",1
"liver","milk/chemistry",1
"liver","pregnancy",2
"liver","proteomics",1
"liver/metabolism","metabolomics",2
"liver/metabolism","milk/chemistry",1
"liver/metabolism","pregnancy",2
"liver/metabolism","proteomics",1
"metabolomics","milk/chemistry",1
"metabolomics","pregnancy",1
"milk/chemistry","proteomics",1
"conservation of natural resources/methods","soil/chemistry",1
"environmental monitoring","ethiopia",1
"environmental monitoring","soil/chemistry",1
"animal distribution","climate",1
"animal distribution","disease outbreaks",1
"animal distribution","models, theoretical",1
"animal distribution","united kingdom",1
"climate","disease outbreaks",1
"climate","united kingdom",1
"disease outbreaks","models, theoretical",2
"disease outbreaks","united kingdom",1
"models, theoretical","united kingdom",1
"beef cattle","genetics",1
"beef cattle","greenhouse gases",1
"beef cattle","nutrition",1
"genetics","growth performance",1
"greenhouse gases","growth performance",1
"greenhouse gases","nutrition",1
"growth performance","nutrition",1
"chickens/growth & development","microbiota",1
"chickens/growth & development","one health",1
"chickens/growth & development","poultry",1
"gastrointestinal microbiome/drug effects","one health",1
"gastrointestinal microbiome/drug effects","poultry",1
"microbiota","one health",1
"one health","poultry",1
"climate resilience","digestion",1
"climate resilience","feeding behavior",1
"climate resilience","methane",1
"climate resilience","plant breeding",1
"climate resilience","silage/analysis",1
"dairy cattle","digestion",1
"dairy cattle","feeding behavior",1
"dairy cattle","greenhouse gases",1
"dairy cattle","plant breeding",1
"dairy cattle","silage/analysis",1
"diet/veterinary","greenhouse gases",1
"diet/veterinary","plant breeding",1
"digestion","greenhouse gases",1
"digestion","plant breeding",1
"feeding behavior","fermentation",1
"feeding behavior","greenhouse gases",1
"feeding behavior","methane",1
"feeding behavior","plant breeding",1
"feeding behavior","silage/analysis",1
"fermentation","greenhouse gases",1
"fermentation","milk/chemistry",1
"fermentation","plant breeding",1
"greenhouse gases","milk/chemistry",1
"greenhouse gases","rumen/metabolism",1
"greenhouse gases","silage/analysis",1
"methane","plant breeding",1
"milk/chemistry","plant breeding",1
"plant breeding","rumen/metabolism",1
"plant breeding","silage/analysis",1
"biotechnology","livestock",1
"biotechnology","reproduction",1
"milk quality","milk yield",1
"milk quality","precision nutrition",1
"milk yield","precision nutrition",1
"computer vision","precision farming",1
"object detection","precision farming",1
"climate resilience","renewable energy",1
"renewable energy","sustainable development goals",1
"birds","swine",1
"disease outbreaks/veterinary","swine",1
"influenza in birds/epidemiology","swine",1
"adult","australia",1
"chickens","food quality",1
"chickens","ovum/physiology",1
"food quality","ovum/physiology",1
"biodiversity","geographic information systems",1
"biodiversity","pakistan",1
"geographic information systems","pakistan",1
"animal husbandry","bioinformatics",1
"animal husbandry","chickens/genetics",1
"animal husbandry","education",1
"animal husbandry","microbiome",1
"animal husbandry","microbiota",1
"bioinformatics","chickens/genetics",1
"bioinformatics","education",1
"bioinformatics","farmers",1
"bioinformatics","microbiota",1
"bioinformatics","poultry",1
"chickens/genetics","education",1
"chickens/genetics","farmers",1
"chickens/genetics","microbiome",1
"chickens/genetics","microbiota",1
"education","farmers",1
"education","microbiome",1
"education","microbiota",1
"farmers","microbiome",1
"farmers","microbiota",1
"air pollution, indoor/analysis","environmental monitoring",1
"animal husbandry/methods","environmental monitoring",1
"eggs","environmental monitoring",1
"climate","health",1
"climate","pregnancy",1
"climate","retrospective studies",1
"climate","stress",1
"health","humidity",1
"health","retrospective studies",1
"health","temperature",1
"humidity","retrospective studies",1
"humidity","stress",1
"pregnancy","stress",1
"retrospective studies","stress",1
"retrospective studies","temperature",1
"stress","temperature",1
"animal feed/analysis","aquaculture",1
"heritability","machine learning",1
"bioinformatics","biomarkers/metabolism",1
"bioinformatics","cattle",2
"bioinformatics","insemination, artificial/veterinary",1
"bioinformatics","machine learning",1
"biomarkers/metabolism","insemination, artificial/veterinary",1
"biomarkers/metabolism","machine learning",1
"insemination, artificial/veterinary","proteomics",1
"developing countries","environmental monitoring",1
"developing countries","risk assessment",1
"environmental monitoring","risk assessment",1
"dairy cattle","disease",1
"animal behavior","deep learning",1
"animal behavior","precision farming",1
"animal husbandry/methods","anti-bacterial agents/pharmacology",1
"anti-bacterial agents/pharmacology","poultry",1
"agriculture","cattle/genetics",1
"agriculture","genome",1
"breeding","ethiopia",1
"cattle/genetics","ethiopia",1
"ethiopia","genome",1
"ethiopia","polymorphism, single nucleotide",1
"breeding","egg production",1
"breeding","feed intake",1
"egg production","feed efficiency",1
"egg production","feed intake",1
"agriculture","production",1
"agriculture","reproducibility of results",1
"farms","production",1
"farms","reproducibility of results",1
"livestock","reproducibility of results",1
"meat","plf",1
"meat","reproducibility of results",1
"meat","swine",1
"plf","production",1
"plf","reproducibility of results",1
"production","reproducibility of results",1
"production","swine",1
"reproducibility of results","swine",1
"seasons","spatio-temporal analysis",2
"heat stress","random forest",1
"plf","random forest",1
"goats","livestock production",1
"genomic selection","goat",1
"genomic selection","sheep",1
"agriculture","energy consumption",1
"energy consumption","farms",1
"swine","vaccine",1
"swine","viral vaccines/immunology",1
"vaccine","viral vaccines/immunology",1
"animal husbandry/methods","herbivory",2
"conservation of natural resources/methods","digital livestock transformation",1
"conservation of natural resources/methods","farmers",1
"conservation of natural resources/methods","herbivory",1
"conservation of natural resources/methods","plf",1
"digital livestock transformation","herbivory",1
"farmers","herbivory",1
"farmers","plf",1
"herbivory","plf",1
"biomarkers/metabolism","diet",1
"biomarkers/metabolism","livestock",1
"biomarkers/metabolism","microbiome",1
"biomarkers/metabolism","microbiota",1
"biomarkers/metabolism","oxidation-reduction",1
"biomarkers/metabolism","oxidative stress",1
"diet","microbiome",1
"diet","oxidation-reduction",1
"diet","oxidative stress",1
"livestock","microbiome",1
"livestock","microbiota",1
"livestock","oxidation-reduction",1
"livestock","oxidative stress",2
"microbiome","oxidation-reduction",1
"microbiome","oxidative stress",1
"microbiota","oxidation-reduction",1
"microbiota","oxidative stress",1
"oxidation-reduction","oxidative stress",1
"animal feed","colombia",1
"animal feed","methane/analysis",1
"colombia","dairying/methods",1
"colombia","methane/analysis",1
"colombia","milk/chemistry",1
"colombia","poaceae",1
"dairying/methods","methane/analysis",1
"methane/analysis","poaceae",1
"milk/chemistry","poaceae",1
"poultry production","precision farming",1
"goats","modeling",1
"goats","vaccination",1
"modeling","sheep",1
"modeling","vaccination",1
"sheep","vaccination",1
"animal welfare","broiler chicken",1
"broiler chicken","livestock",1
"digital livestock transformation","machine learning",1
"environmental monitoring/methods","rain",1
"organic","pig",1
"organic","sustainable development goals",1
"pig","sustainable development goals",1
"crops, agricultural","environmental impact",1
"parturition","pig",1
"parturition","welfare",1
"pig","welfare",1
"animal feed/analysis","environmental sustainability",1
"animal feed/analysis","genetic improvement",2
"animal husbandry/methods","environmental sustainability",1
"animal husbandry/methods","genetic improvement",1
"animal husbandry/methods","genetics",1
"animal husbandry/methods","swine/genetics",2
"animal nutritional physiological phenomena","breeding",1
"animal nutritional physiological phenomena","environmental sustainability",1
"animal nutritional physiological phenomena","genetic improvement",2
"animal nutritional physiological phenomena","genetics",1
"animal nutritional physiological phenomena","swine/genetics",1
"breeding","conservation of natural resources",1
"breeding","diet/veterinary",1
"breeding","environmental sustainability",1
"breeding","genetic improvement",1
"conservation of natural resources","environmental sustainability",1
"conservation of natural resources","genetic improvement",1
"conservation of natural resources","genetics",1
"conservation of natural resources","swine/genetics",1
"diet/veterinary","environmental sustainability",1
"diet/veterinary","genetic improvement",1
"diet/veterinary","genetics",1
"diet/veterinary","swine/genetics",1
"environment","environmental sustainability",1
"environment","genetic improvement",1
"environment","swine/genetics",2
"environmental sustainability","genetic improvement",1
"environmental sustainability","genetics",1
"environmental sustainability","swine/genetics",1
"genetic improvement","genetics",1
"genetic improvement","swine/genetics",1
"genetics","swine/genetics",1
"animal husbandry/methods","eating/genetics",1
"eating/genetics","environment",1
"eating/genetics","swine/genetics",1
"small ruminants","sustainability",1
"biogas","decision making",1
"dairy cows","housing",1
"heat stress","housing",1
"cattle","socioeconomic factors",1
"colombia","dairying/economics",1
"colombia","milk production",1
"colombia","socioeconomic factors",1
"colombia","surveys and questionnaires",1
"dairying/economics","socioeconomic factors",1
"dairying/economics","surveys and questionnaires",1
"milk production","socioeconomic factors",1
"milk production","surveys and questionnaires",1
"socioeconomic factors","surveys and questionnaires",1
"animal behaviour","welfare",1
"ai","precision dairy farming",1
"animals","precision dairy farming",2
"cattle","precision dairy farming",2
"dairying/methods","precision dairy farming",2
"animal husbandry/methods","buffaloes",1
"animal husbandry/methods","goats",1
"animal husbandry/methods","ruminants/physiology",1
"buffaloes","livestock/physiology",1
"buffaloes","ruminants/physiology",1
"buffaloes","tropical climate",1
"cattle","livestock/physiology",1
"goats","livestock/physiology",1
"goats","ruminants/physiology",1
"goats","tropical climate",1
"livestock/physiology","ruminants/physiology",1
"livestock/physiology","sheep",1
"livestock/physiology","tropical climate",1
"ruminants/physiology","sheep",2
"ruminants/physiology","tropical climate",1
"sheep","tropical climate",1
"disease outbreaks/veterinary","pathogens",1
"disease outbreaks/veterinary","remote sensing",1
"disease outbreaks/veterinary","remote sensing technology",1
"ecosystem","influenza in birds/epidemiology",1
"ecosystem","pathogens",1
"influenza in birds/epidemiology","pathogens",1
"influenza in birds/epidemiology","remote sensing",1
"influenza in birds/epidemiology","remote sensing technology",1
"pathogens","remote sensing",1
"pathogens","remote sensing technology",1
"buffalo","cattle",2
"buffalo","estrus detection",1
"buffalo","infrared thermography",1
"cattle","infrared thermography",1
"animal husbandry/methods","bayes theorem",1
"animal husbandry/methods","surveillance",1
"animal husbandry/methods","swine",2
"bayes theorem","surveillance",1
"bayes theorem","swine",1
"animals, wild","food supply",1
"economics","livestock",1
"behavior, animal","conservation of natural resources",1
"behavior, animal","geographic information systems",1
"cattle/physiology","conservation of natural resources",1
"cattle/physiology","geographic information systems",1
"behavior","grazing",1
"grazing","weaning",1
"cattle","oxidative stress",1
"energy metabolism","heat-shock response",1
"energy metabolism","livestock",1
"energy metabolism","oxidative stress",1
"heat-shock response","lactation/physiology",1
"heat-shock response","livestock",1
"heat-shock response","oxidative stress",1
"lactation/physiology","livestock",1
"lactation/physiology","oxidative stress",1
"milk/metabolism","oxidative stress",1
"agriculture/methods","ai",1
"agriculture/methods","machine learning",1
"ai","breeding",1
"breeding","livestock",1
"algorithms","brazil",1
"algorithms","support vector machine",1
"brazil","support vector machine",1
"phenotype","support vector machine",1
"animals, newborn","cattle",1
"animals, newborn","transcriptome",1
"algorithms","environmental pollution/prevention & control",1
"environmental pollution/prevention & control","models, theoretical",1
"animal feed/analysis","cattle diseases/epidemiology",1
"animal feed/analysis","heritability",1
"animal feed/analysis","precision dairy farming",1
"cattle","heritability",1
"cattle diseases/epidemiology","diet/veterinary",1
"cattle diseases/epidemiology","heritability",1
"cattle diseases/epidemiology","precision dairy farming",1
"cattle diseases/epidemiology","weaning",1
"dairying/methods","weaning",1
"diet/veterinary","heritability",1
"diet/veterinary","precision dairy farming",1
"heritability","milk",1
"heritability","precision dairy farming",1
"heritability","weaning",1
"milk","precision dairy farming",1
"precision dairy farming","weaning",1
"cattle","cheese/analysis",1
"cheese/analysis","dairying",1
"cheese/analysis","machine learning",1
"cheese/analysis","milk/chemistry",2
"cheese/analysis","phenotype",1
"cheese/analysis","prediction accuracy",1
"cheese/analysis","pregnancy",1
"dairying","prediction accuracy",1
"prediction accuracy","pregnancy",1
"agriculture/methods","sustainable agriculture",1
"biomass","sustainable agriculture",1
"metabolism","transcriptome",2
"avian proteins/metabolism","lipid metabolism",1
"chickens/physiology","lipid metabolism",1
"dairy cattle","sensors",1
"heat stress","lameness",1
"lameness","sensors",1
"energy efficiency","sustainable development",1
"animal nutritional physiological phenomena/drug effects","dose-response relationship, drug",1
"greenhouse gases","meat quality",1
"greenhouse gases","metabolites",1
"meat quality","metabolites",1
"meat quality","methane",1
"metabolites","methane",1
"chickens/genetics","metabolomics",1
"chickens/genetics","multiomics",1
"chickens/genetics","transcriptome",2
"chickens/genetics","transcriptomics",1
"liver/metabolism","multiomics",1
"liver/metabolism","transcriptomics",1
"metabolomics","multiomics",1
"metabolomics","transcriptomics",2
"multiomics","transcriptomics",1
"attitude","dairy",1
"attitude","innovation",1
"agriculture/methods","economics",1
"agriculture/methods","united kingdom",1
"biodiversity","decision making",1
"biodiversity","economics",1
"biodiversity","united kingdom",1
"conservation of natural resources/methods","decision making",1
"conservation of natural resources/methods","economics",1
"conservation of natural resources/methods","united kingdom",1
"decision making","economics",1
"decision making","united kingdom",1
"economics","united kingdom",1
"animal husbandry/methods","genomics/methods",2
"animal husbandry/methods","multiomics",1
"animal husbandry/methods","ruminants",1
"genomics/methods","ruminants",1
"multiomics","ruminants",1
"bovine","gene expression",1
"bovine","reproduction",1
"cattle","gene expression",1
"gene expression","reproduction",1
"machine learning","milk yield",1
"disease outbreaks/veterinary","public health",1
"breeding","snp",2
"genomics","milk",1
"meat","snp",1
"milk","snp",1
"cattle","grazing management",1
"dairy cow","milk yield",1
"dairy cow","precision farming",1
"dairy cow","udder health",1
"milk yield","precision farming",1
"milk yield","udder health",1
"precision farming","udder health",1
"dairy","simulation",1
"milk","simulation",1
"goat","meat quality",1
"algorithms","animal welfare",2
"animal welfare","neural networks, computer",1
"circular economy","microalgae",1
"environmental sustainability","livestock",1
"environmental sustainability","nutrition",1
"heat stress","multiomics",1
"ai","weaning",1
"algorithms","sheep",2
"algorithms","weaning",1
"machine learning","weaning",1
"sheep","weaning",1
"animal husbandry/methods","surveys and questionnaires",2
"farmers","swine",1
"surveys and questionnaires","swine",1
"mitigation","sustainable development goals",1
"dairy farming","data integration",1
"data integration","sustainability",1
"behaviour","management",1
"behaviour","welfare",1
"genetic diversity","livestock",1
"genetic diversity","meat quality",1
"livestock","meat quality",1
"databases, factual","livestock",1
"animal husbandry","bibliometric analysis",1
"animal husbandry","chickens/physiology",1
"animals","bibliometric analysis",1
"bibliometric analysis","breeding",1
"bibliometric analysis","chickens/physiology",1
"bibliometric analysis","poultry",1
"bibliometrics","breeding",1
"bibliometrics","chickens/physiology",1
"breeding","chickens/physiology",1
"animal husbandry","environmental impact",1
"animal husbandry","satellite imagery",1
"environmental impact","farms",1
"environmental impact","satellite imagery",1
"farms","satellite imagery",1
"livestock","satellite imagery",1
"dairy cattle","feed additives",1
"dairy cattle","polyphenols",1
"modeling","monitoring",1
"ai","mastitis",2
"computer vision","dairy cow",1
"computer vision","mastitis",2
"dairy cow","mastitis",1
"cattle/genetics","rumen/microbiology",1
"genome","methane/metabolism",1
"genome","milk/metabolism",1
"genome","rumen/microbiology",1
"genome","swine/genetics",1
"genome-wide association study","milk/metabolism",1
"genome-wide association study","rumen/microbiology",1
"methane/metabolism","swine/genetics",1
"milk/metabolism","polymorphism, single nucleotide",1
"milk/metabolism","quantitative trait loci",1
"milk/metabolism","rumen/microbiology",1
"milk/metabolism","swine/genetics",1
"phenotype","rumen/microbiology",1
"polymorphism, single nucleotide","rumen/microbiology",1
"quantitative trait loci","rumen/microbiology",1
"quantitative trait loci","swine/genetics",1
"rumen/microbiology","swine/genetics",1
"goat","heat stress",1
"goat","transcriptomics",1
"goats","heat stress",1
"goats","transcriptomics",1
"heat stress","transcriptomics",1
"agroecology","environmental impact",1
"animals","buffalo",1
"buffalo","cattle diseases/epidemiology",1
"buffalo","goats",1
"buffalo","prevalence",1
"buffalo","risk factors",1
"cattle diseases/epidemiology","goats",1
"cattle diseases/epidemiology","sheep",1
"goats","prevalence",1
"prevalence","sheep",1
"animals","fatty acid profile",2
"chickens","fatty acid profile",1
"chickens","meat quality",1
"fatty acid profile","fatty acids",1
"fatty acids","meat quality",1
"adaptation","bovine",1
"adaptation","infrared thermography",1
"adaptation","welfare",1
"bovine","infrared thermography",1
"anti-bacterial agents/pharmacology","sheep",1
"algorithms","cross-sectional studies",1
"algorithms","dairy cows",1
"algorithms","dairying",1
"animal welfare","cross-sectional studies",1
"cross-sectional studies","dairy cows",1
"ai","surveys and questionnaires",1
"ai","video recording",1
"chickens/physiology","surveys and questionnaires",1
"poultry/physiology","surveys and questionnaires",1
"poultry/physiology","video recording",1
"surveys and questionnaires","video recording",1
"poultry","xgboost",1
"biomarkers","transportation",1
"animal feed/analysis","bibliometrics",1
"animal feed/analysis","methane emission",1
"animal nutritional physiological phenomena","bibliometrics",1
"animal nutritional physiological phenomena","methane emission",1
"bibliometrics","cattle",1
"bibliometrics","eating",1
"bibliometrics","genetic improvement",1
"bibliometrics","methane emission",1
"bibliometrics","ruminants/physiology",1
"bibliometrics","sheep",1
"eating","genetic improvement",1
"eating","methane emission",1
"eating","ruminants/physiology",1
"eating","sheep",1
"eating","sustainability",1
"genetic improvement","methane emission",1
"genetic improvement","ruminants/physiology",1
"genetic improvement","sheep",1
"methane emission","ruminants/physiology",1
"methane emission","sheep",1
"methane emission","sustainability",1
"animals","data integration",1
"cattle","data integration",1
"cattle diseases/diagnosis","data integration",1
"dairying","data integration",1
"conservation","heritability",1
"microclimate","physiology",1
"cow","deep learning",1
"cow","heat stress",1
"cow","plf",1
"deep learning","heat stress",1
"chickens/genetics","inflammation",1
"chickens/genetics","oxidative stress",1
"inflammation","oxidative stress",1
"digestibility","methane emissions",1
"digestibility","milk yield",1
"methane emissions","milk yield",1
"agriculture","bibliometrics",1
"agriculture","united states",1
"ai","bibliometrics",1
"ai","united states",1
"accelerometer","animal monitoring",1
"accelerometer","goats",1
"animal monitoring","goats",1
"animal monitoring","machine learning",1
"goats","machine learning",1
"bioinformatics","breeding",1
"bioinformatics","livestock/genetics",1
"bioinformatics","snp",1
"livestock/genetics","snp",1
"chickens","hot temperature",1
"hot temperature","salmonella",1
"machine learning","salmonella",1
"animals, wild","birds",1
"animals, wild","brazil",1
"animals, wild","mammals",1
"animals, wild","meat/analysis",1
"animals, wild","nutritive value",1
"birds","brazil",1
"birds","mammals",1
"birds","meat/analysis",1
"birds","nutritive value",1
"brazil","meat/analysis",1
"brazil","nutritive value",1
"mammals","meat/analysis",1
"mammals","nutritive value",1
"meat/analysis","nutritive value",2
"dairy cow","rumination",1
"energy consumption","plf",1
"algorithms","cattle/physiology",1
"algorithms","pregnancy",1
"animal husbandry/methods","pregnancy",1
"bacteria/genetics","microbiome",1
"bacteria/genetics","soil",1
"bacteria/genetics","united states",1
"microbiome","soil",1
"microbiome","soil microbiology",1
"microbiome","soil/chemistry",1
"microbiome","united states",1
"soil","soil microbiology",1
"soil","soil/chemistry",1
"soil","united states",1
"soil microbiology","united states",1
"soil/chemistry","united states",1
"biosensors","dairy cattle",1
"biosensors","precision dairy farming",1
"dairy cattle","precision dairy farming",1
"animal feed/analysis","temperament",1
"body weight","feeding behavior",1
"body weight","temperament",1
"diet/veterinary","livestock",1
"diet/veterinary","temperament",1
"feeding behavior","livestock",1
"feeding behavior","temperament",1
"livestock","temperament",1
"livestock","weaning",1
"milk","temperament",1
"temperament","weaning",1
"ecosystem","water supply",1
"animals","decision tree",1
"brazil","breeding",1
"brazil","conservation",1
"brazil","decision tree",1
"brazil","multivariate analysis",1
"breeding","conservation",1
"breeding","decision tree",1
"breeding","multivariate analysis",1
"conservation","decision tree",1
"conservation","multivariate analysis",1
"conservation","phenotype",1
"decision tree","multivariate analysis",1
"decision tree","phenotype",1
"multivariate analysis","phenotype",1
"genome-wide association study","selective breeding",1
"genome-wide association study","sheep/genetics",2
"genomics","sheep/genetics",1
"selective breeding","sheep/genetics",1
"animal monitoring","cloud computing",1
"animal monitoring","iot",1
"animal monitoring","livestock",1
"iot","livestock",1
"ai","ammonia",1
"ai","xgboost",1
"ammonia","xgboost",1
"dairy cows","technologies",1
"biodiversity","population dynamics",1
"food","sustainability",1
"dairying/methods","mastitis, bovine/microbiology",1
"dairying/methods","udder health",1
"lactation","mastitis, bovine/microbiology",1
"mastitis, bovine/microbiology","udder health",1
"milk/microbiology","udder health",1
"breeding/methods","cattle/genetics",1
"breeding/methods","dairying/methods",1
"breeding/methods","genetic parameters",1
"breeding/methods","genomics",1
"breeding/methods","heritability",1
"breeding/methods","plf",1
"cattle/genetics","genetic parameters",2
"dairying/methods","genetic parameters",1
"genetic parameters","genomic selection",1
"genetic parameters","genomics",1
"genetic parameters","plf",1
"genomic selection","genomics",1
"genomic selection","heritability",1
"genomic selection","plf",1
"genomics","heritability",1
"heritability","plf",1
"genetic diversity","random forest",1
"apoptosis","cattle/physiology",1
"apoptosis","dairy cattle",1
"apoptosis","gene regulatory networks",1
"apoptosis","lactation/genetics",1
"apoptosis","milk/metabolism",1
"cattle/physiology","gene regulatory networks",1
"dairy cattle","gene regulatory networks",1
"dairy cattle","lactation/genetics",1
"gene regulatory networks","lactation/genetics",1
"gene regulatory networks","milk/metabolism",1
"animals","bacteria/genetics",1
"bacteria/genetics","cattle",1
"animal feed/analysis","milk yield",1
"animal nutritional physiological phenomena","milk yield",1
"cattle/physiology","milk yield",1
"dairying/methods","dietary supplements/analysis",1
"dairying/methods","feed efficiency",1
"diet/veterinary","milk yield",1
"dietary supplements/analysis","feed efficiency",1
"dietary supplements/analysis","lactation/physiology",1
"dietary supplements/analysis","milk yield",1
"dietary supplements/analysis","milk/chemistry",1
"feed efficiency","milk yield",1
"lactation/physiology","milk yield",1
"milk yield","milk/chemistry",1
"disease resistance","sustainability",1
"genetic selection","sustainability",1
"robustness","sustainability",1
"methane","renewable energy",1
"chickens/physiology","ovum",1
"microbiota","ovum",1
"bibliometric analysis","digital livestock transformation",1
"bibliometric analysis","plf",1
"milk production","welfare",1
"hot temperature","housing, animal",1
"hot temperature","plf",1
"humidity","plf",1
"animal welfare","cold stress",1
"animal welfare","infrared thermography",1
"animal welfare","thermal stress",1
"cold stress","infrared thermography",1
"cold stress","poultry",1
"cold stress","thermal stress",1
"heat stress","thermal stress",1
"infrared thermography","poultry",1
"infrared thermography","thermal stress",1
"poultry","thermal stress",1
"breeding/methods","genome-wide association study",1
"breeding/methods","sheep",1
"genome-wide association study","sheep",1
"animals","genetic diversity",2
"breeding","genetic diversity",2
"chickens/genetics","china",1
"chickens/genetics","genetic diversity",2
"chickens/genetics","genome",1
"chickens/genetics","selection, genetic",1
"china","genetic diversity",1
"china","genetic variation",1
"china","selection, genetic",1
"genetic diversity","genetic variation",2
"genetic diversity","genome",1
"genetic diversity","selection, genetic",1
"genome","selection, genetic",1
"animal husbandry/methods","geographic information systems",1
"animal husbandry/methods","remote sensing",1
"animal husbandry/methods","spain",1
"geographic information systems","herbivory",1
"geographic information systems","remote sensing",1
"geographic information systems","seasons",1
"geographic information systems","spain",1
"herbivory","remote sensing",1
"herbivory","spain",1
"remote sensing","seasons",1
"remote sensing","spain",1
"seasons","spain",1
"cattle","lactation/genetics",1
"immunity","lactation",1
"immunity","lactation/genetics",1
"immunity","parity",1
"immunity","pregnancy",1
"lactation","lactation/genetics",1
"lactation","liver",1
"lactation","liver/metabolism",1
"lactation","metabolism",1
"lactation/genetics","liver",1
"lactation/genetics","liver/metabolism",1
"lactation/genetics","metabolism",1
"lactation/genetics","parity",1
"lactation/genetics","transcriptome",1
"liver","metabolism",1
"liver","milk/metabolism",1
"liver","parity",1
"liver","transcriptome",1
"liver/metabolism","metabolism",1
"liver/metabolism","milk/metabolism",1
"liver/metabolism","parity",1
"metabolism","milk/metabolism",1
"metabolism","parity",1
"metabolism","pregnancy",1
"parity","transcriptome",1
"animal husbandry/methods","ventilation",1
"housing, animal","laying hen",1
"housing, animal","welfare",1
"laying hen","seasons",1
"laying hen","temperature",1
"laying hen","ventilation",1
"seasons","ventilation",1
"seasons","welfare",1
"temperature","ventilation",1
"temperature","welfare",1
"ventilation","welfare",1
"genetic diversity","polymorphism, single nucleotide",1
"biomarkers","bos taurus",1
"biomarkers","livestock",1
"bos taurus","livestock",1
"automation","farms",1
"automation","milk",1
"machine learning","poultry diseases/prevention & control",1
"agriculture","internet of things",1
"ai","animal husbandry",1
"ai","internet of things",1
"ai","sensors",1
"animal husbandry","internet of things",1
"animal husbandry","sensors",1
"animal husbandry","technology",1
"animals","internet of things",1
"farms","internet of things",1
"internet of things","livestock",1
"internet of things","sensors",1
"internet of things","technology",1
"amino acids","amino acids/metabolism",1
"amino acids","animals, newborn",1
"amino acids","muscle, skeletal/metabolism",1
"amino acids","pig",1
"amino acids/metabolism","animals, newborn",1
"amino acids/metabolism","pig",1
"amino acids/metabolism","swine",1
"animals, newborn","pig",1
"animals, newborn","swine",1
"muscle, skeletal/metabolism","pig",1
"muscle, skeletal/metabolism","swine",1
"chickens","diagnosis",1
"diagnosis","poultry diseases/diagnosis",1
"diagnosis","prevalence",1
"poultry diseases/diagnosis","prevalence",1
"algorithms","data mining",1
"body weight","data mining",1
"data mining","sheep",1
"automation","body composition",1
"body composition","dairying/methods",1
"animal feed/analysis","heat-shock response",1
"animal nutritional physiological phenomena/drug effects","heat-shock response",1
"animal nutritional physiological phenomena/drug effects","hot temperature",1
"animal nutritional physiological phenomena/drug effects","microalgae",1
"diet/veterinary","heat-shock response",1
"dietary supplements/analysis","heat-shock response",1
"heat-shock response","meat/analysis",1
"heat-shock response","microalgae",1
"heat-shock response","random allocation",1
"hot temperature","meat/analysis",1
"hot temperature","microalgae",1
"microalgae","random allocation",1
"dairying/economics","disease outbreaks/veterinary",1
"dairying/economics","milk/metabolism",1
"disease outbreaks/veterinary","lactation",1
"disease outbreaks/veterinary","milk/metabolism",1
"aquaculture","climate resilience",1
"aquaculture","environmental monitoring/methods",1
"aquaculture","remote sensing technology",1
"aquaculture","soil/chemistry",1
"aquaculture","wetlands",1
"climate resilience","wetlands",1
"remote sensing technology","wetlands",1
"soil/chemistry","wetlands",1
"cattle/genetics","milk composition",1
"dairy cattle","milk composition",1
"dairy cattle","milk proteins/analysis",1
"genome-wide association study","milk composition",1
"genome-wide association study","milk proteins/analysis",1
"genome-wide association study","milk/chemistry",1
"milk composition","milk proteins/analysis",1
"air pollutants/analysis","dairy cattle",1
"air pollutants/analysis","dairying/methods",1
"air pollutants/analysis","machine learning",1
"air pollutants/analysis","methane/metabolism",1
"air pollutants/analysis","modeling",1
"air pollutants/analysis","prediction",1
"cattle","modeling",1
"dairy cattle","modeling",1
"dairy cattle","prediction",1
"dairying/methods","modeling",1
"machine learning","methane/metabolism",1
"machine learning","modeling",1
"methane","modeling",1
"methane","prediction",1
"methane/metabolism","modeling",1
"methane/metabolism","prediction",1
"modeling","prediction",1
"chickens/genetics","genomics/methods",1
"animal feed/analysis","fatty acid profile",1
"animal feed/analysis","italy",1
"animal husbandry/methods","fatty acid profile",1
"animal husbandry/methods","italy",1
"animal husbandry/methods","meat quality",1
"animal husbandry/methods","nutritive value",1
"cattle/physiology","fatty acid profile",1
"cattle/physiology","italy",1
"cattle/physiology","meat quality",1
"cattle/physiology","meat/analysis",1
"cattle/physiology","nutritive value",1
"diet/veterinary","fatty acid profile",1
"diet/veterinary","grassland",1
"diet/veterinary","italy",1
"fatty acid profile","grassland",1
"fatty acid profile","italy",1
"fatty acid profile","meat/analysis",1
"fatty acid profile","nutritive value",1
"grassland","italy",1
"grassland","meat quality",1
"grassland","meat/analysis",1
"grassland","nutritive value",1
"italy","meat quality",1
"italy","meat/analysis",1
"italy","nutritive value",1
"meat quality","nutritive value",1
"gut microbiota","production performance",1
"production performance","ruminants",1
"dairy","kenya",1
"ai","animal production",1
"animal husbandry/methods","education",1
"animal husbandry/methods","simulation",1
"animal nutritional physiological phenomena","animal production",1
"animal nutritional physiological phenomena","education",1
"animal nutritional physiological phenomena","simulation",1
"animal production","education",1
"animal production","livestock/physiology",1
"animal production","machine learning",1
"animal production","simulation",1
"education","livestock/physiology",1
"education","machine learning",1
"livestock/physiology","simulation",1
"carbon sequestration","china",1
"carbon sequestration","ecology",1
"carbon sequestration","forests",1
"carbon sequestration","health",1
"carbon sequestration","policy",1
"carbon sequestration","sustainable agriculture",1
"carbon sequestration","sustainable development",1
"china","ecology",1
"china","environment",1
"china","forests",1
"china","health",1
"china","policy",1
"china","sustainable agriculture",1
"ecology","environment",1
"ecology","forests",1
"ecology","policy",1
"ecology","sustainable agriculture",1
"ecology","sustainable development",1
"environment","forests",1
"forests","health",1
"forests","policy",1
"forests","sustainable agriculture",1
"forests","sustainable development",1
"health","sustainable agriculture",1
"health","sustainable development",1
"policy","sustainable agriculture",1
"policy","sustainable development",1
"sustainable agriculture","sustainable development",1
"agriculture","data management",1
"data management","germany",1
"broiler","chickens/genetics",1
"chickens","eating",1
"chickens","nitrogen",1
"chickens","residual feed intake",1
"chickens","rna-seq",1
"eating","nitrogen",1
"eating","rna-seq",1
"eating","transcriptome",1
"nitrogen","residual feed intake",1
"nitrogen","rna-seq",1
"nitrogen","transcriptome",1
"residual feed intake","rna-seq",1
"residual feed intake","transcriptome",1
"rna-seq","transcriptome",1
"accelerometer","deep learning",1
"behavior, animal","deep learning",1
"behavior, animal","machine learning",1
"deep learning","food handling/methods",1
"deep learning","image processing, computer-assisted/methods",2
"deep learning","meat",1
"food handling/methods","image processing, computer-assisted/methods",1
"food handling/methods","meat",1
"image processing, computer-assisted/methods","meat",1
"manure/analysis","spatio-temporal analysis",1
"spatio-temporal analysis","temperature",1
"air velocity","behavior",1
"bayes theorem","feces/microbiology",1
"bayes theorem","heat-shock response",1
"bayes theorem","microbiota",1
"bayes theorem","random forest",1
"bayes theorem","resilience",1
"feces/microbiology","heat-shock response",1
"feces/microbiology","random forest",1
"feces/microbiology","resilience",1
"heat-shock response","microbiota",1
"heat-shock response","random forest",1
"heat-shock response","resilience",1
"microbiota","random forest",1
"microbiota","resilience",1
"animal feed/analysis","immune response",1
"animal nutritional physiological phenomena/drug effects","broilers",1
"animal nutritional physiological phenomena/drug effects","growth performance",1
"animal nutritional physiological phenomena/drug effects","immune response",1
"broilers","chickens/growth & development",1
"broilers","dietary supplements/analysis",1
"broilers","digestion/drug effects",1
"broilers","growth performance",1
"broilers","immune response",1
"broilers","random allocation",1
"chickens/growth & development","growth performance",1
"chickens/growth & development","immune response",1
"diet/veterinary","immune response",1
"dietary supplements/analysis","growth performance",1
"dietary supplements/analysis","immune response",1
"digestion/drug effects","growth performance",1
"digestion/drug effects","immune response",1
"growth performance","immune response",1
"growth performance","random allocation",1
"immune response","random allocation",1
"animal feed/analysis","housing, animal",1
"animal welfare","dietary supplements/analysis",1
"animal welfare","random allocation",1
"diet/veterinary","housing, animal",1
"dietary supplements/analysis","housing, animal",1
"housing, animal","random allocation",1
"bibliometrics","plf",1
"agriculture/methods","united states",1
"crops, agricultural/growth & development","united states",1
"antioxidants/metabolism","heat stress",1
"avian proteins/metabolism","heat stress",1
"chickens/physiology","heat stress",1
"heat stress","oxidative stress",1
"ai","goats",1
"ai","image processing, computer-assisted/methods",1
"computer vision","dairying/methods",1
"computer vision","goats",1
"dairying/methods","digital livestock transformation",1
"dairying/methods","goats",1
"dairying/methods","image processing, computer-assisted/methods",1
"deep learning","goats",1
"deep learning","mastitis",1
"digital livestock transformation","goats",1
"digital livestock transformation","image processing, computer-assisted/methods",1
"digital livestock transformation","mastitis",1
"goats","image processing, computer-assisted/methods",1
"goats","mastitis",1
"image processing, computer-assisted/methods","mastitis",1
"agriculture/methods","soil microbiology",1
"ecosystem","soil microbiology",1
"growth performance","gut microbiota",1
"dairy cows","metritis",1
"gene expression regulation","innate immunity",1
"gene expression regulation","polymorphism, single nucleotide",1
"innate immunity","polymorphism, single nucleotide",1
"diversity","parity",1
"feed","pigs",1
"animals, wild","biodiversity",1
"animals, wild","ethiopia",1
"animals, wild","forests",1
"animals, wild","grassland",1
"ethiopia","grassland",1
"automation","cheese/analysis",1
"automation","food quality",1
"automation","hydrogen-ion concentration",1
"automation","milk/chemistry",1
"automation","support vector machine",1
"automation","temperature",1
"cheese/analysis","food quality",1
"cheese/analysis","hydrogen-ion concentration",1
"cheese/analysis","support vector machine",1
"cheese/analysis","temperature",1
"food quality","hydrogen-ion concentration",1
"food quality","milk/chemistry",1
"food quality","support vector machine",1
"food quality","temperature",1
"hydrogen-ion concentration","support vector machine",1
"milk/chemistry","support vector machine",1
"milk/chemistry","temperature",1
"support vector machine","temperature",1
"animals","rain",1
"climate resilience","herbivory",1
"grassland","rain",1
"herbivory","methane/analysis",1
"herbivory","rain",1
"livestock","rain",1
"methane/analysis","rain",1
"methane/analysis","soil/chemistry",1
